<?xml version="1.0" ?>
<tei xml:space="preserve">
	<teiHeader>
		<fileDesc xml:id="origin1859234041618617891"/>
	</teiHeader>
	<text xml:lang="en">
		<front>
<lb/>
	Comparative Law Review<lb/>
	<date>15 2013<lb/></date>

	<byline>
	<affiliation>Nicolaus Copernicus University<lb/></affiliation>
	</byline>

	<idno>http://dx.doi.org/10.12775/CLR.2013.008<lb/></idno>

	<byline>
	<docAuthor>Zbigniew Kmieciak <lb/></docAuthor>
	</byline>

	<docTitle>
	<titlePart>THE EFFICIENCY OF ADMINISTRATIVE COURTS<lb/> (IN THE LIGHT OF EUROPEAN<lb/> AND POLISH EXPERIENCES)</titlePart>
	</docTitle>

	Abstract
		</front>
	</text>
</tei>
