<?xml version="1.0" ?>
<tei xml:space="preserve">
	<teiHeader>
		<fileDesc xml:id="-1"/>
	</teiHeader>
	<text xml:lang="en">
			<front>Comparative Law Review <lb/>15 2013 <lb/>Nicolaus Copernicus University <lb/>http://dx.doi.org/10.12775/CLR.2013.008 <lb/>Zbigniew Kmieciak  <lb/>THE EFFICIENCY OF ADMINISTRATIVE COURTS <lb/>(IN THE LIGHT OF EUROPEAN <lb/>AND POLISH EXPERIENCES) <lb/>Abstract <lb/></front>

			<listBibl>In the cassation-type model of administrative jurisdiction, administrative courts in principle <lb/>only investigate the administrative body&apos;s compliance with the law. The main weakness of this <lb/>adjudication model is that the same case is consecutively heard by administrative authorities <lb/>and administrative courts (of various instances), without a final decision being issued. However, <lb/>the stereotype of a court coined in another epoch as a purely cassation-type body must not obscure <lb/>the challenges of our times. A lot has changed in the world since then, and the ever-growing <lb/>dependence of the individual on administration (public service) is its visible symptom. Effective <lb/>protection of the interests of the former now requires the use of more diversified control tools <lb/>affording a remedy sooner and at a lower cost, and, in specific situations, also allowing <lb/>administrative courts to decide cases on their merits. <lb/>Keywords <lb/>Judicial review of administration -efficiency of administrative justice -proceedings before <lb/>administrative courts -cassation-type model of administrative jurisdiction -merits review <lb/> Prof. dr hab. Z. Kmieciak is the head of the Department of Comparative Administrative <lb/>Procedure at the Faculty of Law and Administration of University of Łódź and a judge of the <lb/>Supreme Administrative Court. He is also a member of the Committee of Legal Sciences <lb/>of the Polish Academy of Sciences and author of over 240 law publications -monographs, <lb/>workbooks, studies, commentaries, articles, case comments, and reviews. <lb/>136 | Zbigniew Kmieciak <lb/>I. <lb/>One of the four basic requirements considered by the European <lb/>Committee on Legal Cooperation of the Council of Europe to be an element <lb/>of the right to judicial control of public administration is affording <lb/>an effective remedy. Other requirements that the Committee has placed <lb/>in this group of standards are: 1) an independent and impartial court <lb/>established by an act of parliament, which reviews at least the lawfulness <lb/>of the administrative act, 2) a fair hearing within a reasonable time, 3) fair <lb/>and public proceedings during which the dispute between a natural person <lb/>and an administrative authority is heard 1 . The list above, reflecting <lb/>the principles derived by the European Court of Human Rights in <lb/>Strasbourg (ECHR) from Article 6 sec. 1 of the European Convention on <lb/>Human Rights and Fundamental Freedoms (EC), has taken shape through <lb/>the provisions of the recommendation Rec(2004)20 of the Committee of <lb/>Ministers to Member States of the Council of Europe on the judicial review <lb/>of administrative acts. It links the effectiveness of judicial review with the <lb/>standards of providing the court with appropriate means of redress, <lb/>including the quashing of the disputed administrative act and referring it <lb/>back to the administrative authority to take a new decision that complies <lb/>with the judgement and, where appropriate, decide about compensation <lb/>and ensure effective e x e c u t i o n of the court&apos;s judgement, in compliance <lb/>with the Committee&apos;s recommendation Rec(2003)16 on the execution of <lb/>administrative and judicial decisions in the field of administrative law 2 . <lb/>According to the second of the recommendations referred to above, <lb/>the efficiency of judicial review is identified with both, achieving the <lb/>appropriate result of the review of the act (omission) of an administrative <lb/>authority and getting to a lawful state of affairs, following a court <lb/>judgement arising from the lodged plaint. From the point of view <lb/>of the former aspect, the review is efficient if the court, respecting the <lb/>1 Cf. Council of Europe&apos;s Project Group on Administrative Law, Principles of Administrative <lb/>Law Concerning the Relations Between Administrative Authorities and Private Persons, Strasbourg: <lb/>Council of Europe Pub. 1996, p. 29. <lb/>2 More on this in: J. Chlebny, Standardy Rady Europy i Europejskiego Trybunału Praw Człowieka <lb/>w procedurze administracyjnej i sądowoadministracyjnej [Standards of the Council of Europe and <lb/>of the European Court of Human Rights in Administrative and Administrative Court Procedure], <lb/>[in:] Z. Kmieciak (ed.), Postępowanie administracyjne w Europie [Administrative Procedure <lb/>in Europe], Warszawa: Wolters Kluwer Polska 2010, pp. 31-42. <lb/>137 | The Efficiency of Administrative Courts (in the Light of European and Polish Experiences) <lb/>procedural rules, applies a remedy that is proportionate to the breach of <lb/>law that has occurred, or -if no such breach has been found -dismisses the <lb/>plaint as ungrounded. Depending on the formula of the remedy afforded, <lb/>the judgement may finally decide the case, e.g., by awarding the plaintiff <lb/>compensation, acknowledging the existence of a right or obligation, or by <lb/>injunction stopping the administrative authority from a specified act (full <lb/>remedy action also referred to as contentieux de pleine juridiction). It may, <lb/>however, create premises only for the case to be resolved by the relevant <lb/>administrative authority (action for annulment or contentieux de <lb/>l&apos;annulation) 3 . In a situation that is typical of the Polish system of <lb/>administrative courts, where a judgment acknowledging the legitimacy <lb/>of the plaint creates an interim legal situation (effecting the purpose of the <lb/>review requires a new administrative act) the basic problem is prompt and <lb/>full execution of the judgment. Only if this condition is met, can we talk <lb/>about the external efficiency of the review. This should be distinguished <lb/>from the internal efficiency, associated with satisfying a number of <lb/>standards of court proceedings, set out by the constitution and conventions <lb/>ratified by Poland, before the judgment is passed 4 . Judgments of the Polish <lb/>Constitutional Tribunal do not explicitly treat the efficiency of protection as <lb/>constituent of the right to have one&apos;s case heard by an independent court, <lb/>yet -as highlighted in the literature of the subject -it may be seen as <lb/>derived from one of the constituents of this right, namely the right <lb/>to appropriate court proceedings 5 . <lb/>3 The two co-existing and complementary jurisdiction models are studied especially by <lb/>French and British writers -cf. e.g., R. Chapus, Droit du contentieux administratif, Paris: <lb/>Montchrestien 2001, p. 187 et seq.; J.-C. Ricci, Contentieux administratif, Paris: Hachette 2007, <lb/>p. 41 et seq.; A. Carroll, Constitutional and Administrative Law, Edinburgh 2002, p. 269 et seq., <lb/>329 et seq.; W. Wade, C. Forsyth, Administrative Law, Oxford, New York: Oxford University <lb/>Press 2009, p. 473 et seq. In the context of recours objectif and recours subjectif it is discussed by <lb/>A. J. Bok, Judicial Review of Administrative Decisions by the Dutch Administrative Courts: <lb/>Recours Objectif or Recours Subjectif? A Survey Including French and German Law, <lb/>[in:] F. Stroink, E. van der Linden (eds), Judicial Lawmaking and Administrative Law, Antwerp: <lb/>Intersentia 2005, p. 153 et seq. A survey of solutions applied in Europe is to be found <lb/>in: Council of Europe&apos;s Project Group on Administrative Law, supra note 1, pp. 173-198. <lb/>4 More on this distinction -cf. Z. Kmieciak, Efektywność sądowej kontroli administracji <lb/>publicznej [The Efficiency of the Judicial Control over Public Administration], Państwo i Prawo <lb/>[State and Law] 2010, no. 11, p. 22. <lb/>5 Similarly in, among others: A. Kubiak, Konstytucyjna zasada prawa do sądu w świetle <lb/>orzecznictwa Trybunału Konstytucyjnego [Constitutional Principle of the Right to Court in the Light <lb/>138 | Zbigniew Kmieciak <lb/>II. <lb/>Ensuring the appropriate level of external efficiency of judicial control <lb/>of public administration is, basically, about actions for annulment, and <lb/>decisions are made on the premises of an annulment type of jurisdiction. <lb/>This is a model now prevailing in Europe, which should not obscure the <lb/>fact that the application of protection measures typical of full remedial <lb/>action is on the increase. This can be illustrated by the powers granted <lb/>to Dutch administrative courts under Articles 8.72, 8.73 § 4 and 8.86 of the <lb/>General Administrative Law (Algemene wet bestuursrecht), in force since <lb/>1 January 1994. They may, in justified cases in which the disputed act is <lb/>ex tunc annulled, issue 1) substitute decisions, 2) the so-called accessory <lb/>judgments on compensation related to the loss caused by the challenged <lb/>administrative act, and 3) immediate judgments on the merits of the case 6 . <lb/>The introduction of these measures has been described as furnishing <lb/>the courts with additional powers of redress, raising no doubts whatsoever <lb/>about their connection with judicial review commenced by a plaint <lb/>for annulment of an administrative act 7 . <lb/>Quite another issue is that the lawmakers of many states have allowed <lb/>courts reviewing administrative acts to hear and examine evidence to <lb/>supplement the factual information in the files or to establish relevant facts <lb/>&quot;from scratch&quot;. Evidence from the testimony of the parties, witnesses and <lb/>expert witnesses and from visual inspection is provided for, by among <lb/>of the Consititutional Court&apos;s Case Law], Łódź: Wydawnictwo Uniwersytetu Łódzkiego 2006, <lb/>pp. 70-71. Representative of the trend is the judgment of the Constitutional Tribunal <lb/>of 24.02.2003 (K 28/02) in which it acknowledges that &quot;it is the task of the lawmaker to create <lb/>a normative situation ensuring not only the right to have one&apos;s case heard by an independent <lb/>court but also to have its judgment executed&quot;. <lb/>6 Bok, supra note 3, p. 176. In the Polish literature -cf. Z. Kmieciak, Postępowanie <lb/>administracyjne i sądowoadministracyjne a prawo europejskie [Administrative and Administrative <lb/>Court Proceedings v. European Law], Warszawa: Wolters Kluwer Polska 2010, p. 106. A decision <lb/>mentioned in (1) is possible when there is only one lawful alternative to the disputed act <lb/>or when because of a factual dispute the court conducts proceedings to establish facts; as to <lb/>the Italian system of administrative jurisdiction -see V. Parisio, Concentrazione, garanzia <lb/>e pregiudiziale di annullamento: cenni, [in:] V. Parisio (ed.), I processi amministrativi in Europa tra <lb/>celerità e garanzia, Milano: Giuffre 2009, p. 181 et seq. After the enforcement of Law <lb/>No. 2005/2000, one may notice the concentration of legal claims and actions towards <lb/>administrative courts, while before that time the applicant had to address two different <lb/>judges: the administrative court in order to quash the illegal administrative decision and, <lb/>after that, the civil one, in order to obtain the demanded indemnity. <lb/>7 Bok, supra note 3, p. 176. <lb/>139 | The Efficiency of Administrative Courts (in the Light of European and Polish Experiences) <lb/>others, the legislation of Germany, Finland, Sweden and the Netherlands 8 . <lb/>Another instrument used in the course of the review to provide the court <lb/>with necessary knowledge is additional clarification that the court requires <lb/>from the administrative authority or an entity independent from <lb/>the administration, for instance in the form of an expert&apos;s report. The latter, <lb/>as a form of unbiased position on the case, may be an motive for the parties <lb/>to seek an amicable resolution of their dispute (alternative dispute <lb/>resolution measures) -a fact observed in many countries 9 . <lb/>III. <lb/>In the context of the observations above, the proposition that it is <lb/>possible to maintain a uniform (pure) cassation-type jurisdiction model <lb/>in Europe, like the classic Austro-Hungarian model of the late 19 th century, <lb/>cannot hold up to criticism 10 . Even in Austria itself, the idea seemed to be <lb/>contradicted first by the establishment of independent administrative <lb/>tribunals (Unabhängige Verwaltungssenate in den Ländern), which in a form <lb/>that was typical of administration, performed some of the judicial review <lb/>tasks. At the same time, the Administrative Court (Verwaltungsgerichtshof) <lb/>might decide a complaint about the omission to act by an administrative <lb/>authority on its merits 11 . As a result of the reform of May 2012 the Austrian <lb/>8 Cf. Kmieciak, supra note 6, pp. 158-159; see also A. Skoczylas, Modele uprawnień <lb/>orzeczniczych sądów administracyjnych w Europie [Models of the Adjudicatory Powers <lb/>of Administrative Courts in Europe], Państwo i Prawo [State and Law] 2012, no. 10, p. 25. <lb/>9 To realise the importance of this measure in the French system -especially useful for the <lb/>determination of the appropriate remedy -cf. Chapus, supra note 3, pp. 880-881 and <lb/>O. Gohin, Contentieux administratif, Paris: Litec 2009, pp. 272-273. The alternative dispute <lb/>resolution concept and typology of its implementation are presented by T. Sourdin, <lb/>Alternative Dispute Resolution, Sydney: Lawbook Co. 2002; for disputes between an individual <lb/>and an administrative authority -cf. Z. Kmieciak, Mediacja i koncyliacja w prawie <lb/>administracyjnym [Mediation and Conciliation in Administrative Law], Kraków: Zakamycze 2004, <lb/>p. 129 et seq. <lb/>10 As to the Austrian, cassation-type model of administrative jurisdiction -cf. A. Merkl, <lb/>Allgemeines Verwalungsrecht, Wien, Berlin: Verlag von Julius Springer 1927, p. 375; <lb/>W. Antoniolli, E. Koja, Allgemeines Verwaltungsrecht, Wien: Manz 1996, p. 833; <lb/>C. Grabenwarter, Verwaltungsverfahrensrecht und Verwaltungsgerichtsbarkeit, Wien: Springer <lb/>2011, p. 178. <lb/>11 Cf. D. R. Kijowski, Austria [Austria], [in:] Kmieciak (ed.), supra note 2, pp. 70-76 and 80-81; <lb/>K. Sobieralski, Z problematyki sądownictwa administracyjnego w Austrii [Issues of Administrative <lb/>Judiciary in Austria], Zeszyty Naukowe Sądownictwa Administracyjnego [Administrative <lb/>Courts Scientific Review] 2006, no. 1, p. 173 and J. Łętowski, Austria [Austria], <lb/>140 | Zbigniew Kmieciak <lb/>lawmaker introduced a two-tier system of administrative judiciary and <lb/>empowered the courts to adjudicate on the merits of a case. Besides <lb/>Verwaltungsgerichtshof which has existed since 1876, administrative courts <lb/>of first instance on the states (Länder) level and two administrative courts <lb/>of first instance on federal level: Federal Administrative Court <lb/>(Bundesverwaltungsgericht) and Federal Finance Court (Bundesfinanzgericht) <lb/>have been established (so called 9+2 model) 12 . <lb/>The discussion highlights the need for some of the views on the <lb/>function of judicial review of administrative acts, well-established in the <lb/>tradition of the system, to be revised. This is now given the name <lb/>of Überprüfung and is gaining significance. Judicial control of the <lb/>administration of today -if it is to be efficient -should, apart from <lb/>removing the unlawful act and giving the administrative authority <lb/>a binding instruction on further action to be taken (a clear formulation <lb/>of the necessary and methodologically appropriate instructions), offer <lb/>a greater range of remedies that are suitable for the circumstances of the <lb/>specific case. The shortcomings of the cassation-type model of <lb/>administrative jurisdiction were already seen in Poland many years ago <lb/>and various proposals for its improvement were made 13 . The concept <lb/>of the right to have one&apos;s case heard by an independent court, which has <lb/>[in:] L. Garlicki (ed.), Sądownictwo administracyjne w Europie Zachodniej [Administrative Courts <lb/>in Western Europe], Warszawa: Państwowe Wydawnictwo Naukowe 1990, pp. 170-171. <lb/>The latter of the authors deciding a case on its merits when the plaint, which is about the <lb/>omission to act by an administrative authority, goes beyond the limits of sequentiality and <lb/>cassationality of court judgments and may be tout court qualified as &quot;co-administration&quot;; <lb/>as to interpretative competences of the Administrative Court in this kind of cases <lb/>(Säumnissbeschwerde) -F. Dolp, R. Dolp, Die Verwaltungsgerichtsbarkeit, Wien: O sterreichische <lb/>Staatsdruckerei 1987, p. 55. <lb/>12 Cf. Verwaltungsgerichtsbarkeits-Novelle 2012 (BGBl. I Nr. 51/2012) -the Act adopted by one <lb/>of the two houses of the Austrian parliament (National Council, Nationalrat) has abolished <lb/>previous independent administrative senates and i.a. several other administrative bodies that <lb/>exercised quasi-judicial functions, hearing cases concerning issues such as environment <lb/>(Independent Environment Tribunal, Unabhängiger Umweltsenat), taxes and customs <lb/>(Independent Financial Tribunal, Unabhängiger Finanzsenat) and awards of public contracts <lb/>(Federal Procurement Authority, Bundesvergabeamt) and also a separate Court for Asylum <lb/>Affairs (Asylgerichtshof). <lb/>13 Cf. e.g., J. P. Langrod, Kontrola administracji. Studja [Administrative Control. Studies], <lb/>Warszawa-Kraków: nakładem Ksie garni J. Czerneckiego 1929, p. 160 et seq. and <lb/>P. Kasznica, Polskie prawo administracyjne [Polish Administrative Law], Poznań: Księgarnia <lb/>Akademicka 1946, p. 198. <lb/>141 | The Efficiency of Administrative Courts (in the Light of European and Polish Experiences) <lb/>for years been developing in European case law, provides not only for the <lb/>appropriate proceedings before a judicial body with &quot;full jurisdiction&quot; 14 , <lb/>but also for the proper execution of the delivered judgment. This gives rise <lb/>to understandable questions about the institution of judicial control <lb/>of administration. If we assume that the fulfilment of the latter obligation <lb/>is but a phase of a process that has only seemingly been concluded, <lb/>the problems of securing the protection envisaged in the legislation still <lb/>remain 15 , not to mention the legal consequences of defaulting on the <lb/>directive of &quot;reasonable time&quot; within which the case should be decided, <lb/>should a plaint be lodged with the ECHR. <lb/>IV. <lb/>The development of the Polish law on judicial control proceedings <lb/>shows that the lawmakers, aware of the difficulties in ensuring the <lb/>appropriate efficiency of the reviews, have gradually enlarged the range <lb/>of available measures, which are meant to curtail or mitigate <lb/>the deficiencies of the cassation-type jurisdiction. Examining the situation <lb/>before the Second World War, W. Sawczyn recalls that &quot;there was fairly <lb/>common awareness of the inefficiency of judicial control of administrative <lb/>acts, and consequently, various efforts were made to remedy the <lb/>situation&quot; 16 . The ideas then advanced, also by representatives of the legal <lb/>14 This term and the notion of an &quot;effective judicial review&quot;, were used by the ECHR in its <lb/>judgment of 28.06.1990 (application no. 11761/85) on the widely-known Obermeier v. Austria <lb/>case. <lb/>15 This is the case with many ECHR judgments, among others of 16.12.2008 (application <lb/>no. 42619/04) Vlahović v. Serbia and of 6.04.2010 (application no. 35852/04) Ursan v. Romania. <lb/>The Court expressed its stance that the execution of a binding court judgment should be <lb/>viewed as &quot;an integral part of the trial&quot; under Article 6 of EC. Also in the literature of <lb/>the subject, acts of an administrative authority pursuant to a judgment recognising the claim <lb/>as legitimate are regarded as &quot;a phase of the process&quot; -cf. e.g., B. J. Schueler, Settling <lb/>of Disputes in Administrative Law in the Netherlands, [in:] Y. Zhang (ed.), Comparative Studies on <lb/>the Judicial Review System in East and Southeast Asia, The Hague-London-Boston: Kluwer Law <lb/>International 1997, p. 234; Ch. P. Moukiou, European Convention of Human Rights and Greek <lb/>Public Law, [in:] V. Parisio (ed.), Diritti interni, diritto comunitario e principi sovranazionali, <lb/>Milano: Giuffre 2009, p. 230 and D. J. Harris, M. O&apos;Boyle, E. P. Bates, C. M. Buckley, Law <lb/>of the European Convention on Human Rights, Oxford-New York: Oxford University Press 2009, <lb/>pp. 228-229. <lb/>16 W. Sawczyn, Środki dyscyplinowania administracji publicznej w prawie o postępowaniu przed <lb/>sądami administracyjnymi [The Disciplinary Measures of Public Administration in Law <lb/>on Proceedings before Administrative Courts], Warszawa: Wydawnictwo C. H. Beck 2010, p. 60. <lb/>142 | Zbigniew Kmieciak <lb/>doctrine, failed to materialise. The young democracy, for pragmatic reasons <lb/>using available legal solutions, did not have the right conditions to make <lb/>that happen. The meeting of other standards, today associated with <lb/>internal efficiency requirements, was then considered to be a problem <lb/>of greater importance -in particular finding a way to deal with <lb/>the lengthiness of proceedings before the Supreme Administrative <lb/>Tribunal 17 . <lb/>When administrative jurisdiction was restored in 1980, there was only <lb/>one measure available to them in response to administrative malfunction <lb/>or omission -that of s i g n a l l i n g the fact that an administrative act <lb/>on which the decision had been based was inconsistent with or in breach <lb/>of the relevant law. The 11 May 1995 -Law on the Supreme Administrative <lb/>Court 18 introduced a system of sanctions to discipline the administration <lb/>as a way of ensuring that administrative authorities would perform <lb/>the duties specified in the course of judicial review or resulting from court <lb/>judgments. The sanctions were also to have a preventive and compensatory <lb/>function. The system, with some minor modifications, was taken over <lb/>by the provisions of the 30 August 2002 -Law on Proceedings before <lb/>Administrative Courts (p.a.c.) 19 . <lb/>Among others, the system includes: 1) a fine for not executing <lb/>the judgement acknowledging the legitimacy of the plaint about refusal <lb/>to act by administrative authority, or if the authority refuses to act after the <lb/>court annuls an administrative act or declares it null and void, 2) the ruling <lb/>-in addition to the fine -on the existence or non-existence of a right <lb/>or obligation, if this is allowed by the nature of the case and non-litigious <lb/>circumstances of its factual and legal status, 3) notification of the relevant <lb/>body about the qualified breach of law discovered by the court, including <lb/>gross neglect of not making the complaint, the relevant documentation and <lb/>the authority&apos;s reply available to the court and about the circumstances <lb/>affecting such breach of law. <lb/>Provisions of Article 154 § 4-5 of p.a.c. stipulate that the person <lb/>aggrieved by the non-execution of the judgment may claim compensation <lb/>17 Ibid., p. 63. <lb/>18 Dz. U. [Journal of Laws] No. 74, item 368, lapsed -Dz. U. [Journal of Laws] 2002, No. 153, <lb/>item 1271. <lb/>19 Dz. U. [Journal of Laws] No. 153, item 1270, with changes. <lb/>143 | The Efficiency of Administrative Courts (in the Light of European and Polish Experiences) <lb/>from the authority guilty of omission under the rules defined in the Civil <lb/>Code. This is supplemented by the possibility of seeking compensation, <lb/>provided for by Article 287 of p.a.c., if the court: 1) has overruled <lb/>the decision appealed against and the authority to whom the case is <lb/>referred back dismisses it, 2) has declared the act invalid or found a legal <lb/>impediment to declaring such invalidity. Compensation is payable by <lb/>the authority that issued the decision (act). Under the former regime, <lb/>compensation may be claimed if a loss has occurred as a result of <lb/>the n o n f e a s a n c e of the administrative authority in the form of <lb/>non-execution of the judgment of the court. The regulation introduced <lb/>by Article 287 of p.a.c. applies when the loss is related to the l e g a l <lb/>s t a t u s arising from declaring a decision invalid by the court or finding an <lb/>impediment to making the sanction work. The liability of the <lb/>administrative authority in this case does not depend on its unlawful <lb/>conduct, which can always be assigned to it should it have failed to execute <lb/>the decision of the court 20 . The protection extended by Article 287 of p.a.c. <lb/>is meant to offset the effects of the cassation-type judgment of the <lb/>administrative court, which for objective reasons cannot be executed. <lb/>V. <lb/>Of the measures mentioned above and designed to strengthen the <lb/>effectiveness of judicial control of public administration it is the possibility <lb/>of deciding a case on its merits stipulated by Article 154 § 2 of p.a.c., that <lb/>arouses the greatest controversies. An opinion is frequently voiced that <lb/>a ruling about the existence or non-existence of a right or an obligation <lb/>stipulated by the said article &quot;remains a ruling about the effects <lb/>of breaching the law by an administrative authority&quot;. This is because <lb/>the court passes its ruling &quot;in a situation which, in a way, is the recidivism <lb/>of the administrative authority -its first breach caused the plaint to be <lb/>filed with the court, while the second breach was in ignoring <lb/>the administrative court judgment&quot; 21 . It should also be remembered that <lb/>the subjective scope for the court to decide a case &quot;on its merits&quot; is <lb/>relatively narrow. According to the judgment of the Regional <lb/>20 Kmieciak, supra note 4, p. 27. <lb/>21 Sawczyn, supra note 16, p. 177. <lb/>144 | Zbigniew Kmieciak <lb/>Administrative Court in Warsaw of 5 August 2010 (I SA/Wa 38/10), <lb/>&quot;In principle, the administrative court may not take over an administrative <lb/>matter and decide it directly&quot;. The opinion of this particular court is that <lb/>Article 154 § 2 of p.a.c., which is an exception to this rule, only applies <lb/>when instead of an administrative decision or ruling, an act or action <lb/>concerning the right or obligations ensuing from provisions of the law has <lb/>been taken. This is a position shared by many representatives of the legal <lb/>doctrine. Unfortunately, the stipulation discussed here remains &quot;dead&quot; <lb/>(is hardly used in practice). <lb/>The judgment issued under Article 146 § 2 of p.a.c. can be classified <lb/>as a variant of &quot;deciding a case on its merits&quot;. This provision is sporadically <lb/>applied by administrative courts. Under this article, if the case has been <lb/>brought not against an administrative decision or ruling, but against an act <lb/>or action concerning the right or obligations ensuing from provisions of the <lb/>law (often referred to as physical act), the court in its judgment may <lb/>acknowledge the legitimacy of such right or obligation. For instance, <lb/>the judgment of the Regional Administrative Court in Białystok of <lb/>26 January 2010 (II SA/Bk 699/09) pronounces the invalidity of the refusal <lb/>to return part of the fee for the issue of a vehicle ID and recognises the right <lb/>of the plaintiff to recover the money. In the judgments on identical cases <lb/>heard by Polish regional administrative courts in Olsztyn -26 August 2010 <lb/>(II SA/01 450/09) and in Gdańsk -9 September 2010 (III SA/Gd 289/10), <lb/>the invalidity of disputed administrative acts was tied to the <lb/>acknowledgment of the obligation of the administrative authorities to <lb/>return the sums unduly charged. The acknowledgment in the judgment <lb/>quashing an act or pronouncing its invalidity as to the rights or obligations <lb/>ensuing from provisions of the law may be interpreted as affording the <lb/>plaintiff an effective remedy by a ruling of a declaratory nature, similar <lb/>to declaratory judgment in the systems of common law 22 . Using this <lb/>remedy is meant to describe (confirm as binding) the legal status <lb/>of the plaintiff, however without direct sanction against the defendant -<lb/>22 Z. Kmieciak, Czy sądy administracyjne stosują przepisy prawa materialnego? [Do Administrative <lb/>Courts Apply Material Law?], Zeszyty Naukowe Sądownictwa Administracyjnego <lb/>[Administrative Courts Scientific Review] 2011, no. 2, p. 14. <lb/>145 | The Efficiency of Administrative Courts (in the Light of European and Polish Experiences) <lb/>a public authority 23 . On the basis of such court judgment, the plaintiff may <lb/>effectively exercise his/her rights or obligations within strictly defined <lb/>legal boundaries. <lb/>Sporadic opinions expressing doubts about the wisdom of granting <lb/>administrative courts the powers (very limited indeed) to decide the case <lb/>on its merits seem to be evidence of a rigid clinging to the idea that the <lb/>judiciary and the administration are separate powers. According to <lb/>S. Jansen, the balance between the two would actually be upset if the <lb/>judiciary were deprived of a greater influence on the other power. Hence, <lb/>in his opinion, in order to afford full protection to those who need it, <lb/>the administrative courts must get more involved in administrative action <lb/>and engage in effective and conclusive dispute settlement 24 . <lb/>VI. <lb/>While appreciating the importance of the additional, multi-function <lb/>remedies outlined above, we must remember that the external <lb/>effectiveness of the judicial control of administration exercised as an action <lb/>for annulment mainly depends on the mode adopted to settle the dispute, <lb/>including the formula of judgements and instructions for further action, <lb/>provided in the written justification of the judgment allowing <lb/>the complaint. The solutions presented in section (2) above, shaped <lb/>by the Dutch General Administrative Law, undoubtedly indicate <lb/>the efforts to harmonise the requirements of cassation-type judgements <lb/>made by administrative courts with the need to afford an effective remedy <lb/>to the plaintiff, devoid of excessive burden and respecting the directive <lb/>on &quot;reasonable time&quot; of the settlement of the dispute, derived from <lb/>Article 6 sec. 1 of EC. <lb/>The Dutch lawmaker, for a long time trying hard to greatly reform <lb/>the rather complex system of administrative courts, gave the competences <lb/>23 Cf. Z. Kmieciak, Zjednoczone Królestwo [United Kingdom], [in:] Kmieciak (ed.), supra note 2, <lb/>p. 433. <lb/>24 S. Jansen, Towards an Adjustment of the Trias Politica: The Administrative Courts as <lb/>(Procedural) Lawmaker; A Study of the Influence of the European Human Rights Convention <lb/>and the Case Law by the European Court of Human Rights on the Trias Politica, in Particular <lb/>the Position of Dutch Administrative Courts in Relation to the Administration, [in:] Stroink, <lb/>van der Linden (eds), supra note 3, p. 54. The author underlined, &quot;that Article 6 ECHR <lb/>not only prescribes effective access to a court, but also access to an effective court!&quot; (p. 55). <lb/>146 | Zbigniew Kmieciak <lb/>to the courts to apply the construction of &quot;administrative loop&quot; (bestuurlijke <lb/>lus) in some types of disputes. Technically speaking, the use of this <lb/>construction means that the court issues an interlocutory j u d g m e n t . <lb/>It has its equivalents in other legal systems, e.g. in France (jugement d&apos;avant <lb/>dire droit) and in Germany (Zwischenurteil). The issue of an &quot;administrative <lb/>loop&quot;, or the power to rectify the legality of an administrative decision was <lb/>considered in detail in the seminar organised by the Association of <lb/>the Councils of State and Supreme Administrative Jurisdictions of the <lb/>European Union with the collaboration of the Council of State of Belgium <lb/>(Brussels, 1-2 March 2012). The two following issues were the subject <lb/>of the seminar as well: 1) power to award compensation and action <lb/>for annulment, 2) the effectiveness of enforcement of the rulings <lb/>of administrative courts (power of injunction) 25 . <lb/>Without going into details of individual varieties of &quot;administrative <lb/>loop&quot;, we can say that using this measure assumes the suspension <lb/>of judicial procedure until a competent administrative body submits <lb/>a modified draft decision taken with due regard to the findings of the court <lb/>thus far 26 . The interlocutory judgment indicates insofar as possible how <lb/>to rectify the infringement. In this case, the administrative body must <lb/>inform the court as soon as possible whether it intends to take up the <lb/>option, offered by the court, of rectifying the infringement or having <lb/>it rectified. Where the administrative body accedes to the request to rectify <lb/>the infringement, it shall indicate in writing as soon as possible how it is <lb/>going to rectify it. The parties may, within a set period following said <lb/>written notification being sent, indicate their attitude to rectification <lb/>of the infringement. A final judgment shall be handed down upon the first <lb/>appeal against the flawed administrative decision that has been (or has not <lb/>been) rectified 27 . The prerequisite for starting the procedure in question, <lb/>25 Cf. Y. Kreins, From the Secretary-General&apos;s Desk, [in:] ACA-Europe -Newsletter, 09.2012, <lb/>no. 28, p. 3, see also statement of J.-M. Sauvé, Introduction, p. 5: &quot;the aims of this seminar are <lb/>to better understand the powers possessed by European administrative courts, to compare <lb/>them, and to draw conclusions from this study as to the effectiveness of court rulings&quot;. <lb/>26 Bok, supra note 3, p. 177 and Jansen, supra note 24, p. 47. <lb/>27 Increasing the Efficiency of the Supreme Administrative Court&apos;s Powers -Questionnaire, <lb/>ACA-Europe, 1-2.03.2012, Brussels, p. 1; see also Polish report -Z. Kmieciak, Wzmocnienie <lb/>kompetencji najwyższych sądów administracyjnych i jego wpływ na efektywność orzecznictwa <lb/>[The Strengthening of the Competences of the Highest Adminsitrative Courts and Its Influence <lb/>147 | The Efficiency of Administrative Courts (in the Light of European and Polish Experiences) <lb/>giving greater certainty about the result of the proceedings and speeding <lb/>up the settlement of the case, is the court&apos;s statement that the disputed <lb/>decision is voidable. It is useful when there is no possibility of making <lb/>factual findings within judicial procedure (e.g. making calculations <lb/>relevant for the content of future settlement), as well as the fact that courts <lb/>are reluctant to interfere with administrative policies 28 . <lb/>According to G. ten Berge and P. Langbroek, the main advantage of <lb/>the solution under discussion is the fact that the interlocutory judgment <lb/>contains &quot;specific instructions&quot; which in a sense determine the scope of <lb/>lawful acts of an administrative authority, which must take into account <lb/>the inevitable verification of the draft decision in further judicial review 29 . <lb/>They also point out that, in the present regulatory environment, <lb/>an administrative authority can remove any shortcomings of the act in the <lb/>course of procedures initiated by an appeal (on general terms) lodged with <lb/>an administrative court only under the institution autorevision provided <lb/>for in Article 6:18 of the General Administrative Law. In their opinion, <lb/>the institution of autorevision would be more effective if the impulse <lb/>for &quot;repair&quot; procedures were instructions given by the court as a result <lb/>of commencing an &quot;administrative loop&quot; 30 . Also A. J. Bok thought it right <lb/>to introduce the construct of interlocutory judgment into the legislation, <lb/>as leading to a more simple, intelligible and accessible formula for the <lb/>protection of the plaintiff&apos;s interests 31 . <lb/>VII. <lb/>Solutions based on the idea of an &quot;administrative loop&quot; (allowing -in <lb/>circumstances of appropriate factual and legal status of the case -the issue <lb/>on the Effectiveness of Jurisprudence], Zeszyty Naukowe Sądownictwa Administracyjnego <lb/>[Administrative Courts Scientific Review] 2012, no. 4, pp. 165-175. <lb/>28 Jansen, supra note 24, p. 47. <lb/>29 G. ten Berge, P. Langbroek, Towards Integrated Lawmaking by Administrative Courts <lb/>and Public Authorities. On Instruments and Possibilities for Constructive Integration Between <lb/>the Administration and the Administrative Courts in Relation to Administrative Decision Making, <lb/>Administrative Objection and Appeal, [in:] Stroink, van der Linden (eds), supra note 3, p. 263. <lb/>30 Ibid., pp. 263-264. <lb/>31 Bok, supra note 3, p. 177. The issue of an &quot;administrative loop&quot; was discussed in details <lb/>by B. J. Schueler, Vernietigen en opnieuw voorzien, Utrecht, Zwolle: W.E.J. Tjeenk Willink 1994 <lb/>and B. J. van Ettekoven, Alternatieven van er voor de bestuursrechter, VAR-preadviezen 2001, <lb/>Den Haag: Boom Juridische uitgevers 2001. <lb/>148 | Zbigniew Kmieciak <lb/>of interlocutory judgments) could probably be applicable in Poland, too. <lb/>I think using this kind of tool should be taken into consideration, <lb/>particularly in cases whose settlement by public administrative authorities <lb/>takes a very long time, thus exposing the plaintiffs to inconvenience and <lb/>hardship, disproportionate to the scale of the problem. Obviously, <lb/>the question arises whether the legislators (if they appreciate the value of <lb/>the institution) will dare to give the courts enough discretion to use it. <lb/>The alternative to this construction would a court order for the <lb/>competent administrative authority to issue an administrative act of a <lb/>predefined content (giving specific rights or imposing specific obligations), <lb/>or even the court&apos;s decision &quot;on the merits&quot; replacing the annulled act. <lb/>The external efficiency of control exercised by administrative courts <lb/>according to classic models of cassation decisions is also -as has been <lb/>mentioned before -a derivative of the way of instructing administrative <lb/>authorities on further action when a complaint has been allowed. <lb/>The lengthiness of judgment execution and execution inconsistent with the <lb/>intent of the court (usually leading to another complaint) do not always <lb/>have their source in the reluctance to accept the results of the judicial <lb/>review. They can also result from faulty formulation of legal appraisal <lb/>and instructions (recommendations) on further proceedings before an <lb/>administrative authority, contained in the justification of the judgment, <lb/>and binding -in accordance with Article 153 of p.a.c. -for the court and <lb/>the authority whose act or omission to act were the subject of the plaint. <lb/>Certainly, there must be a reason why cassation appeals of administrative <lb/>authorities against first instance judicial review decisions often make <lb/>charges about vague, too general, factually inconsistent, or unfeasible <lb/>recommendations (instructions), or even lack of recommendations <lb/>in judgment justifications. A survey of the decisions of the Supreme <lb/>Administrative Court provides a number of instances of such errors. <lb/>Its judgment of 15 July 2010 (II FSK 467/09) states that the lack <lb/>of recommendations concerning further action merely created &quot;an illusion <lb/>of efficiency of the review&quot;. In its judgment of 10 January 2012 <lb/>(II FSK 1308/10), the Supreme Administrative Court states that the <lb/>administrative authority is given &quot;conflicting instructions&quot;. <lb/>While drafting the provisions of Article 141 § 4 in fine and Article 153 <lb/>of p.a.c., the lawmaker showed great restraint in defining model <lb/>149 | The Efficiency of Administrative Courts (in the Light of European and Polish Experiences) <lb/>instructions for administrative authorities. The instructions were simply <lb/>defined as &quot;indications&quot;, with a focus on an inseparable relationship <lb/>between the instruction part and the judicial appraisal in the justification of <lb/>the judgment. The judicial appraisal creates grounds for the establishment <lb/>of directives for conduct of the administrative authority, which determine <lb/>its obligations in the case. Naturally, there are limits to statutory <lb/>formalisation of the contents of judicial instructions. In my opinion, <lb/>a sensible lawmaker should allow the core of the issue to be moved from <lb/>legislation to j u d i c i a l p r a c t i c e . Only judicial practice can create <lb/>optimal recommendation techniques, escaping procedural rigidity, <lb/>and respecting the long-standing experience of administrative courts. <lb/>It can be assumed that the instructions in the meaning of Article 141 § 4 <lb/>of p.a.c. are &quot;hidden&quot; or weaker forms of injunction 32 . <lb/>VIII. <lb/>In the cassation-type model of administrative jurisdiction, <lb/>administrative courts in principle only investigate the administrative <lb/>body&apos;s compliance with the law. The main weakness of this adjudication <lb/>model is that the same case is consecutively heard by administrative <lb/>authorities and administrative courts (of various instances), without a final <lb/>decision being issued 33 . The discussion above makes us aware of the need <lb/>to debunk certain myths that still persist in some European countries and <lb/>result from an erroneous understanding of the concept of judicial review <lb/>of administrative acts (or omissions), and the principle of separation <lb/>of powers in a Democratic State of Law. The stereotype of a court coined <lb/>in another epoch as a purely cassation-type body must not obscure <lb/>the challenges of our times. A lot has changed in the world since then, and <lb/>the ever-growing dependence of an individual on administration (public <lb/>service) is its visible symptom. Effective protection of the interests of the <lb/>32 Cf. Kmieciak, supra note 27, p. 172; as to power of injunction -generally: <lb/>B. A. Garner (ed.), Black&apos;s Law Dictionary, St. Paul, Minn.: Thomson/West 2004, p. 800 and <lb/>Increasing the Efficiency of the Supreme Administrative Court&apos;s Powers -Questionnaire, <lb/>ACA-Europe, 1-2.03.2012, Brussels, pp. 3-5; in English law -Wade, Forsyth, supra note 3, <lb/>p. 474 et seq.; in French law (l&apos;injonction) -Gohin, supra note 9, p. 359 et seq. <lb/>33 Cf. Skoczylas, supra note 8, p. 30 and Z. Kmieciak, Instancyjność postępowania <lb/>administracyjnego w świetle Konstytucji RP [The Principle of Instances in Administrative Procedure <lb/>in the Light of the Polish Constitution], Państwo i Prawo [State and Law] 2012, no. 5, pp. 3-5. <lb/>150 | Zbigniew Kmieciak <lb/>former now requires the use of more diversified control tools affording <lb/>a remedy sooner and at a lower cost, and, in specific situations, also <lb/>allowing administrative courts to decide cases on their merits 34 . In this <lb/>context we should look for an answer to the question of R. Walter: <lb/>Kassatorische oder reformatorische Entscheidung 35 . <lb/>In the Polish system of law the administrative courts do not possess <lb/>the means to rectify a flawed decision similar to the &quot;administrative loop&quot; <lb/>concept prescribed by Dutch law. The power to quash a decision which <lb/>gives doubts to its legality is generally considered a sufficient measure <lb/>of judicial review. Many scholars point out that the present system <lb/>applicable in Poland is incomplete 36 . It seems that introduction of a means <lb/>similar to an &quot;administrative loop&quot; would be beneficial in improving <lb/>the effectiveness of judicial review, especially in &quot;hard cases&quot;. However, <lb/>there is a certain plan to introduce such measure in the nearest future. <lb/>The proposed modifications of the proceedings before administrative <lb/>courts aim at the creation of solutions which make it possible -as long as <lb/>the appeal is successful -to annul the decision appealed against <lb/>or to declare it invalid and to impose a manner of handling or settling <lb/>the case on the administrative authority. <lb/>34 See also two reports: Efficient, high-quality administrative justice/Une justice administrative <lb/>efficace et de qualité, and The EU Justice Scoreboard: a Tool to Promote Effective Justice and Growth, <lb/>[in:] Seminar held under the auspices of the Council of State of France and ACA-Europe, Paris <lb/>26-28.05.2013, p. 1 et seq. In its Annual Growth Survey 2013 -COM(2012) 750 final, <lb/>the European Commission has highlighted the importance of improving the quality, <lb/>independence and efficiency of national judicial systems. The second report indicates: <lb/>&quot;Before formulating Country Specific Recommendations in this area, there is a need for <lb/>a systematic overview of the functioning of justice systems in all Member States, one that <lb/>takes fully into account the different national legal traditions. Objective, reliable, and <lb/>comparable data are necessary to support the justice reforms engaged for a renewed growth&quot; <lb/>(p. 2). <lb/>35 Cf. R. Walter, Kassatorische oder reformatorische Entscheidung?, [in:] F. Lehne, E. Loebenstein, <lb/>B. Schimetschek (ed.), Die Entwicklung der österreichischen Verwaltungsgerichtsbarkeit, <lb/>Wien, New York: Springer-Verlag 1976, pp. 392-393. <lb/>36 Cf. e.g., Kmieciak, supra note 4, p. 34; Skoczylas, supra note 8, p. 32 and M. Bogusz, <lb/>Uwagi na tle przepisu art. 154 § 2 -Prawo o postępowaniu przed sądami administracyjnymi <lb/>[Remarks on the Art. 154 § 2 of the Law on Procedure Before the Administrative Courts], [in:] <lb/>D. R. Kijowski, A. Miruć, A. Suławko-Karetko (eds), Jakość prawa administracyjnego [Quality <lb/>of Adminsitrative Law], Warszawa: Lex a Wolters Kluwer business 2012, p. 160. </listBibl>


	</text>
</tei>
