<?xml version="1.0" ?>
<TEI xml:space="preserve" xmlns="http://www.tei-c.org/ns/1.0" xmlns:xlink="http://www.w3.org/1999/xlink" 
 xmlns:mml="http://www.w3.org/1998/Math/MathML">
	<teiHeader>
		<fileDesc>
			<sourceDesc>
				<biblStruct>
					<analytic>


						<author>| <surname>Zbigniew Kmieciak</surname> <forename>I</forename></author>

						<author><surname>Cf</surname></author>

						<author><forename>J</forename>. <surname>Chlebny</surname></author>

						<author><forename>R</forename>. <surname>Chapus</surname></author>

						<author><forename>Z</forename>. <surname>Kmieciak</surname></author>

						<author><surname>Bok</surname> <forename>;</forename> <middlename>Z</middlename>. <surname>Kmieciak</surname></author>

						<author><forename>Bok</forename></author>

						<author><surname>Cf</surname>. <surname>Kmieciak</surname></author>

						<author><forename>O</forename>. <surname>Gohin</surname>, <forename>Contentieux</forename> <surname>administratif</surname></author>

						<author><forename>W</forename>. <surname>Antoniolli</surname>, <forename>E</forename>. <surname>Koja</surname>, <forename>Allgemeines</forename> <surname>Verwaltungsrecht</surname></author>

						<author><forename>C</forename>. <surname>Grabenwarter</surname>, <surname>Verwaltungsverfahrensrecht</surname> und <surname>Verwaltungsgerichtsbarkeit</surname></author>

						<author><surname>Cf</surname>. <middlename>D</middlename>. <middlename>R</middlename>. <surname>Kijowski</surname>, <forename>Austria</forename></author>

						<author><forename>K</forename>. <surname>Sobieralski</surname>, Z problematyki sądownictwa administracyjnego w <surname>Austrii</surname> <forename>;</forename> <middlename>J</middlename>. <surname>Łętowski</surname></author>

						<author><surname>Cf</surname>. <surname>Verwaltungsgerichtsbarkeits-Novelle</surname></author>

						<author><surname>Cf</surname>. <middlename>e</middlename>.g., <forename>J</forename>. <middlename>P</middlename>. <surname>Langrod</surname>, <forename>Kontrola</forename> <surname>administracji</surname></author>

						<author><surname>IV</surname></author>

						<author><forename>W</forename>. <surname>Sawczyn ; Wydawnictwo</surname> <forename>C</forename>. <middlename>H</middlename>. <surname>Beck</surname></author>

						<author><surname>Dz</surname>. <middlename>U</middlename></author>

						<author><surname>Dz</surname>. <middlename>U</middlename></author>

						<author><forename>V</forename>.</author>

						<author><surname>Kmieciak</surname></author>

						<author><surname>Sawczyn</surname></author>

						<author>| <surname>Zbigniew</surname> <forename>Kmieciak</forename> <surname>Administrative</surname></author>

						<author><forename>Z</forename>. <surname>Kmieciak</surname></author>

						<author><surname>VI</surname></author>

						<author><surname>Cf</surname>. <middlename>Z</middlename>. <surname>Kmieciak</surname>, <forename>Zjednoczone</forename> <surname>Królestwo</surname></author>

						<author><forename>S</forename>. <surname>Jansen</surname></author>

						<author><surname>Bok</surname> <forename>;</forename> <middlename>Z</middlename>. <surname>Kmieciak</surname></author>

						<author><surname>VII</surname></author>

						<author><surname>Jansen</surname></author>

						<author><forename>G</forename>. ten <surname>Berge</surname>, <forename>P</forename>. <surname>Langbroek</surname></author>

						<author><surname>Ibid</surname>.</author>

						<author><forename>Bok</forename></author>

						<author>| <surname>Zbigniew</surname></author>

						<author><surname>VIII</surname></author>

						<author><surname>Cf</surname>. <surname>Skoczylas</surname> ; <forename>Z</forename>. <surname>Kmieciak</surname></author>

						<author>| <surname>Zbigniew</surname></author>

						<author><surname>Cf</surname>. <middlename>R</middlename>. <surname>Walter</surname> ; <forename>F</forename>. <surname>Lehne</surname>, <forename>E</forename>. <surname>Loebenstein</surname></author>

						<author><surname>Cf</surname>. <middlename>e</middlename>.<middlename>g</middlename>., <surname>Kmieciak</surname> <forename>;</forename> <middlename>M</middlename>. <surname>Bogusz</surname></author>

						<author><forename>R</forename>. <surname>Kijowski</surname></author>

					</analytic>
				</biblStruct>
			</sourceDesc>
		</fileDesc>
	</teiHeader>
</TEI>
