<?xml version="1.0" ?>
<tei xml:space="preserve">
	<teiHeader/>
	<text xml:lang="en">
			<p>acta Universitatis Wratislaviensis no 4187<lb/> PraWo c ccX X X V ii<lb/> Wrocław 2023<lb/> https://doi.org/10.19195/0524-4544.337.9<lb/> renata kUsiak-Winter<lb/> orcid: 0000-0002-8202-1360<lb/></p>

			<p>University of Wrocław<lb/> the evolution<lb/> of the european Union&apos;s energy policy<lb/> Abstract: the main objective of this article is to present the evolution of the eU energy policy with<lb/> particular reference to its legal conditions. it will present the directions of the changes in the eU<lb/> legal regulations in recent decades in order. central to this is an attempt to answer the question of<lb/> whether the european Union&apos;s ambitious goal to achieve climate neutrality by 2050, as proclaimed<lb/> in the european green deal, should be viewed in terms of a continuation of the eU&apos;s earlier energy<lb/> policy, or perhaps more in terms of a kind of &quot;revolution&quot;, imposing the introduction of systemic<lb/> changes in the energy sector of the Member states.<lb/></p>

			<p>Keywords: eU&apos;s energy policy, eU&apos;s climate and energy policy, the european green deal.<lb/> introduction<lb/> from other activities on the energy market. 15<lb/> 2. the importance of primary law<lb/> and international law<lb/> the increase in the significance of energy is best illustrated by the adoption<lb/> of the treaty of Lisbon in 2007, which introduced a separate title XXi -energy</p>


	</text>
</tei>
