<?xml version="1.0" ?>
<tei xml:space="preserve">
	<teiHeader>
		<fileDesc xml:id="-1"/>
	</teiHeader>
	<text xml:lang="en">
			<body>acta Universitatis Wratislaviensis no 4187 <lb/>PraWo c ccX X X V ii <lb/>Wrocław 2023 <lb/>https://doi.org/10.19195/0524-4544.337.9 <lb/>renata kUsiak-Winter <lb/>orcid: 0000-0002-8202-1360 <lb/>University of Wrocław <lb/>the evolution <lb/>of the european Union&apos;s energy policy <lb/>Abstract: the main objective of this article is to present the evolution of the eU energy policy with <lb/>particular reference to its legal conditions. it will present the directions of the changes in the eU <lb/>legal regulations in recent decades in order. central to this is an attempt to answer the question of <lb/>whether the european Union&apos;s ambitious goal to achieve climate neutrality by 2050, as proclaimed <lb/>in the european green deal, should be viewed in terms of a continuation of the eU&apos;s earlier energy <lb/>policy, or perhaps more in terms of a kind of &quot;revolution&quot;, imposing the introduction of systemic <lb/>changes in the energy sector of the Member states. <lb/>Keywords: eU&apos;s energy policy, eU&apos;s climate and energy policy, the european green deal. <lb/>introduction <lb/></body>

			<front>the european Union has been aiming to be more than just a community of <lb/>an economic nature since its inception. its true foundations are based on such <lb/>timeless values as human dignity, freedom, equal opportunities for everyone, the <lb/>common good and solidarity. 1 this is the starting point and the basic premise for <lb/>improving the quality of life of present and future generations of europeans, with <lb/>respect for the principle of democracy and the rule of law, including, primarily, <lb/>respect for fundamental rights. and it is precisely these fundamental ideas and <lb/>values that are to be served by the rapid development of the economy, which leads <lb/>to full employment, better healthcare and a high level of education. However, <lb/></front>

			<listBibl>1 P. akaliyski, ch. Welzel, J. Hien, &quot;a community of shared values? dimensions and dynam-<lb/>ics of cultural integration in the european Union,&quot; Journal of European Integration 44, 2021, no. 2, <lb/>pp. 1-22. <lb/>© The Author(s), 2024. <lb/>Published by Wydawnictwo Uniwersytetu Wrocławskiego and Wydawnictwo &quot;Szermierz&quot; sp. z o.o. This is an open access article distributed <lb/>under the terms of the Creative Commons Attribution 4.0 licence (CC BY 4.0), https://creativecommons.org/licenses/by/4.0/legalcode. <lb/>106 <lb/>renata kUsiak-Winter <lb/>never before has the formulation of the european Union&apos;s social and economic de-<lb/>velopment objectives and public policies been so strongly and directly related to <lb/>the protection of the climate. 2 this phenomenon is well illustrated by the concept <lb/>of a regenerative economy, which gives the planet more than it takes from it. 3 An <lb/>inseparable feature of this concept is the model of regenerative growth (qualita-<lb/>tive growth), according to which a healthy environment and efficient ecosystems <lb/>provide safe operational space for the development of the economy. 4 a holistic <lb/>view of economic growth that takes into account environmental and social aspects <lb/>is presented by the concept of sustainable development, 5 which is being imple-<lb/>mented by the member states of the Un. 6 <lb/>adopted in december 2019, the commission&apos;s european green deal (egd) 7 <lb/>is a leading economic development strategy document which provides for the <lb/>green remodelling of the eU economy to become the world&apos;s first climate-neutral <lb/>area within three decades. it can easily be assumed that, given such ambitious <lb/>objectives, all sectors of the economy, without exception, are facing major recon-<lb/>struction, but it is precisely the energy sector that is playing a key role in reduc-<lb/>ing emissions. changing the energy system is therefore a sine qua non condition <lb/>for the achievement of the ambitious objectives of the european green deal. it <lb/>should be pointed out that, in comparison with the economies of all the Member <lb/>states, the greatest changes can be expected in the energy sector in Poland, where, <lb/>despite the huge increase in energy from renewable sources in recent years, almost <lb/>70% of electricity is still generated by burning bituminous coal and lignite. 8 <lb/>2 a. sikora, &quot;european green deal -legal and financial challenges of the climate change,&quot; <lb/>ERA Forum 21, 2021, p. 681 et seq. <lb/>3 J. Fullerton, Regenerative capitalism: How universal principles and patterns will shape the <lb/>new economy, capital institute 2015, pp. 1-120. <lb/>4 the objective of the measures applied by the eU and national institutions, as stipulated in <lb/>article 2(1) of decision 2022/591 of the european Parliament and of the council on a general <lb/>Union environment action Programme to 2030 (oJ L.2022.114.22 of 06.04.2022), is a well-be-<lb/>ing economy where growth is regenerative. For more on regenerative growth, see also: F. capra, <lb/>H. Henderson, &quot;Qualitative growth. a conceptual framework for finding solutions to our current <lb/>crisis that are economically sound, ecologically sustainable, and socially just,&quot; [in:] From Capital-<lb/>istic to Humanistic Business, eds. M. Pirson, U. steinvorth, c. Largacha-Martinez, c. dierksmeier, <lb/>London 2014, p. 35 et seq. <lb/>5 For more on this see: n. adamczewska, M. zajączkowska, &quot;realizacja zrównoważonej poli-<lb/>tyki energetycznej Unii europejskiej w kontekście celów zrównoważonego rozwoju (sdg) -wy-<lb/>brane aspekty,&quot; Folia Iuridica Universitatis Wratislaviensis 11, 2022, no. 2, pp. 9-25. <lb/>6 Un general assembly resolution of 25 september 2015. transforming our World: the <lb/>2030 agenda for sustainable development (a/res/70/1). the resolution was adopted by 193 coun-<lb/>tries of the United nations. <lb/>7 communication from the commission to the european Parliament, the european council, <lb/>the council, the european economic and social committee and the committee of the regions: The <lb/>European Green Deal, coM(2019) 640 final. <lb/>8 according to the data published by the energy Market agency (are), at the end of 2022, <lb/>the share of bituminous coal in the energy mix is 42.6% and lignite 26.5%. More than 21% of en-<lb/>the evolution of the european Union&apos;s energy policy <lb/>107 <lb/>the main objective of this article is to present the evolution of the eU energy <lb/>policy with particular reference to its legal conditions. it will present the direc-<lb/>tions of the changes in the eU legal regulations in recent decades in order. central <lb/>to this is an attempt to answer the question of whether the european Union&apos;s am-<lb/>bitious goal to achieve climate neutrality by 2050, as proclaimed in the european <lb/>green deal, should be viewed in terms of a continuation of the eU&apos;s earlier energy <lb/>policy, or perhaps more in terms of a kind of &quot;revolution&quot;, imposing systemic <lb/>changes in the energy sector of the Member states. <lb/>1. the specificity of the energy market <lb/>the specificity of the energy sector should be borne in mind when analysing the <lb/>evolution of the legal basis, as it is not only very strongly connected with economic de-<lb/>velopment, but also determines environmental and climate protection. therefore, the <lb/>presentation of the evolution of the sectoral policy and the relevant legal regula-<lb/>tions should reflect the change in eU (community) preferences in this respect. in <lb/>the early days of the european communities, the priority area of regulation was <lb/>energy at the expense of the environment, to recall that two of the three treaties con-<lb/>stituting the communities were treaties devoted to the rules on the use of primary <lb/>energy resources, namely coal (the european coal and steel community) 9 and the <lb/>atom (the treaty establishing the european atomic energy community). 10 <lb/>during the initial phase of development, i.e. on the wave of the rapid growth <lb/>of industrial production, the application of these treaties was limited to the coordi-<lb/>nation of activities in the coal and nuclear energy sectors. it should be emphasized <lb/>that the energy sector was traditionally -and still is today -considered to be of <lb/>strategic importance to the development of national economies. as a result, en-<lb/>ergy is referred to as a driver of economic growth of countries 11 and is perceived <lb/>solely in economic terms. as the community&apos;s energy policy at the time was <lb/>restricted to the limited matter provided for in the treaties, it was the Member <lb/>states themselves which largely laid down the relevant sectoral regulations, which <lb/>reinforced the position of the monopolistic energy companies in the individual <lb/>states revealing the differences in interests between the states. 12 <lb/>ergy came from res! see: M. Jakubiec, &quot;Miks energetyczny i struktura produkcji energii w Polsce <lb/>w 2022 r.,&quot; Globenerga, 13.02.2023, https://globenergia.pl/ponad-21-energii-pochodzilo-z-oze-<lb/>miks-energetyczny-i-struktura-produkcji-energii-w-polsce-w-2022-r/ (accessed: 12.03.2023). <lb/>9 the treaty establishing the european coal and steel community, signed in Paris on <lb/>18 april 1951, entered into force on 23 July 1952 and expired on 23 July 2002. <lb/>10 the treaty establishing the european atomic energy community signed in rome on <lb/>25 March 1957, entered into force on 1 January 1958. <lb/>11 F. Morata, s.i. sandoval, European Energy Policy, edward elgar, northampton 2012. <lb/>12 P. Lissoń, &quot;rynek energetyczny&quot; [in:] Prawo rynku wewnętrznego. System Prawa Unii <lb/>Europejskiej, ed. d. kornobis-romanowska, vol. 7, Warszawa 2020, p. 577 et seq. <lb/>108 <lb/>renata kUsiak-Winter <lb/>the increasing dependence of the european economies on imports of oil <lb/>from Middle eastern countries followed by the oil crisis in the early 1970s <lb/>changed this situation. it was then that the issue of energy security, which is still <lb/>so topical today and determines the subject matter of the public discussion, en-<lb/>tered public awareness. a decision was then made to adopt a series of directives <lb/>and council recommendations to achieve energy security, including through the <lb/>introduction of the obligation to build up minimum stocks of fuel or to reduce <lb/>the use of oil and natural gas products at power plants. 13 However, even in the <lb/>face of the need for closer cooperation, discussions on the need to coordinate <lb/>the external energy policies of the Member states (not only) then encountered <lb/>general reluctance. 14 <lb/>the establishment of the european common Market in the late 1980s, which <lb/>is an &quot;area without internal frontiers, in which the free movement of goods, per-<lb/>sons, services and capital is ensured&quot;, under the single european act of 1986 (this <lb/>is now article 26 tFeU) introduced a new quality into europe&apos;s energy policy. <lb/>the single european act not only created the treaty basis for building an internal <lb/>energy market, but also strengthened political cooperation among the community <lb/>countries. consequently, a number of new regulations were issued under the so-<lb/>called First and second Packages regarding the liberalization of the energy mar-<lb/>kets, as a result of which the energy market that had been monopolized to date was <lb/>gradually subjected to free market mechanisms. one of the liberalization mecha-<lb/>nisms was the introduction of the tPa (third party access) principle, namely third <lb/>party access to transmission and distribution networks for any interested entities, <lb/>as well as the principle of unbundling, namely the separation of network activities <lb/></listBibl>

			<body>from other activities on the energy market. 15 <lb/>2. the importance of primary law <lb/>and international law <lb/>the increase in the significance of energy is best illustrated by the adoption <lb/>of the treaty of Lisbon in 2007, which introduced a separate title XXi -energy <lb/></body>

			<listBibl>13 B. nowak, Wewnętrzny rynek energii w Unii Europejskiej. Studium porównawcze na pod-<lb/>stawie sektorów energii elektrycznej i gazu a sprawa (kwestia) Polski, Warszawa 2009, p. 24 et seq. <lb/>14 r. zięba, Wspólna Polityka Zagraniczna i Bezpieczeństwa Unii Europejskiej, Warszawa 2007, <lb/>p. 15 et seq. <lb/>15 these principles were introduced by directive 96/92/ec of the european Parliament and <lb/>of the council of 19 december 1996 concerning common rules for the internal market in electricity, <lb/>and were subsequently supplemented and extended by the so-called second Package introduced by <lb/>directive 2003/54/ec of the european Parliament and of the council of 26 June 2003 concerning <lb/>common rules for the internal market in electricity and repealing directive 96/92/ec. <lb/>the evolution of the european Union&apos;s energy policy <lb/>109 <lb/>-into the treaty on the Functioning of the european Union (tFeU) 16 (article <lb/>194 tFeU). 17 this gave the subject matter in question a high position among the <lb/>treaty provisions. the first paragraph of that article specifies the four objectives of <lb/>the Union&apos;s energy policy, which are: <lb/>(a) ensure the functioning of the energy market; (b) ensure security of energy supply in the <lb/>Union; (c) promote energy efficiency and energy saving and the development of new and renewable <lb/>forms of energy; and (d) promote the interconnection of energy networks. <lb/>importantly, the assurance of the functioning of the energy market was stated <lb/>in first place, which was fully reflected in the legislation at that time targeted at <lb/>further opening up the energy market (the so-called third Package), especially the <lb/>development of competition, implemented, among other things, through the prin-<lb/>ciple of the free choice of energy and gas supplier and the protection of consumers, <lb/>especially the so-called &quot;most vulnerable customers&quot;. 18 and although experts claim <lb/>the process of forming the internal energy market has ended, it should be stated that <lb/>a competitive energy market is a necessary prerequisite for the transformation of the <lb/>monopolized energy market into a distributed and prosumer system. 19 <lb/>an important reinforcement of the eU&apos;s competence in energy was the intro-<lb/>duction of certain areas of energy policy into the scope of shared competence in <lb/>article 194 tFeU, which, in turn, opened the path for the creation of a common <lb/>energy policy. even so, each Member state retained the right &quot;to determine the <lb/>conditions for exploiting its energy resources, its choice between different energy <lb/>sources and the general structure of its energy supply&quot; (article 194(2)). <lb/>simultaneously, taking into account the systemic interpretation of the treaty, <lb/>it should be pointed out that article 194 tFeU is immediately preceded by the title <lb/>Environment (articles 191-193 tFeU), which suggests that there is a need to con-<lb/>nect these two issues. this is also confirmed by the wording of article 11 tFeU, <lb/>16 see the treaty amending the treaty on european Union and the treaty establishing the <lb/>european community, signed at Lisbon on 13 december 2007 (oJ eU c no. 306, p. 1). <lb/>17 it should be pointed out that, in terms of energy policy, primary law contains a number <lb/>of other specific provisions, which primarily include article 122 tFeU (security of supply), arti-<lb/>cles 170-172 tFeU (energy networks), article 114 tFeU (internal electricity market) and articles <lb/>216-218 tFeU (external energy policy). <lb/>18 the third package was targeted at the further integration of the national energy systems and <lb/>the development of competition. in particular, directive 2009/72/ec introduced the principle of <lb/>ownership unbundling, namely the unbundling of ownership of energy and natural gas transmission <lb/>activities from other energy activities, as well as the establishment of the acer agency, namely <lb/>the agency for the cooperation of energy regulators, under regulation 713/2009 for coordinating <lb/>regulatory activities in the Member states. see directive 2009/72/ec of the european Parliament <lb/>and of the council of 13 July 2009 concerning common rules for the internal market in electricity <lb/>and repealing directive 2003/54/ec; regulation (ec) no 713/2009 of the european Parliament and <lb/>of the council of 13 July 2009 establishing an agency for the cooperation of energy regulators. <lb/>19 t. Müller, &quot;Umweltenergierecht als instrument transformativer Politik,&quot; dms -der moderne <lb/>staat -Zeitschrift für Public Policy, Recht und Management 12, 2019, no. 2, pp. 382-399. <lb/>110 <lb/>renata kUsiak-Winter <lb/>which provides that: &quot;environmental protection requirements must be integrated <lb/>into the definition and implementation of the Union&apos;s policies and activities, in <lb/>particular with a view to promoting sustainable development&quot;. it should therefore <lb/>be concluded that the adoption of the treaty of Lisbon opens a new stage of the <lb/>eU energy policy, featuring not only the further liberalization of the energy mar-<lb/>ket, but primarily the adoption of the principle of climate and environmental pro-<lb/>tection in accordance with the guidelines on sustainable development developed <lb/>by the Un institutions. consequently, there was a need to revise the objectives of <lb/>the energy policy to date. <lb/>the provisions of international law treaties, especially the 1992 United na-<lb/>tions Framework convention on climate change 20 and the 1997 kyoto Protocol 21 <lb/>on combating global warming, gave an overwhelming impetus for redefining pub-<lb/>lic policies and introducing new energy regulations. the appropriate legislative <lb/>process was initiated in 2007 in the communication from the commission, An <lb/>Energy Policy for Europe, 22 which was referred to as the climate and energy <lb/>Package because of the combined treatment of environmental and energy issues. <lb/>this package is referred to as the &quot;3x20&quot; or &quot;20-20-20&quot; package, because it sets <lb/>three key targets to be achieved by 2020. the first target is a 20% reduction in <lb/>greenhouse gas emissions compared to the 1990 levels. 23 the second target is the <lb/>promotion of the use of energy from renewable sources, specifically to achieve <lb/>a 20% share of energy from res in total gross energy consumption. 24 the third <lb/>target applies to energy efficiency, in particular the obligation to increase energy <lb/>efficiency by 20%. 25 the climate and energy package exemplifies the link be-<lb/>20 see: United nations Framework convention on climate change, done at new york on <lb/>9 May 1992, approved on behalf of the community by council decision 94/69/ec of 15 december <lb/>1993 concerning the conclusion of the United nations Framework convention on climate change, <lb/>oJ L 33, 7.2.1994, p. 11. the republic of Poland is also a party to the Framework convention (see: <lb/>Journal of Laws of 1996, no. 53, item 238 as amended). <lb/>21 the kyoto Protocol to the United nations Framework convention on climate change, <lb/>done at kyoto on 11 december 1997, approved by council decision 2002/358/ec of 25 april 2002, <lb/>oJ L 130, 15.5.2002, p. 1. Poland also ratified the kyoto Protocol (Journal of Laws of 2005, no. 203, <lb/>item 1684 as amended). <lb/>22 communication of the european commission of 10/1/2007 to the european council and <lb/>the european Parliament entitled &quot;european energy Policy&quot;, coM(2007) 1 final. <lb/>23 see: directive 2009/29/ec of the european Parliament and of the council of 23 april 2009 <lb/>amending directive 2003/87/ec so as to improve and extend the greenhouse gas emission allow-<lb/>ance trading scheme of the community, oJ L 140, p. 63; decision no. 2009/406/ec of the european <lb/>Parliament and of the council of 23 april 2009 on the effort of Member states to reduce their green-<lb/>house gas emissions to meet the community&apos;s greenhouse gas emission reduction commitments up <lb/>to 2020, oJ L 140, p. 136 as amended. <lb/>24 the so-called red i directive 2009/28/ec of the european Parliament and of the council <lb/>of 23 april 2009 on the promotion of the use of energy from renewable sources. <lb/>25 directive 2012/27/eU of the european Parliament and of the council of 25 october 2012 on <lb/>energy efficiency. <lb/>the evolution of the european Union&apos;s energy policy <lb/>111 <lb/>tween eU policies and global policies. the most notable is the introduction of the <lb/>eU emissions trading scheme (eU ets) at that time, the objective of which was <lb/>to reduce the amount of greenhouse gases emitted by energy-intensive industries, <lb/>energy producers, airlines and road and maritime transport. 26 <lb/>3. the energy union <lb/>the next stage in the development of the energy policy in the eU was initiat-<lb/>ed by the 2015 commission communication announcing the creation of an energy <lb/>union 27 in order to connect energy and climate protection even more strongly. the <lb/>guiding idea behind the establishment of the energy union was the desire to ensure <lb/>that all europeans (specifically businesses and households) have access to safe, <lb/>sustainable and affordable energy. Furthermore, at the end of 2015, the interna-<lb/>tional community adopted the new climate commitments contained in the Paris <lb/>agreement. 28 this is an international agreement ratified by both the eU 29 and all <lb/>its Member states, 30 which contains an action plan for reducing global warming. <lb/>the most important element of the agreement is the long-term goal of the signa-<lb/>tory countries involving the stoppage of the increase in the average global tem-<lb/>perature at a level which is well below 2°c compared to the pre-industrial levels <lb/>and to strive for it to be no more than 1.5°c. therefore, the instruments created <lb/>within the framework of the energy Union have come to be seen as a mechanism <lb/>for achieving these very ambitious climate goals. 31 <lb/>the commission presented a package of eight legislative proposals on <lb/>30 november 2016 in the form of a communication entitled &quot;clean energy for <lb/>all europeans&quot;, 32 which had the objective of aligning eU legislation to the needs <lb/>26 see: r. Maruszkin, EU ETS, czyli system handlu przydziałami emisji gazów cieplarnianych <lb/>w Unii Europejskiej. Komentarze praktyczne, LeX/el. 2020. <lb/>27 communication from the commission to the european Parliament, the european council, <lb/>the european economic and social committee, the committee of the regions and the european <lb/>investment Bank, the energy Union Package. a Framework strategy for a resilient energy Union with <lb/>a Forward-Looking climate change Policy, Brussels, 25 February 2015, coM(2015) 80 final. <lb/>28 Paris agreement to the United nations Framework convention on climate change, done at <lb/>new york on 9 May 1992, adopted in Paris on 12 december 2015. almost 190 countries have joined <lb/>the agreement, including the european Union and its Member states. <lb/>29 see: council decision (eU) 2016/1841 of 5 october 2016 on the conclusion, on behalf of <lb/>the european Union, of the Paris agreement adopted under the United nations Framework conven-<lb/>tion on climate change (oJ L 282 of 19.10.2016, pp. 1-3). <lb/>30 Poland has also ratified the convention (see: Journal of Laws of 2017, item 36, as amended). <lb/>31 k. sobieraj, &quot;Wpływ Porozumienia paryskiego na zmianę polityki klimatyczno-energe-<lb/>tycznej Unii europejskiej i unijnych regulacji prawnych w tym zakresie,&quot; Ruch Prawniczy, Ekono-<lb/>miczny i Socjologiczny 74, 2017, no. 4, p. 177 et seq. <lb/>32 coM(2016) 860 final. <lb/>112 <lb/>renata kUsiak-Winter <lb/>of implementing the 2015 energy Union. a number of acts of law regulating <lb/>such important issues as the management of the energy union, the specification <lb/>of the structure of the electricity market, energy efficiency, renewable energy and <lb/>the functioning of the regulatory body, namely the agency for the cooperation of <lb/>energy regulators, were adopted at the turn of 2016/2017 as a result (hence their <lb/>name: the &quot;Winter Package&quot;). these include directive 2018/2001 on the promo-<lb/>tion of the use of energy from renewable sources (the so-called red ii directive), <lb/>the new energy efficiency directive (2018/2002/eU), the amended directive <lb/>2018/844 on the energy performance of buildings, which introduced long-term <lb/>renovation strategies, and regulation 2017/1369 setting a framework for energy <lb/>labelling. <lb/>the key changes introduced by the &quot;clean energy for all europeans&quot; pack-<lb/>age involve the strengthening of the eU&apos;s influence on national climate and en-<lb/>ergy policy, the acceleration of the speed of investment in res and the reduction <lb/>of the ability to support low-carbon energy. For the purposes of these consider-<lb/>ations, it should be stated that the last element of this legislative package, namely <lb/>regulation 2018/1999 on the governance of the energy Union 33 that constituted <lb/>the five dimensions of the energy union, which are closely interlinked and mutu-<lb/>ally reinforcing, has created the greatest impact on the shape of energy policy. ac-<lb/>cording to article 1(2), these include energy security, the internal energy market, <lb/>energy efficiency, decarbonization and research, innovation and competitiveness. <lb/>it should be pointed out that these dimensions coincide with the treaty&apos;s energy <lb/>policy objectives, as formulated in article 194(1) tFeU, but there is a change of <lb/>emphasis in this case, as energy security is positioned in first place. this regula-<lb/>tion refers to the Member states and the european Union preparing long-term <lb/>strategies as a &quot;governance mechanism&quot;, including integrated national energy and <lb/>climate plans every ten years, starting from the period 2021-2030 (article 3). <lb/>simultaneously, the obligation to present a progress report every two years and <lb/>to prepare coherent long-term national strategies to achieve the objectives of the <lb/>Paris agreement was laid down. it is worth noting that article 11 of the regula-<lb/>tion provides for the need to organize a multilevel climate and energy dialogue, <lb/>in which local authorities are able to actively engage, alongside civil society or-<lb/>ganizations, businesses, investors and other stakeholders. it should therefore be <lb/>stated that local and regional authorities must necessarily actively participate in <lb/>the process of shaping individual energy and climate policy scenarios, as well as <lb/>integrated national energy and climate plans in the specific area. <lb/>33 regulation (eU) 2018/1999 of the european Parliament and of the council of 11 decem-<lb/>ber 2018 on the governance of the energy Union and climate action, amending certain regulations <lb/>and directives. <lb/>the evolution of the european Union&apos;s energy policy <lb/>113 <lb/>4. european green deal <lb/>the commission&apos;s european green deal communication adopted in decem-<lb/>ber 2019 proclaims an ambitious goal of eU climate neutrality by 2050, while its <lb/>achievement implies not only a move away from fossil fuels, but also the need to <lb/>transform practically all other sectors of the economy that have so far not been <lb/>directly associated with the decarbonization process, such as agriculture, transport <lb/>and construction. the holistic approach appears in the nature of the commission&apos;s <lb/>communication, because the european green deal is a holistic eU development <lb/>strategy (a so-called cross-sectoral strategy), setting long-term goals in a number <lb/>of interrelated areas. <lb/>as the european green deal communication is not legally binding, the need <lb/>arose to legally sanction the goal of climate neutrality. a regulation named the eu-<lb/>ropean climate Law was adopted in 2021. 34 this is a key element and the starting <lb/>point for future eU legislation and law-making for pursuing all the assumptions <lb/>of the european green deal. the formulation of this act refers to a number of <lb/>eU regulations and policies and is not limited exclusively to energy matters. it is <lb/>sometimes referred to as the &quot;climate treaty&quot; because, although it was issued in <lb/>the form of a regulation, it is a secondary regulation and has an unprecedented sig-<lb/>nificance and scope. in a nutshell, the climate Law is a comprehensive legal tool <lb/>for economically transforming the eU to bring about a zero-carbon economy. 35 <lb/>the adoption of the european climate Law constitutes the normative sanc-<lb/>tioning of the goal of climate neutrality, however, a subsequent need arose to <lb/>redefine the eU&apos;s energy policy to date by reviewing all existing legislation. con-<lb/>sequently, another, fifth legislative package named &quot;Fit for 55&quot; was developed, <lb/>which was promulgated in the commission communication of 2021 36 and ad-<lb/>opted by the council on 25 april 2023 as the final stage of the legislative proce-<lb/>dure. it was adopted in the light of fierce opposition from Poland, although this <lb/>opposition was not taken into account because of the applicability of the ordinary <lb/>legislative procedure for shared competences, to which the matter regulated by <lb/>the package belongs (see: article 194 tFeU, as already discussed). in general <lb/>terms, the legislation contained in &quot;Fit for 55&quot; is targeted at reducing greenhouse <lb/>gas emissions in the main sectors of the economy and supporting citizens and <lb/>micro-enterprises, as well as sectors at risk of carbon leakage. the core objective <lb/>34 regulation (eU) 2021/1119 of the european Parliament and of the council of 30 June 2021 <lb/>establishing the framework for achieving climate neutrality and amending regulations (ec) <lb/>no. 401/2009 and (eU) 2018/1999 (european climate Law) (oJ.L 243/1 of 2021). <lb/>35 J. s. Przyborowicz, &quot;european climate Law -new legal revolution towards climate neu-<lb/>trality in the eU,&quot; Opolskie Studia Administracyjno-Prawne 4, 2021, no. 19, p. 39. <lb/>36 communication from the commission to the european Parliament, the council, the eu-<lb/>ropean economic and social committee and the committee of the regions &quot;Fit for 55&quot;: delivering <lb/>the eU&apos;s 2030 climate target on the way to climate neutrality (coM/2021/550 final). <lb/>114 <lb/>renata kUsiak-Winter <lb/>is to reduce the eU&apos;s net greenhouse gas emissions by at least 55% by 2030 com-<lb/>pared to the levels from 1990 and to achieve climate neutrality in the eU by 2050. <lb/>the regulations especially address renewable energy sources, energy efficiency, <lb/>energy taxation, air and maritime transport, as well as buildings. the package <lb/>consists of a reform of the ets directive; the amendment of the regulation on <lb/>the monitoring, reporting and verification of carbon dioxide emissions from mari-<lb/>time transport; a revision of the ets directive applying to the aviation sector; the <lb/>regulation establishing a social climate Fund; and the regulation establishing <lb/>a carbon border adjustment mechanism (cBaM regulation). 37 Furthermore, the <lb/>package includes a review of all applicable eU acts on climate and energy, includ-<lb/>ing the renewable energy directive, the energy efficiency directive, the energy <lb/>taxation directive and the energy Performance of Buildings directive. 38 <lb/>5. conclusions <lb/>as for the question posed at the outset of whether the achievement of the <lb/>objectives of the european green deal marks a turning point and a kind of revo-<lb/>lution in the energy policy to date or is rather a continuation of the reforms un-<lb/>dertaken earlier with their adaptation to the new climate objectives, it should be <lb/>stated that the answer should be based on an analysis of the acts of law adopted <lb/>in the current fifth package. the main observation is that there is a continuation, <lb/>but simultaneously a radical deepening and acceleration of the reforms of the <lb/>energy sector to date. continuation means that the five main objectives of the en-<lb/>ergy union established in 2015 are still in place and, in turn, the union would not <lb/>have been possible without the previous three liberalization packages creating and <lb/>strengthening the internal energy market. the deepening and broadening of the re-<lb/>forms to date means that the objective of climate neutrality has been incorporated <lb/>into all areas of the energy union, because, for instance, the principles of operation <lb/>and the structure of the energy market change when account is taken of the eU <lb/>legislator&apos;s intensive efforts to promote renewables and energy efficiency, as well <lb/>as to introduce new mechanisms of energy security. the new crisis response in-<lb/>struments provided for in the rePowereU Plan 39 , for example, which constitutes <lb/>a response to the difficulties and disruptions in the global energy market as a result <lb/>37 see: &quot;Pakiet gotowi na 55,&quot; Biuletyn Europejski 45, 2022, no. 3, pp. 1-4. <lb/>38 &quot;energy policy: general principles,&quot; european Parliament. Fact Sheets on the European <lb/>Union 2022, see https://www.europarl.europa.eu/factsheets/en/sheet/68/energy-policy-general-prin-<lb/>ciples (accessed: 22.04.2023). <lb/>39 communication from the commission to the european Parliament, the european council, <lb/>the european economic and social committee and the committee of the regions rePowereU Plan <lb/>(coM/2022/230 final). <lb/>the evolution of the european Union&apos;s energy policy <lb/>115 <lb/>of russia&apos;s attack on Ukraine and in order to end the eU&apos;s dependence on russian <lb/>fossil fuels, serve this purpose. <lb/>Furthermore, it should be stated in conclusion that tracking the evolution of <lb/>eU energy policy reveals the ambivalent nature of the energy sector. in traditional <lb/>terms, the energy sector is viewed as an engine for the economic development of <lb/>countries, which was most fully reflected in the reasons for establishing the euro-<lb/>pean coal and steel community in 1952 as a community of economic interests to <lb/>secure access to strategic energy sources, namely coal and nuclear fuel. However, <lb/>today, energy based on high-carbon sources is a factor which hinders the socio-<lb/>economic development of a country, which can be fully applied to the current <lb/>situation in Poland. therefore, this is not so much an evolution in the perception <lb/>of the significance of the energy sector, as it is still key to modern economies, <lb/>but the setting of the climate neutrality objective has caused a systemic change in <lb/>the valuation of energy sources according to the criterion of emissivity, and it is <lb/>precisely an energy mix based on low-carbon sources that constitutes the basis of <lb/>competitive advantage. <lb/>Meanwhile, the evolution of the energy policy primarily presents an incred-<lb/>ible increase in the visibility of the timeless values on which the european Union is <lb/>based. While the reforms of the first three liberalization packages targeted at creat-<lb/>ing, administering and modernizing the single market prioritize economic values, <lb/>the adoption of the treaty of Lisbon in 2007 and the ratification of the respective <lb/>Un conventions and agreements has seen an exponential increase in the significance <lb/>of climate protection and, with it, such fundamental values as the common good, <lb/>health and human life, freedom, justice and intergenerational solidarity. <lb/>Translated by Roman Wojtasz <lb/>references <lb/>adamczewska n., zajączkowska M., &quot;realizacja zrównoważonej polityki energetycznej Unii eu-<lb/>ropejskiej w kontekście celów zrównoważonego rozwoju (sdg) -wybrane aspekty,&quot; Folia <lb/>Iuridica Universitatis Wratislaviensis 11, 2002, no. 2, pp. 9-25. <lb/>akaliyski P., Welzel ch., Hien J., &quot;a community of shared values? dimensions and dynamics of <lb/>cultural integration in the european Union,&quot; Journal of European Integration 44, 2021, no. 2, <lb/>pp. 1-22. <lb/>capra F., Henderson H., &quot;Qualitative growth. a conceptual framework for finding solutions to our <lb/>current crisis that are economically sound, ecologically sustainable, and socially just,&quot; [in:] <lb/>From Capitalistic to Humanistic Business, eds. M. Pirson, U. steinvorth, c. Largacha-Marti-<lb/>nez, c. dierksmeier, London 2014, pp. 35-47. <lb/>Fullerton J., Regenerative Capitalism: How Universal Principles and Patterns Will Shape the New <lb/>Economy, capital institute 2015. <lb/>Jakubiec M., &quot;Miks energetyczny i struktura produkcji energii w Polsce w 2022 r.,&quot; Globenerga, <lb/>13.02.2023, https://globenergia.pl/ponad-21-energii-pochodzilo-z-oze-miks-energetyczny-i-<lb/>struktura-produkcji-energii-w-polsce-w-2022-r/ (accessed: 12.03.2023). <lb/>116 <lb/>renata kUsiak-Winter <lb/>Lissoń P., &quot;rynek energetyczny,&quot; [in:] Prawo rynku wewnętrznego. System Prawa Unii Europejskiej, ed. <lb/>d. kornobis-romanowska, vol. 7, Warszawa 2020, pp. 577-594. <lb/>Maruszkin r., EU ETS, czyli system handlu przydziałami emisji gazów cieplarnianych w Unii Eu-<lb/>ropejskiej. Komentarze praktyczne, LeX/el. 2020. <lb/>Morata F., sandoval s.i., European Energy Policy, edward elgar, northampton 2012. <lb/>Müller t., &quot;Umweltenergierecht als instrument transformativer Politik,&quot; dms -der moderne staat <lb/>2019, no. 2, pp. 382-399. <lb/>nowak B., Wewnętrzny rynek energii w Unii Europejskiej. Studium porównawcze na podstawie <lb/>sektorów energii elektrycznej i gazu a sprawa (kwestia) Polski, Warszawa 2009. <lb/>&quot;Pakiet gotowi na 55&quot;, Biuletyn Europejski 45, 2022, no. 3. <lb/>&quot;energy policy: general principles,&quot; european Parliament. Fact Sheets on the European Union 2022, <lb/>see: https://www.europarl.europa.eu/factsheets/en/sheet/68/energy-policy-general-principles. <lb/>Przyborowicz J. s., &quot;european climate Law -new legal revolution towards climate neutrality in the <lb/>eU,&quot; Opolskie Studia Administracyjno-Prawne 4, 2021, no. 19, pp. 39-53. <lb/>sikora a., &quot;european green deal -legal and financial challenges of the climate change,&quot; ERA Fo-<lb/>rum 2021, vol. 21, pp. 681-697. <lb/>sobieraj k., &quot;Wpływ Porozumienia paryskiego na zmianę polityki klimatyczno-energetycznej Unii <lb/>europejskiej i unijnych regulacji prawnych w tym zakresie,&quot; Ruch Prawniczy, Ekonomiczny <lb/>i Socjologiczny 74, 2017, no. 4, pp. 177-190. <lb/>zięba r., Wspólna Polityka Zagraniczna i Bezpieczeństwa Unii Europejskiej, Warszawa 2007. </listBibl>


	</text>
</tei>
