<?xml version="1.0" ?>
<tei xml:space="preserve">
	<teiHeader>
		<fileDesc xml:id="origin5109945644439279103"/>
	</teiHeader>
	<text xml:lang="en">
		<front>
<lb/>
	<div type="abstract">the european Union has been aiming to be more than just a community of<lb/> an economic nature since its inception. its true foundations are based on such<lb/> timeless values as human dignity, freedom, equal opportunities for everyone, the<lb/> common good and solidarity. 1 this is the starting point and the basic premise for<lb/> improving the quality of life of present and future generations of europeans, with<lb/> respect for the principle of democracy and the rule of law, including, primarily,<lb/> respect for fundamental rights. and it is precisely these fundamental ideas and<lb/> values that are to be served by the rapid development of the economy, which leads<lb/> to full employment, better healthcare and a high level of education. However,</div>

		</front>
	</text>
</tei>
