<?xml version="1.0" ?>
<tei xml:space="preserve">
	<teiHeader>
		<fileDesc xml:id="-1"/>
	</teiHeader>
	<text xml:lang="en">
			<front>Comparative Law Review <lb/>15 2013 <lb/>Nicolaus Copernicus University <lb/>http://dx.doi.org/10.12775/CLR.2013.004 <lb/>Mirosław Bączyk  <lb/>DAS PROBLEM DES SCHADENERSATZES FÜR DEN <lb/>SOG. VERTANEN URLAUB IN DER RECHTSPRECHUNG <lb/>DER POLNISCHEN GERICHTE <lb/>Abstract <lb/></front>

			<listBibl>Der Tourismus ist heutzutage nicht nur ein wichtiger Bereich der gesellschaftlichen Aktivität, <lb/>aber auch ein wesentlicher Wirtschaftszweig, der zur Entwicklung anderer Branchen, (z.B. der <lb/>Transport-, Bank-, Gastronomie-, Hotelbranche und vieler anderen) beiträgt. In Europa und in Polen <lb/>auch erfolgte ein dynamische Entwicklung der touristischen Dienstleistungen. In der letztem Zeit <lb/>steigt die Zahl der Schadensersatzprozesse gegen Reisebüros (Reiseagenturen). In dem Artikel <lb/>konzentriert sich der Verfasser auf die Frage, ob im polnischen Recht es zulässig wäre, durch einen <lb/>Touristen (Reisenden) de lege lata Schmerzensgeld für den immateriellen Schaden (d.h. für den sog. <lb/>&quot;vertanen Urlaub&quot;) geltend zu machen. Ein besonderer Schaden besteht darin, dass das Reisebüro -<lb/>durch die Nicht-oder Schlechterfüllung des Reisevetrages -einen solchen Verlauf des Urlaubs oder <lb/>andere Form der Erholung des Kunden, die seinen berechtigten Erwartungen entsprechen würde, <lb/>nicht gewährleistet hat. <lb/>Die Rechtsprechung der ordentlichen Gerichte und des Obersten Gerichts suchte seit langem <lb/>nach einer entsprechenden Rechtsgrundlage der Haftung der Reisebüros für den sog. &quot;vertanen <lb/>Urlaub&quot;. Der Verfasser erklärt, dass der Beschluss des Obersten Gerichts vom 19. November 2010 <lb/>von wesentlicher Bedeutung in diesem Bereich ist. Das Oberste Gericht hat den Art. 11a des Gesetzes <lb/>vom 29. August 1997 als die Haftungsgrundlage der Reisebüros richtigerweise angenommen. Viele <lb/>wichtige praktische Probleme wären jedoch in der Zukunft zu klären (z.B. Voraussetzungen der <lb/>Schadenersatzhaftung, Beschränkungen der Haftung, die Höhe der zuerkannten Genugtuung für den <lb/>Reisende u.a.). <lb/>Keywords <lb/>vertaner Urlaub -Entschädigung -polnisches Recht <lb/> Prof. Dr. habil. M. Bączyk ist Inhaber des Lehrstuhles für Bürgerliches Recht und <lb/>Bankrecht an der Nicolaus Kopernikus Universität in Toruń und zugleich Richter der <lb/>Zivilkammer des Obersten Gerichts. Sein Forschungsinteresse bezieht sich vor allem auf das <lb/>Schuld-, Handels, Bank-, Börsen-und Wertpapierrecht, wie auch auf das Recht der <lb/>Forderungsabsicherung und das europäische Wirtschaftsrecht. <lb/>74 | Mirosław Bączyk <lb/>I. ALLGEMEINE BEMERKUNGEN <lb/>Der Tourismus ist heutzutage nicht nur ein wichtiger Bereich der <lb/>gesellschaftlichen Aktivität, aber auch ein wesentlicher Wirtschaftszweig, <lb/>der zu der Entwicklung anderer Branchen, (z.B. Transport-, Bank-, <lb/>Gastronomie-, Hotelbereich usw.) beiträgt. In Polen erfolgte eine <lb/>dynamische Entwicklung der touristischen Dienstleistungen besonders <lb/>nach der wirtschaftlichen Wende der 90-er Jahre des letzten Jahrhunderts, <lb/>was mit dem Wachstum des Lebensstandards der Gesellschaft verbunden <lb/>ist. In den letzten einigen Dutzend Jahren wurden in Polen ca. 8 Tausend <lb/>Unternehmer aus der Tourismusbranche in das Register der <lb/>Reiseveranstalter und Reisevermittler eingetragen, wovon besteht bis heute <lb/>eine aktive Gruppe von 3,5 Tausend Unternehmern 1 . Der Wettbewerb ist <lb/>also hier groβ, wobei der Kundenkreis der polnischen Reisebüros ständig <lb/>wächst. Ein beträchtliches Interesse an der Tourismusbranche in Polen <lb/>(auch von der Sicht des Rechtsschutzes dessen Kunden) stieg im Jahre 2012, <lb/>als es zur Insolvenzen vieler bekannter Reisebüros kam (und das in der <lb/>Urlaubszeit). <lb/>In der letzten Zeit steigt die Zahl der Gerichtssachen gegen <lb/>Reiseveranstalter, darunter -die Zahl der Schadenersatzprozesse gegen <lb/>diese Unternehmen. In dieser Bearbeitung konzentrieren wir uns nur auf <lb/>einen, wesentlichen Aspekt der Tätigkeit der Reiseveranstalter (Reisebüros, <lb/>Reiseagenturen), d.h. auf die Möglichkeit, vom Touristen (Kunden, <lb/>Reisenden) de lege lata ein Genugtuung für den Schaden, der durch die <lb/>Nichterfüllung oder Schlechterfüllung des Vertrages zwischen dem <lb/>Touristen mit dem Reisveranstalter (dem Professionellen in dem <lb/>Touristiksektor) verursacht wurde, zu erlangen. Dieser Schaden besteht <lb/>darin, dass der Reisveranstalter einen solchen Verlauf des Urlaubs (oder <lb/>anderer Form der Erholung des Kunden), der den berechtigten <lb/>Erwartungen des Touristen entsprechen würden, nicht gesichert hat 2 . <lb/>1 Vgl. z.B. K. Piątek, Poprawa bezpieczeństwa turystów [Verbesserung der Sicherheit von <lb/>Touristen], Dziennik Gazeta Prawna [Juristische Zeitung] vom 25.07.2013, S. A11. <lb/>2 Eine umfangreiche Zusammenstellung von Veröffentlichungen und der Rechtsprechung <lb/>in diesem Bereich stellte in letzter Zeit J. Gospodarek, Glosse zum Beschluss des Obersten <lb/>Gericht vom 20.11.2010, III CZP 79/10, Orzecznictwo Sądów Polskich [Die Rechtsprechung <lb/>der polnischen Gerichte] 2012, Nr. 1, S. 8; M. Wałachowska, Odpowiedzialność za niewykonanie <lb/>75 | Das Problem des Schadenersatzes für den sog. vertanen Urlaub <lb/>Der im polnischen Recht geführte Streit, der sich auf die Benennung <lb/>der entsprechenden Rechtsgrundlage der Haftung des Reiseveranstalters <lb/>für den oben genannten Schaden (Pkt. II und III) konzentriert, und der über <lb/>die Konstruktionselemente dieser Haftung (Pkt. V) nicht entschieden hat <lb/>lies die Diskussion über viele Detailfragen, darunter über die Kriterien zur <lb/>Feststellung der Höhe der dem Geschädigten zustehenden Genugtuung <lb/>(Pkt. VI) offen. Selbstverständlich ist hier die Haftung &quot;des <lb/>Reiseveranstalters&quot; im Sinne des Art. 3 Pkt. 5 des Gesetzes vom <lb/>29 August 1997 über die Reisedienstleistungen 3 , d.h. &quot;den Unternehmer, <lb/>der eine Touristenveranstaltung&quot; mit der Teilnahme von Touristen <lb/>organisiert, gemeint. In der letzten Zeit kann man auch in Polen die <lb/>Entwicklung der neuen &quot;Concierge&quot;-Dienstleistung, die von einigen <lb/>Institutionen (z.B. von Banken für die gut situierte Kunden im Rahmen des <lb/>sog. private bankings, wie auch für Einzelunternehmer, angeboten wird) <lb/>beobachten. Wesen dieser Dienstleistung ist u.a. die Buchung auf Antrag <lb/>und Kosten des Berechtigten (des Touristen) des Hotel, der von den <lb/>Reisebüros organisierten Reisen und Karten für Veranstaltungen, an deren <lb/>der Kunde Interesse hat ist. Wenn auch hier die Frage des Schadens in <lb/>Form von der &quot;vertanen Urlaubs&quot; erscheint, der durch die <lb/>Schlechterfüllung des Concierge-Services) verursacht wurde, dann ist die <lb/>Grundlage dieser Haftung für einen solchen Schaden im Vertrag, der den <lb/>Vermittler mit dem Kunden bindet (Art. 471 des Zivilgesetzbuches), zu <lb/>suchen. In Polen tauchen schon solche Schadenersatzverfahren auf (aber <lb/>bisher nur über den Ersatz des Vermögensschadens in Form von <lb/>getragenen Kosten im Zusammenhang mit der Veranstaltung, an der ein <lb/>Tourist unter bestimmten Bedingungen teilnehmen sollte; vgl. Urteil des <lb/>Appellationsgerichts in Wrocław vom 9 Februar 2012, I ACa 10/12 4 ). <lb/>lub nienależyte wykonanie umowy o podróż i zadośćuczynienie za &quot;zmarnowany urlop&quot; [Die Haftung <lb/>für die Nicht-oder Schlechterfüllung des Reisevertrages und die Genugtuung für den sog. &quot;vertanen <lb/>Urlaub&quot; im polnischen Recht], [in:] M. Nesterowicz, Odpowiedzialność biur podróży a ochrona <lb/>klientów w prawie polskim i UE [Die Haftung der Reisebüros und der Rechtschutz der Reisenden im <lb/>polnischen-und EU-Recht], Toruń: Wyższa Szkoła Bankowa 2013, S. 79; M. Nesterowicz, <lb/>Odpowiedzialność cywilna biura podróży za &quot;zmarnowany urlop&quot; w prawie polskim i porównawczym <lb/>[Die Haftung des Reisebüros für den &quot;vertanen Urlaub&quot; im polnischen und in der <lb/>Rechtsvergleichung], Przegląd Sądowy [Gerichtliche Rundchau] 2011, Nr. 5, S. 1. <lb/>3 Dz. U. [Gesetzblatter] 2004, Nr. 222, Pos. 2268 (weiter -Gesetz vom 1997 genannt). <lb/>4 Nicht veröffentlicht. <lb/>76 | Mirosław Bączyk <lb/>In dieser Sache bekam der Kunde von der Beklagten, die die &quot;Concierge&quot;-<lb/>Dienstleistung <lb/>organisierte <lb/>eine <lb/>Entschädigung <lb/>für <lb/>den <lb/>Vermögensschaden, weil sie ihm die Karten &quot;in einer der drei ersten <lb/>Reihen&quot; zur Veranstaltung der Verleihung des &quot;Oskar&quot; -Filmpreises im <lb/>Kodak Theatre in Los Angeles nicht geliefert hat. <lb/>II. DIE ENTWICKLUNG DER RECHTSPRECHUNG DER ORDENTLICHEN <lb/>GERICHTE <lb/>Ähnlich wie in anderen europäischen Ländern entstand eine <lb/>grundsätzliche Frage, wie die Situation, die infolge einer Nichterfüllung <lb/>oder Schlechterfüllung des Vertrages durch den Reiseveranstalter <lb/>entstanden ist und die zur gestörten Ausnutzung oder sogar <lb/>Nichtausnutzung (im Ganzen oder teilweise) der Urlaubszeit durch den <lb/>Touristen im Vergleich zu seinen berechtigten Erwartungen, die er vor dem <lb/>Vertragsabschluβ mit einem Profiveranstalter haben könnte, qualifiziert <lb/>sein sollte. Nach gewissem Zögern (anfangs suchte man hier nach einem <lb/>Vermögensschaden) entwickelte sich eine überwiegende Meinung, dass <lb/>es sich hier um eine besondere Art des immateriellen Schadens handelt <lb/>(denn er verursacht keinen Nachteil am Vermögen des Touristen). Dabei ist <lb/>ein vollkommen realer Schaden, der objektiv besteht und der nicht nur der <lb/>Ausdruck der subjektiven Empfindung des Touristen ist. Im Endergebnis <lb/>entstand das Problem der Gestaltung des rechtlichen Mechanismus des <lb/>Ersatzes eines solchen Schadens im Rahmen der Haftung des Schuldners <lb/>(des Veranstalters) für Leistungsstörungen. <lb/>Die Entwicklung der Anschauungen in verschiedenen Rechtssystemen <lb/>(darunter auch im polnischen Recht) in diesem Bereich ist es leichter <lb/>zu beobachten, wenn man als Anhaltspunkt das bekannte und mehrmals <lb/>kommentierte Urteil des Europäischen Gerichtshofs (EuGH) vom <lb/>12 März 2002 in der Sache C-160/10 (Simone Leitner v. TUI Deutschland <lb/>GmbH and Co.KG) 5 in dem der Art. 5 der Richtlinie des Rates 90/314/EWG <lb/>vom 13 Juli 1990 über Pauschalreisen interpretiert wurde, annimmt 6 . <lb/>5 Amtsblatt der Europäischen Gemeinschaft C 118/11 vom 18.03.2002; auch Eur-Lex <lb/>62000J0168 376570 (weiter -das Urteil des EuGH vom 12.03.2002 genannt). <lb/>6 Dz. Urz. WE L 158/59; 23.06.1990 (weiter -Direktive vomn 13.07.1990). <lb/>77 | Das Problem des Schadenersatzes für den sog. vertanen Urlaub <lb/>Die o.g. Richtlinie gewährt dem Touristen nicht nur den Ersatz des <lb/>Vermögensschadens sondern auch des immateriellen Schadens, der aus der <lb/>Nichterfüllung oder Schlechterfüllung der Dienstleistungen, die <lb/>Bestandteile der Reisveranstaltung sind, resultierte. <lb/>In der Rechtsprechung der polnischen ordentlichen Gerichte <lb/>erschienen einige Grundtendenzen im Bereich der rechtlichen Beurteilung <lb/>der erhobenen Ansprüche auf Genugtuung der &quot;vertanen Urlaubszeit&quot;. <lb/>Eine negative Anschauung in diesem Bereich begründete man in der <lb/>Regel damit, dass im polnischen Recht die Ersatz des immateriellen <lb/>Schadens bei Leistungsstörungen ausgeschlossen ist (z.B. das Urteil des <lb/>Kreisgerichts in Warschau vom 11 November 1976, X C 2687/67 7 ; das <lb/>Urteil des Appellationsgerichts in Warschau vom 10 Juni 2005, <lb/>I ACa 941/04 8 ; ähnlich auch das Urteil des Amtsgerichts in Warschau vom <lb/>28 April 2008, IC 155/07 9 ). In der Begründung des Urteils des Amtsgerichts <lb/>in Warschau vom 28 April 2008 wurde erläutert, dass das Urteil des EuGH <lb/>vom 12 März 2002 keine ausreichende Grundlage zur Äuβerung einer <lb/>anderen <lb/>Anschauung <lb/>darstellt. <lb/>Die <lb/>Genugtuung <lb/>für <lb/>einen <lb/>Nichtvermögensschaden darf nach dieser Auffassung nur im Rahmen der <lb/>Haftung für unerlaubte Handlungen zugesprochen werden. Dagegen <lb/>bindet aber den Veranstalter mit dem Touristen ein Vertrag, der nicht <lb/>erfüllt wurde (vgl. z.B. das Urteil des Appellationsgerichts in Warschau <lb/>vom 9 September 2009, VI ACa 201/09 10 ). <lb/>Unter einem deutlichen Einfluss der Literatur suchte man in der <lb/>Rechtsprechung der ordentlichen Gerichte auch nach der Möglichkeit, die <lb/>Genugtuung für den &quot;vertanen Urlaub&quot; unter Bezugnahme auf die <lb/>Konstruktion der Verletzung des höchstpersönlichen Rechtsgutes des <lb/>Touristen vom Veranstalter zuzuerkennen 11 . Der Urlaubverlust infolge der <lb/>Tätigkeit des Veranstalters (Vertragspartners) konnte -nach dieser <lb/>Auffassung -gleichzeitig die Verletzung &quot;eines höchstpersönlichen <lb/>Rechtes auf einen ungestörten Urlaub&quot; verursachen, was die Möglichkeit <lb/>7 Nicht veröffentlicht. <lb/>8 LexPolonica 379684. <lb/>9 Nicht veröffentlicht. <lb/>10 Lex Polonica 207868. <lb/>11 Die polnische Literatur in dieser Materie stellt umfangreich zusammen z.B. J. Gospodarek, <lb/>Fußnote 5, S. 9. <lb/>78 | Mirosław Bączyk <lb/>eröffnete, dem Touristen die Genugtuung im Zusammenhang mit der <lb/>Verletzung dieses neuen und originellen höchstpersönlichen Rechtgutes, <lb/>das den Rechtsschutz verdient, zuzuerkennen (vgl. z.B. das Urteil des <lb/>Appellationsgerichts <lb/>in <lb/>Warschau <lb/>vom <lb/>9 <lb/>September <lb/>2009, <lb/>VI ACa 201/09 12 , das Urteil des Kreisgerichts in Szczecin vom <lb/>14 November 2008, II Ca 812/08 13 ; hier wurde die Genugtuung für den <lb/>&quot;vertanen Urlaub&quot; gemäβ dem Art. 448 des Zivilgesetzbuches <lb/>zugesprochen und es wurde angenommen, dass der Veranstalter das <lb/>höchstpersönliche Rechtgut der Kläger verletzte, d.h. &quot;das Recht zur <lb/>ungestörten Erholung und Zufriedenheit mit dem Urlaub&quot;). In dieser Sache <lb/>wurde festgestellt, dass die Aufenthaltsbedingungen der Touristen im <lb/>Hotel an der Meeresküste wesentlich vom Inhalt des Vertrages, der mit <lb/>dem Veranstalter abgeschlossen wurde, abgewichen sind. Im Urteil des <lb/>Appellationsgerichts vom 10 Juni 2005, I ACa 941/04 wurde der Anspruch <lb/>der Kläger, die eine Genugtuung wegen Verletzung ihres <lb/>höchstpersönlichen Rechtgutes gefordert haben, ermittelt; es ging u.a. um <lb/>&quot;die Freiheit vom Lärm&quot;, da die Kläger neben einem lauten Generator <lb/>untergebracht wurden 14 . <lb/>Es wurden auch solche Gerichtsentscheidungen erlassen, in denen die <lb/>Möglichkeit der Zuerkennung der Genugtuung für &quot;den vertanen Urlaub&quot; <lb/>auf der Grundlage von allgemeinen Vorschriften über die Haftung für <lb/>Leistungsstörungen angenommen wurde (Art. 471 des Zivilgesetzbuches; <lb/>vgl. z.B. das Urteil des Amtsgerichts in Warschau vom 23 Juli 2008, <lb/>VI C-upr. S. 160/07 15 ; eine falsche Information für den Kunden über die <lb/>Uhrzeit des Abflugs des Flugzeuges nach Ägypten; die Genugtuung <lb/>umfasste &quot;1/4 des Preises der Reise als Ersatzsumme für die getragenen <lb/>Unannehmlichkeiten, für den früher geplanten, jedoch verdorbenen <lb/>Urlaub, den unnötigen langen Weg zum Flughafen&quot;). Diese Genugtuung <lb/>wurde neben dem Vermögensschaden, der im vollen Preis der Reise zum <lb/>Ausdruck kam, zuerkannt. Auffällig ist, dass in diesem Sachverhalt das <lb/>Streben des Gerichts um eine nach der allgemeinen Grundlage zu finden, <lb/>um dem Touristen den Schaden für den &quot;vertanen Urlaub&quot; zu ersetzen, <lb/>12 LexPolonica 207868. <lb/>13 Nicht veröffentlicht. <lb/>14 LexPolonica 379684 (sehen auch die Fußnote 9). <lb/>15 Nicht veröffentlicht. <lb/>79 | Das Problem des Schadenersatzes für den sog. vertanen Urlaub <lb/>durch eine sehr drastische Verletzung der vertraglichen Pflichten des <lb/>Veranstalters bedingt war. <lb/>III. GRUNDTENDENZEN IN DER RECHTSPRECHUNG DES OBERSTEN <lb/>GERICHTS <lb/>Eine interessante Evolution erlebte auch die Rechtsprechung des <lb/>Obersten Gerichts im Bereich der Zuerkennung der Genugtuung an die <lb/>geschädigten Touristen für die &quot;vertane (nutzlos aufgewandte) <lb/>Urlaubszeit&quot;. Es erschienen hier zwei Tendenzen. <lb/>Zum einen, hat das Oberste Gericht die Genugtuung für den Touristen <lb/>im Rahmen der Haftung des Veranstalters für Leistungsstörungen <lb/>anerkannt, obwohl noch nicht im Kontext der Darstellung des Schadens <lb/>als &quot;vertaner Urlaubszeit&quot;. Im Beschluss des Obersten Gerichts vom <lb/>28 März 1968, I CR 64/68 16 wurde die Möglichkeit vorgesehen, von den <lb/>Reisebüros die Genugtuung auf der Grundlage des Art. 166 des <lb/>Obligationenrechts (weiter -&quot;OR&quot;) aus dem Jahre 1934 (Äquivalent des <lb/>derzeitigen Art. 446 § 4 des Zivilgesetzbuches) zuzuerkennen, im <lb/>Zusammenhang mit der Nichtgewährung für den Reisenden rechtzeitig <lb/>einer entsprechenden ärztlichen Behandlung, infolge dessen er am <lb/>Herzinfarkt gestorben ist. Eine ähnliche Haftungsgrundlage des Reisebüros <lb/>wurde z.B. im Urteil des Obersten Gerichts vom 6 Juli 1966, I CR 134/66 <lb/>angewandt 17 . Im Urteil des Obersten Gerichts vom 6 April 1977, <lb/>IV CR 90/77 18 wurde schon als Grundlage der Schadenersatzhaftung der <lb/>Vertrag des Reisebüros mit dem geschädigten Touristen angenommen <lb/>(dem Reisenden wurde ein Schaden zugefügt, indem sich der Balkon, auf <lb/>dem sie stand, in seinem Hotelzimmer abgelöst hat, wobei der Veranstalter <lb/>den technischen Zustand seines Zimmers früher nicht geprüft hat). <lb/>In dieser Entscheidung wurde festgestellt, dass zu den vertraglichen <lb/>Pflichten des Reiseveranstalters die Gewährung einer entsprechenden <lb/>16 Przegląd <lb/>Ustawodawstwa <lb/>Gospodarczego <lb/>[Rundschau <lb/>der <lb/>wirtschaftlichen <lb/>Gesetzgebung] 1967, Nr. 4, S. 37. <lb/>17 Orzecznictwo Sądów Polskich i Komisji Arbitrażowych [Die Rechtsprechung der <lb/>polnischen Gerichten und Arbitragekommissionen] 1967, Nr. 7/8, Pos. 183. <lb/>18 Orzecznictwo Sądów Polskich i Komisji Arbitrażowych [Die Rechtsptrechung der <lb/>polnischen Gerichte und Arbitragekommissionen] 1978, Nr. 11, Pos. 200. <lb/>80 | Mirosław Bączyk <lb/>persönlichen Sicherheit gehört. Es besteht kein Zweifel, dass es in den <lb/>dargestellten <lb/>Sachen <lb/>die <lb/>Möglichkeit <lb/>bestand, <lb/>auch <lb/>die <lb/>Anspruchskonkurrenz der Grundlagen der Schadenersatzhaftung des <lb/>Reisebüros gegenüber dem geschädigten Touristen (ex contractu und <lb/>ex delicto, Art. 443 des Zivilgesetzbuches) anzunehmen. <lb/>Nach anderer Auffassung, die in einigen Urteilen geäußert wurde, <lb/>lehnte man jedoch die Möglichkeit der Zuerkennung der Genugtuung <lb/>für den Touristen im Rahmen der Haftung für Leistungsstörungen des <lb/>Veranstalters ab (z.B. im Urteil des Obersten Gerichts vom 25 Februar 1986, <lb/>III CZP 2/86 19 ). In der Begründung dieses Urteils wurde erläutert, dass das <lb/>Zivilgesetzbuch keine dem Art. 242 des OR aus dem Jahre 1934 <lb/>entsprechende Vorschrift beinhaltet und somit die Zuerkennung der <lb/>Genugtuung ausschließlich im Rahmen der Haftung für unerlaubte <lb/>Handlungen zulässig sei. In dem Sachverhalt dieses Urteils hätte der <lb/>geschädigte Tourist die Genugtuung ausschlieβlich auf der Grundlage des <lb/>Art. 429 des Zivilgesetzbuches, der sich in der Gruppe der Vorschriften <lb/>befindet, die die Delikthaftung betreffen (die Konstruktion der Haftung für <lb/>culpa in eligendo) fordern können. Nach der Meinung des Obersten Gerichts, <lb/>könnten jedoch im Vertrag mit dem Veranstalter Bestimmungen enthalten <lb/>sein, gemäß denen das Reisebüro auch den immateriellen Schaden sich zu <lb/>decken verpflichten würde, der aus der Körperverletzung oder Zerrüttung <lb/>der Gesundheit resultiert. In der Praxis werden jedoch solche Klauseln <lb/>nicht vereinbart. Dagegen werden in allgemeinen Geschäftsbedingungen <lb/>des Veranstalters (Art. 384 des Zivilgesetzbuches) Bestimmungen, die den <lb/>Haftungsausschluß für &quot;Moralschäden&quot;, die vom Touristen erlitten sein <lb/>könnten, vorsehen, konstruiert 20 . <lb/>Bei der Gelegenheit sei es sich zu bemerken, dass aus dem <lb/>Gesichtspunkt der gegenwärtigen Diskussion über die rechtliche Regelung <lb/>der Genugtuung für den &quot;vertaten Urlaub&quot; der schon genannte <lb/>Art. 242 OR eine moderne -und fast wegweisende -Lösung enthielt. <lb/>Bei der Feststellung des Schadenersatzes, der aus der Nicht-oder <lb/>19 Orzecznictwo Sądów Polskich i Komisji Arbitrażowych [Die Rechsprechung der <lb/>polnischen Gerichte und Arbitragekommissionen] 1986, Nr. 6, Pos. 1113. <lb/>20 Vgl. M. Nesterowicz, Prawo turystyczne [Reiserecht], Warszawa: Wolters Kluwer Polska <lb/>2012, S. 105-106 (Beispiele von Urteile des Wettbewerbsschutzschutzgerichts, in denen die <lb/>Unzulässigkeit der Reisevertragsbestimmungen wegen Sittenwidrigkeit festgestellt wurden). <lb/>81 | Das Problem des Schadenersatzes für den sog. vertanen Urlaub <lb/>Schlechterfüllung der Leistung resultiert, ließ er auch die Möglichkeit &quot;der <lb/>entsprechenden Anwendung der Vorschriften über den Ersatz des <lb/>Schadens, der durch eine unerlaubte Handlung zugefügt wurde&quot;, zu. Eine <lb/>solche Lösung könnte eine richtige Grundlage der Zuerkennung der <lb/>Genugtuung für den Touristen wegen der nutzlos aufgewandter <lb/>Urlaubszeit von dem Veranstalter darstellen. An diese Lösung erinnert <lb/>zum teil die Ansicht, nach der einige Vorschriften des Zivilgesetzbuches, <lb/>die zwar im Kapitel, das der Delikthaftung gewidmet ist untergebracht <lb/>wurde, jedoch eine allgemeine Funktion im Rechtssystem erfüllen. Es <lb/>handelt sich um den Art. 444 des Zivilgesetzbuches (er regelte die <lb/>rechtlichen Rechtsfolgen der Zufügung des Schadens an einer Person), die <lb/>-als allgemeine und autonome Norm ihre Anwendung auch im Rahmen <lb/>der Haftung für Leistungsstörungen (Art. 471 des Zivilgesetzbuches) <lb/>finden könnte 21 . Es scheint also, dass schon früher in der Rechtsprechung <lb/>und in der polnischen Lehre Anstrengungen unternommen wurden, die <lb/>zum Ziel die Durchbrechung des starren Prinzips, gemäβ dem die <lb/>Genugtuung für den immateriellen Schaden dem Geschädigten nur im <lb/>Rahmen des Delikthaftungsregimes zuerkannt werden kann, hatten. <lb/>IV. DIE RECHTLICHE BEDEUTUNG DES BESCHLUSSES DES OBERSTEN <lb/>GERICHTS VOM 10. NOVEMBER 2010, III CZP 79/10 <lb/>Eine entscheidende Bedeutung für das polnische Recht hat sicherlich <lb/>der Beschluss des Obersten Gerichts vom 19 November 2010, <lb/>III CZP 79/10 22 . Der Tatbestand der Sache, in der sich das Gericht zweiter <lb/>Instanz an das Oberste Gericht die rechtlichen Frage richtete (im <lb/>Zusammenhang mit den erwähnten Meinungsverschiedenheiten über die <lb/>Grundlage der Haftung des Reiseveranstalters), zeugte eindeutig von dem <lb/>zugefügten immateriellen Schaden in Form eines &quot;vertaten Urlaubs&quot; und <lb/>21 Vgl. J. Rezler, Naprawienie szkody wynikłej ze spowodowania uszczerbku na ciele i zdrowiu <lb/>[Der Schadenersatz im Falle der Körperverletzung und Gesundheitsschädigung], Warszawa: <lb/>Wydawnistwa Prawnicze 1968, S. 31-32; K. Wesołowski, Glosse zum Urteil vom 25.02.1986, <lb/>II CZP 2/86, Orzecznictwo Sądów Polskich i Komisji Arbitrażowych [Die Rechtsprechung <lb/>der polnischen Gereichte und Arbitragekommissionen] 1988, Nr. 2, S. 62. <lb/>22 Orzecznictwo Sądu Najwyższego -Izba Cywilna [Die Rechtsprechung de Obersten <lb/>Gerichts -Zivilkammer] 2001, Nr. 4, Pos. 41. <lb/>82 | Mirosław Bączyk <lb/>kann sogar als typisches (d.h. akademisches) Beispiel des besprochenen <lb/>Schadens dienen. Das Oberste Gericht entschied in diesem Beschluss vor <lb/>allem über die alleine Grundlage der Haftung des Veranstalters dem <lb/>Touristen gegenüber (die Haftung für Leistungsstörungen, Art. 11a Abs. 1 <lb/>des Gesetzes vom 29 August 1997), wobei bildete diese Vorschrift -in der <lb/>Ansicht des Obersten Gerichts -ein lex specialis im Bezug zu der <lb/>allgemeinen Vorschrift des Art. 471 des Zivilgesetzbuches). Die vom <lb/>Obersten Gericht vorgenommene Auslegung dieser Vorschrift entspricht <lb/>dem Art. 5 Abs. 1 und 5 der Richtlinie vom 13 Juni 1990. Gleichzeitig lehnte <lb/>das Oberste Gericht andere, in der Lehre vorgeschlagene Grundlagen einer <lb/>eventuellen <lb/>Schadenersatzhaftung <lb/>des <lb/>Reiseveranstalters <lb/>für <lb/>Leistungsstörungen (ex contractu) ab 23 . Das Oberste Gericht lehnte auch die <lb/>in der Rechtslehre stark vertretene Auffassung, nach der die <lb/>Rechtsgrundlage für die Genugtuung für den &quot;vertanen Urlaub&quot; in den <lb/>Vorschriften über den Schutz des höchstpersönlichen Rechtsgutes des <lb/>Touristen zu finden sein (Art. 23, Art. 24 und Art. 448 des <lb/>Zivilgesetzbuches) ab. Überzeugend erläuterte das Oberste Gericht, dass <lb/>im polnischen Recht, zwar ein offener Katalog des höchstpersönlichen <lb/>Rechtsgüter besteht (Art. 23 des Zivilgesetzbuches), jedoch das <lb/>höchstpersönliche Rechtsgut als &quot;Recht auf eine ungestörte Erholung, das <lb/>einem Verbraucher, der einen Vertrag über die Erbringung der <lb/>touristischen Dienstleistungen abschlieβt&quot;, nicht konstruiert werden <lb/>kann 24 . In der Begründung dieses Beschlusses befinden sich auch <lb/>allgemeinere Bemerkungen, die die im Beschluss angenommenen <lb/>Konstruktionselemente der Haftung des Reiseveranstalters betreffen. Die <lb/>nach der Erlassung dieses Beschlusses des Obersten Gerichts getroffenen <lb/>Entscheidungen des Obersten Gerichts, bestätigten die Auffassung, die im <lb/>23 Eine vertiefte Kritik der Ansicht des Obersten Gerichts (z.B. wegen zuweitgehender die <lb/>ausdehnenden gerichtliche Auslegung vom Art. 11a des Gesetzes vom 1997, und sogar eines <lb/>&quot;ungesundes Präzedenzfalls&quot;) hat M. Loik, Glosse zum Beschlusses des Obersten Gerichts <lb/>vom 19.11.2010, Europejski Przegląd Sądowy [Der Europäische Gerichtsrundschau] 2011, <lb/>Nr. 9, S. 47 unternommen. <lb/>24 Diese Auffassung wurde in der Literatur und in anderen Urteilen des Obersten Gerichts <lb/>unterstützt; siehe -z.B. M. Nesterowicz, Glosse zum Urteil der Obersten Gerichts vom <lb/>24.03.2001, I CSK 372/10, Orzecznictwo Sądów Polskich [Die Rechtsprechung der polnischen <lb/>Gerichte] 2012, Nr. 1, Pos. 3. <lb/>83 | Das Problem des Schadenersatzes für den sog. vertanen Urlaub <lb/>diesem Beschluss vertreten wurde 25 und zeugen somit von der Festigung <lb/>einer neuen Linie der Rechtsprechung. <lb/>V. KONSTRUKTIONSELEMENTE DER HAFTUNG DES REISEVERANSTALTERS <lb/>FÜR DEN &quot;VERTANEN URLAUB&quot; <lb/>Selbstverständlich konnte der allgemeine Beschluss des Obersten <lb/>Gerichts vom 10 November 2010 nicht über viele detaillierte Fragen der <lb/>Profihaftung für Leistungsstörungen des Reiseveranstalters dem Touristen <lb/>gegenüber für den &quot;vertatnen Urlaub&quot; entscheiden. Im polnischen Recht, <lb/>anders als in anderen Rechtssystemen (z.B. dem deutschen Recht) kam es <lb/>nicht zur rechtlichen Typisierung &quot;des Reisevertrages&quot; im Zivilgesetzbuch, <lb/>obwohl <lb/>Vorschläge <lb/>solcher <lb/>Regelung <lb/>(mit <lb/>entsprechenden <lb/>Gesetzesentwürfen) vorgestellt wurden 26 . Einige Vorschläge von <lb/>detaillierten Gesetzgebungslösungen fanden ihren Platz im 3. Kapitel des <lb/>Gesetzes vom 29 August 1997 und vielleicht werden sie in der Zukunft den <lb/>Ausgangspunkt für eine mehr synthetischere Regelungen im <lb/>Zivilgesetzbuch darstellen. Jedenfalls bildet de lege lata eine Grundlage für <lb/>den Anspruch auf die Genugtuung für den &quot;vertanen Urlaub&quot; &quot;der <lb/>Reisevertrag der in diesem Gesetz geregelt ist. In der Regel bedienen sich <lb/>die Reiseveranstalter auch breit mit &quot;allgemeinen Teilnahmebedingungen&quot; <lb/>(Geschäftsbedingungen, Art. 384 des Zivilgesetzbuches). <lb/>Der Reiseveranstalter trägt gegenüber dem Touristen die <lb/>Gefährdungshaftung. <lb/>Das <lb/>Verschuldensprinz <lb/>(Art. <lb/>471 <lb/>des <lb/>Zivilgesetzbuches) wurde ausgeschlossen, was einen weitgehenden Schutz <lb/>des Touristen auch in Bezug auf den Schaden in Form vom &quot;vertanen <lb/>Urlaubs&quot; bedeutet. Den Veranstalter befreien von der Haftung <lb/>ausschlieβlich drei, von ihm nachgewiesene Umstände, wobei sie eine <lb/>ausschlieβliche Ursache der Leistungsstörung darstellen müssen, d.h. die <lb/>höhere Gewalt, das Handeln oder die Unterlassen des Touristen, das <lb/>25 Siehe das Urteil in der Fußnote Nr. 24. <lb/>26 Siehe M. Nesterowicz, Projekt regulacji umowy o podróż w k.c. [Der Entwurf der Regelung des <lb/>Reisevertrags im ZGB] [in:] P. Cybula, J. Raciborski, Turystyka a prawo. Aktualne problemy <lb/>legislacyjne i konstrukcyjne [Tourismus und Recht Aktuelle Gesetzgebungs-und <lb/>Konstruktionsprobleme], Sucha Beskidzka-Kraków: Wyższa Szkoła Turystyki i Ekologii 2008, <lb/>S. 41. <lb/>84 | Mirosław Bączyk <lb/>Handeln oder das Unterlassen eines Dritten, der an der Erbringung der <lb/>vertraglich vorgesehen Leistung nicht beteiligt ist und wenn dessen <lb/>Handeln oder dieses Unterlassen nicht vorausgesehen oder vermieden <lb/>werden könnte (Art. 11a Abs. 2 des Gesetzes vom 29 August 1997). Diese <lb/>Vorschrift hat einen zwingenden Charakter und darf zum Nachteil des <lb/>Touristen nicht modifiziert werden (Art. 58 §1 des Zivilgesetzbuches). Der <lb/>Veranstalter wird also z.B. von der Begleichung der Genugtuung für den <lb/>&quot;vertanen Urlaub&quot; des Touristen nicht befreit, wenn er ihn versicherte, <lb/>dass z.B. es möglich wäre, entsprechende Sportarten zu treiben, wobei es <lb/>rechtliche oder tatsächliche Beschränkungen am Ort der Veranstaltung <lb/>auftreten (z.B. das in einigen Mittelmeerländern geltende rechtliche Verbot <lb/>der Gewinnung jeglicher Gegenstände vom Meeresboden). Gerichte <lb/>überprüfen entsprechend die Bestimmungen der allgemeinen <lb/>Geschäftsbedingungen der Reiseveranstalter, in denen Versuche <lb/>unternommen werden, die erwähnten Entlastungsumstände &quot;näher zu <lb/>bestimmen&quot;. Im Urteil des Appellationsgerichts in Warschau vom <lb/>27 Januar 2010, VI ACa 585/10 27 wurde zutreffend angenommen, dass <lb/>gemäß Art. 11a Abs. 1 des Gesetzes aus dem Jahre 1997 &quot;technischen <lb/>Ausfälle von Transportmittel, die Schlangen an Grenzen und <lb/>Zolltätigkeiten&quot; <lb/>zu <lb/>den <lb/>Entlastungsumständen <lb/>nicht <lb/>gehören <lb/>(interessanterweise wurde hier auch erläutert, dass &quot;Wetterbedingungen <lb/>nur in einigen, vereinzelten Fällen mit dem Begriff «der höheren Gewalt» <lb/>gleichgesetzt werden könnten&quot;). <lb/>Der immaterielle Schaden wegen des &quot;vertanen Urlaubs&quot; sollte im <lb/>adäquaten Kausalzusammenhang mit der Leistungsstörung durch den <lb/>Veranstalter bestehen (Art. 361 §2 des Zivilgesetzbuches). Der geschädigte <lb/>Reisende trägt die Beweislast und hat diesen Kausalzusammenhang und <lb/>andere Voraussetzungen der Schadenersatzhaftung des Veranstalters <lb/>nachzuweisen, d.h. die Nicht-oder die Schlechterfüllung des Vertrages <lb/>und der Tatsache &quot;der nutzlos aufgewandter des Urlaubszeit&quot; (in welchem <lb/>Sinne hat die Veranstaltung seine begründeten Erwartungen, die mit ihrem <lb/>Charakter und mit ihrem Verlauf in Verbindung stehen, nicht erfüllt). <lb/>In der Literatur und in der Rechtsprechung wurde schon eine <lb/>allgemeine Formel &quot;vertaner (verdorbener) Urlaub&quot; als eine besondere Art <lb/>27 Lex 112275. <lb/>85 | Das Problem des Schadenersatzes für den sog. vertanen Urlaub <lb/>des dem Reisenden zugefügten immateriellen Schadens infolge der <lb/>Nicht-oder Schlechterfüllung des Reisevertrages gesehen. Unzweifelhaft <lb/>handelt es sich hier um jede Art der Erholung, die für den Touristen im <lb/>Rahmen eines solchen Vertrages organisiert wird, also auch z.B. die <lb/>Sommererholung von Studenten, Schülern, die Erholung von Rentnern und <lb/>Personen, <lb/>die <lb/>keine <lb/>berufliche <lb/>Aktivität <lb/>ausüben, <lb/>die <lb/>Rehabilitationsveranstaltungen. Die Überzeugung eines Touristen über den <lb/>&quot;vertanen Urlaub&quot; umfasst, selbstverständlich, viele verschiedene <lb/>Situationen, die zum begründeten Mangel an der Zufriedenheit des <lb/>Reisenden mit der für ihm organisierten Erholung führen (z.B. ein <lb/>niedrigerer Standard der Leistungen, oder unterbleiben einiger Leistungen, <lb/>das Gefühl des Unbehagens, der Verlust der erwarteten künstlerischen, <lb/>sportlichen, kulinarischen Erlebnisse, d.h. die Verschwendung der für die <lb/>Erholung bestimmten Zeit, die aus der mangelhaften Organisation der <lb/>Reise resultiert, Lebensmittelvergiftung im Hotel, die eine aktive Erholung <lb/>unmöglich macht, die Nichtsicherung des persönlichen Schutzes des <lb/>Touristen, mangelhafte Organisation der ärztlichen Hilfe, overbooking der <lb/>Fluggesellschaft). Beispiele solcher typischen Situationen liefert ständig die <lb/>Rechtssprechung. Das Bestehen eines immateriellen Schadens des <lb/>Touristen in Form vom &quot;verlorenen Urlaubs&quot; ist immer in conreto zu <lb/>beurteilen, und die entscheidende Bedeutung wird hier -allgemein gesagt <lb/>-der Vergleich der Vertragsbestimmungen und die Art und Weise ihrer <lb/>Ausführung <lb/>mit <lb/>begründeten, <lb/>persönlichen <lb/>(individualisierten) <lb/>Erwartungen des Touristen haben. Es ist dabei in Betracht zu ziehen, dass <lb/>es sich hier um das Handeln des Profiveranstalters im Zeitraum der <lb/>Touristenveranstaltung handelt, während dessen der Tourist in ein <lb/>bestimmtes Programm dieser Veranstaltung &quot;aufgenommen&quot; wird. Die <lb/>besprochene Haftung des Veranstalters gehört zur allgemeinen Kategorie <lb/>der Berufshaftung. <lb/>VI. DAS PROBLEM DER BESTIMMUNG DER KRITERIEN ZUR FESTSTELLUNG <lb/>DER HÖHE DER GENUGTUUNG <lb/>Die bisher bekannten Entscheidungen der polnischen Gerichte stellen <lb/>noch keine Grundlagen der maβgeblichen Verallgemeinerungen betreffend <lb/>die Höhe der zuerkannten Genugtuung für den &quot;verlorenen Urlaub&quot; des <lb/>86 | Mirosław Bączyk <lb/>Touristen dar. Bis zur Fassung des Beschlusses des Obersten Gerichts vom <lb/>19. November 2010 konzentrierte man sich nämlich meistens auf die Suche <lb/>nach der Grundlage der Haftung des Veranstalters, und nicht auf der Höhe <lb/>der dem Geschädigten zustehenden Geldentschädigung und Methoden <lb/>ihrer Feststellung. Solche Ansprüche können neben dem Anspruch auf <lb/>Ersatz des Vermögensschadens, der aus der Nicht-oder der <lb/>Schlechterfüllung des Reisevertrags resultiert (z.B. die Erstattung des <lb/>vollen oder eines Teils des Reisepreises), geltend gemacht werden. <lb/>Ausgangspunkt zur Bestimmung der Berechnungskriterien sollte die <lb/>Kompensationsfunktion, die auch die besprochene Genugtuung zu erfüllen <lb/>hat, darstellen. Die Erarbeitung der maβgebenden Kriterien solcher <lb/>Schadenskompensation hat in der Rechtsprechungspraxis zu erfolgen. <lb/>Beispielsweise könnte man diesbezüglich auf den Veranstaltungscharakter <lb/>selbst hindeuten (z.B. eine groβe Zahl Veranstaltungselementen, an denen <lb/>der Geschädigte nicht teilnehmen konnte), Kenntnis des Veranstalters der <lb/>Erwartungen und Vorzüge des Touristen (z.B. im Falle einer Veranstaltung, <lb/>die ein entsprechendes berufliches, ästhetisches, religiöses oder sportliches <lb/>Profil hat) und den Preis der Dienstleistung als Maβstab für das Niveau des <lb/>zu erwartenden Services. In einigen Situationen kann wohl die <lb/>Verurteilung zur &quot;Erstattung des Veranstaltungspreises&quot; als eine <lb/>angemessene Genugtuung betrachtet werden, wenn das der Absicht des <lb/>Klägers, der eine Reise der misslungenen ähnlich zu finanzieren vorhat, <lb/>entspricht. Jedenfalls soll die Höhe der Genugtuung mit dem Umfang und <lb/>dem Charakter der nicht erfüllten, jedoch berechtigten Erwartungen des <lb/>Touristen, die ihm die von dem Veranstalter angebotene Reise gewähren <lb/>sollte, entsprechend im Einklang stehen. Schon in älterer Rechtsprechung <lb/>der deutschen Gerichte relativierte man auf eine interessante Art und <lb/>Weise das Niveau der zustehenden Genugtuung im Bezug auf die <lb/>beruflichen Aktivitäten des Touristen, der eine Reise antritt, (vgl. das in der <lb/>Literatur beschriebene Urteil des Bundesgerichtshofs aus dem Jahre 1975, <lb/>sog. Rumänien Fall; die Feststellung der Höhe der Genugtuung für den <lb/>Touristen in Abhängigkeit von seinem festen Monatseinkommen, <lb/>Tagesverdienst und die Vervielfachung dieser Summe durch &quot;die <lb/>verlorenen Urlaubstage&quot; 28 ). <lb/>28 Näher darüber z.B. Nesterowicz, Fußnote 20, S. 101-102. <lb/>87 | Das Problem des Schadenersatzes für den sog. vertanen Urlaub <lb/>Die beispielsweise genannten Kriterien (der Reisepreis, der Inhalt ihres <lb/>Programms, das feste Einkommen des Touristen u.a.) -unabhängig von <lb/>ihrer Beurteilung -beinhalten jedoch Faktoren, die es ermöglichen, die <lb/>Höhe der dem Touristen zustehenden Genugtuung zu objektivieren und <lb/>zu rationalisieren. Jedenfalls offen bleibt, das Problem der Bearbeitung pro <lb/>futuro &quot;eines Mustertabelle zur Berechnung der Genugtuung&quot; für den <lb/>immateriellen Schaden, der durch den &quot;vertanen Urlaub&quot; verursacht <lb/>wurde. Vielleicht wäre könnte hierzu als Vorbild die konzeptionell <lb/>gelungene sog. frankfurter Tabelle, die auf die Standardisierung des <lb/>schwer messbaren Vermögensschadens des Touristen abzielt, dienen. Die <lb/>Idee der Standardisierung der Genugtuung scheint im europäischen <lb/>Zivilrecht zu leben 29 . <lb/>Sicherlich sollte man die Kriterien, die in der Rechtsprechung <lb/>erarbeitet wurden, und die die Höhe der Genugtuung für den <lb/>immateriellen Schaden, der durch die Verletzung des höchstpersönlichen <lb/>Rechtsgutes verursacht wurde, betreffen, ziemlich vorsichtig anwenden. <lb/>Die Ähnlichkeit mit dem Charakter selbst des zugefügten Schadens <lb/>(immaterieller Schaden) kann jedoch die Art des rechtswidrig verletzten <lb/>Gutes (eine gelungene Erholung, das höchstpersönliche Rechtsgut) und die <lb/>Art des Bedürfnisses seines Schutzes nicht verdecken (ein intensiverer <lb/>Schutz sollte sicherlich einem höchstpersönlichen Rechtsgut als dem <lb/>psychischen Unbehagen, das durch den Zustand des &quot;misslungenen <lb/>Urlaubs&quot; verursacht wurde, gewährt werden). Mit anderen Worten handelt <lb/>es sich hier jedoch um eine andere Gestallt des substanziellen <lb/>immateriellen Schadens, der ausschlieβlich im Zusammenhang und <lb/>während der Reiseveranstaltung zugefügt wurden könnte. <lb/>Es kommt vor, dass die Reiseveranstalter -indem sie die Ansprüche <lb/>des Kunden auf Schadensersatz wegen des &quot;vertanen Urlaubs&quot; anerkennen <lb/>(mindestens im Prinzip, und nicht unbedingt der Höhe nach) den Kunden <lb/>sog. Reisegutscheine anbieten (in der Regel in der Höhe von 100-200 EUR), <lb/>29 Siehe z.B. E. Karner, Ustalanie zadośćuczynienia za szkodę na osobie w wybranych systemach <lb/>prawnych [Feststellung der Genugtuung für den Schaden an der Person in ausgewählte <lb/>Rechtssystemen, [in:] A. Koch (Redakteur), Zadośćuczynienie za uszkodzenie ciała lub uszczerbek <lb/>na zdrowiu na tle innych systemów prawnych [Die Genugtuung in Falle der Körperverletzung und <lb/>Gesundheitsschädigung aus der Sicht anderer Rechtssysteme], Warszawa: Centrum Edukacji <lb/>Ubezpieczeniowej 2012, S. 69. <lb/>88 | Mirosław Bączyk <lb/>was entsprechende Preisnachlässe bei der Bezahlung des Preises aus einen <lb/>künftigen Reisevertrages mit demselben Veranstalter gewährt. Wenn dies <lb/>als Vergleichvertrag der Parteien (Art. 917 des Zivilgesetzbuches) <lb/>betrachtet sein sollte, dann müsste dieses Zugeständnis des Touristen im <lb/>Bezug auf die ihm zustehenden Genugtuung in voller Höhe aus seinem <lb/>Inhalt sich ergeben 30 . <lb/>VII. WEITERE DETAILFRAGEN <lb/>Es wäre noch zu unterstreichen, dass mit der Genugtuung für den <lb/>immateriellen Schaden wegen des &quot;vertatnen Urlaubs&quot; noch viele andere, <lb/>detaillierte Rechtsfragen in Verbindung stehen. Es kann eine Frage z.B. <lb/>der Zulässigkeit der Abtretung des Anspruches auf eine solche <lb/>Genugtuung entstehen (Art. 509 §1 des Zivilgesetzbuches), der Zulässigkeit <lb/>seiner Vererbung (vgl. Art. 445 §3 des Zivilgesetzbuches in Bezug auf die in <lb/>den Vorschriften des Zivilgesetzbuches vorgesehene Genugtuung). In <lb/>Bezug auf die Vererbung kann man sich auf die allgemeine Vorschrift des <lb/>Art. 922 des Zivilgesetzbuches und den deutlichen Mangel des Verbotes <lb/>des Erwerbs mortis causa berufen. Man kann auch die Meinung vertreten, <lb/>dass die Vererbung des Anspruches auf die Genugtuung für den &quot;vertanen <lb/>Urlaub&quot; mit dem Geschädigten so gebunden ist, dass seine Vererbung nur <lb/>dann zulässig wäre, wenn es so durch die eindeutige Vorschrift bestimmt <lb/>(wie z.B. Art. 445 §3 des Zivilgesetzbuches) sein würde. Richtiger scheint <lb/>aber die erste Anschauung zu sein. <lb/>Auf den Reiseveranstalter wurde Kraft Gesetz eine Pflicht zur <lb/>Hilfeleistung <lb/>für <lb/>den <lb/>geschädigten <lb/>Kunden <lb/>während <lb/>der <lb/>Reiseveranstaltung auferlegt, wenn keine Grundlagen zur Begründung der <lb/>Schadenersatzhaftung des Veranstalter bestanden (Art. 11a Abs. 2 des <lb/>Gesetzes aus dem Jahre 1997). Zweifellos entsteht eine solche Pflicht auch <lb/>dann, wenn dem Touristen ein Schaden in Form des &quot;vertanen Urlaubs&quot; <lb/>zugefügt wurde, soweit dieser Zustand schon während der <lb/>30 Über die Steuerkonsequenzen, die die Auszahlung der Genugtuung für den &quot;vertanen <lb/>Urlaub&quot; auf Grund des außergerichtlichen Vergleiches bewirken könnte -siehe <lb/>M. Majkowska, Fiscus może domagać się podatku od odszkodowania za &quot;zmarnowany urlop&quot; <lb/>[Der Fiscus kann eine Steuer von der Entschädigung für den &quot;vertanen Urlaub&quot; fordern], Dziennik <lb/>Gazeta Prawna [Juristische Zeitung) vom 26-28.07.2013, S. B2. <lb/>89 | Das Problem des Schadenersatzes für den sog. vertanen Urlaub <lb/>Reisveranstaltung aufgetaucht ist (er mindestens durch den Touristen <lb/>angedeutet wurde) und er eine entsprechende Abhilfe des Veranstalters <lb/>benötigen würde. <lb/>Obwohl es nicht schwer ist, den Normzweck einer solcher Pflicht des <lb/>Veranstalters zu verstehen (der Tourist bleibt in gewissem Sinn abhängig <lb/>von den Maßnahen des Veranstalters), ist es schwerer, den Rechtscharakter <lb/>dieser Pflicht und ihren Inhalt mit Sicherheit zu bestimmen. Es handelt sich <lb/>hier vermutlich um eine Kraft Gesetz entstehende, zusätzliche und zeitig <lb/>begrenzte Pflicht des Veranstalters dem geschädigten Touristen gegenüber. <lb/>Die Pflicht sollte man daher nicht aus dem Reisevertrag herleiten (Art. 11a <lb/>Abs. 1 des Gesetzes, Art. 56 des Zivilgesetzbuches). Man könnte sich <lb/>folglich in diesem Fall nicht auf die Geschäftsführung ohne Auftrag <lb/>berufen (Art. 752 des Zivilgesetzbuches). Die Verletzung der Pflicht zur <lb/>Hilfeleistung könnte also die Haftung des Veranstalters für <lb/>Leistungsstörungen nach allgemeinen Regeln (Art. 471 des <lb/>Zivilgesetzbuches) begründen, was bedeuten würde, dass das <lb/>Haftungsprinzip des Veranstalters in diesem Falle jedoch das <lb/>Verschuldensprinzip wäre. Es wäre nämlich schwer, die Verletzung der <lb/>besprochenen Pflicht dem Regime der Gefährdungshaftung des <lb/>Veranstalters auszusetzen. Auβerdem würde diese Pflicht erst dann <lb/>entstehen, wenn der Tatbestand einer Nicht-oder Schlechterfüllung des <lb/>Vertrages, für den der Veranstalter nicht haften könnte, schon entstanden <lb/>wäre. Man kann allgemein feststellen, dass der Inhalt der Pflicht der <lb/>Hilfeleistung in conreto in Abhängigkeit von u.a. Gründen und dem <lb/>Charakter des immateriellen Schadens, den man nicht vermeiden kann <lb/>(während der Veranstaltung), in Form vom &quot;vertanen Urlaubs&quot; (z.B. die <lb/>Sicherung der ärztlichen Hilfe im Falle der Krankheit des Touristen, die <lb/>unabhängig von den Handlugen des Veranstalters vorgekommen ist) <lb/>festgestellt werden sollte. In der Rechtssprechung wurde diese Pflicht zur <lb/>Hilfeleistung nicht näher analysiert, und es sind auch keine Beispiele ihrer <lb/>praktischen Anwendung im Verhältnis Reiseveranstalter -Tourist <lb/>aufgetaucht. </listBibl>


	</text>
</tei>
