<?xml version="1.0" ?>
<TEI xml:space="preserve" xmlns="http://www.tei-c.org/ns/1.0" xmlns:xlink="http://www.w3.org/1999/xlink" 
 xmlns:mml="http://www.w3.org/1998/Math/MathML">
	<teiHeader>
		<fileDesc>
			<sourceDesc>
				<biblStruct>
					<analytic>


						<author>| <surname>Mirosław</surname> <forename>Bączyk</forename> <middlename>I</middlename>. <surname>ALLGEMEINE</surname> BEMERKUNGEN <surname>Der</surname></author>

						<author><surname>Vgl</surname>. <middlename>z</middlename>.<middlename>B</middlename>. <middlename>K</middlename>. <surname>Piątek</surname></author>

						<author><surname>Zeit</surname> <forename>J</forename>. <surname>Gospodarek</surname> ; <forename>M</forename>. <surname>Wałachowska</surname> ; <forename>M</forename>. <surname>Nesterowicz</surname></author>

						<author><surname>Dz</surname>. <middlename>U</middlename></author>

						<author>| <surname>Mirosław</surname> <forename>Bączyk</forename></author>

						<author><surname>Dz</surname>. <surname>Urz</surname></author>

						<author>| <surname>Das</surname></author>

						<author>| <surname>Mirosław</surname> <forename>Bączyk</forename> <surname>eröffnete</surname></author>

						<author><surname>Gesetzgebung</surname></author>

						<author><forename>M</forename>. <surname>Nesterowicz</surname></author>

						<author><surname>Vgl</surname>. <middlename>J</middlename>. <surname>Rezler</surname></author>

						<author><forename>K</forename>. <surname>Wesołowski</surname></author>

						<author>| <surname>Das</surname></author>

						<author><forename>V. KONSTRUKTIONSELEMENTE DER HAFTUNG DES REISEVERANSTALTERS FÜR DEN &quot;VERTANEN</forename> <surname>URLAUB</surname></author>

						<author><surname>Siehe</surname> <forename>M</forename>. <surname>Nesterowicz</surname> <forename>;</forename> <middlename>P</middlename>. <surname>Cybula</surname>, <forename>J</forename>. <surname>Raciborski</surname></author>

						<author>| <surname>Mirosław</surname> <forename>Bączyk</forename></author>

						<author>| <surname>Das</surname></author>

						<author><surname>Siehe z</surname>.<middlename>B</middlename>. <middlename>E</middlename>. <surname>Karner</surname></author>

						<author>| <surname>Das</surname></author>

						<author><surname>Abs</surname></author>

					</analytic>
				</biblStruct>
			</sourceDesc>
		</fileDesc>
	</teiHeader>
</TEI>
