<?xml version="1.0" ?>
<TEI xml:space="preserve" xmlns="http://www.tei-c.org/ns/1.0" xmlns:xlink="http://www.w3.org/1999/xlink" 
 xmlns:mml="http://www.w3.org/1998/Math/MathML">
	<teiHeader/>
	<text>
		<front/>
		<body/>
		<back>
<listBibl>
	<bibl><title level="m">Der Tourismus ist heutzutage nicht nur ein wichtiger Bereich der gesellschaftlichen Aktivität, aber auch ein wesentlicher Wirtschaftszweig, der zur Entwicklung anderer Branchen</title>, (z.<note type="report">B. der Transport</note>-, Bank-, Gastronomie-, <title level="a">Hotelbranche und vieler anderen) beiträgt</title>. In <title level="m">Europa und in Polen auch erfolgte ein dynamische Entwicklung der touristischen Dienstleistungen</title>. <title level="a">In der letztem Zeit steigt die Zahl der Schadensersatzprozesse gegen Reisebüros (Reiseagenturen)</title>. <title level="a">In dem Artikel konzentriert sich der Verfasser auf die Frage, ob im polnischen Recht es zulässig wäre, durch einen Touristen (Reisenden) de lege lata Schmerzensgeld für den immateriellen Schaden (d.h. für den sog</title>. &quot;<title level="m">vertanen Urlaub&quot;) geltend zu machen</title>. <title level="a">Ein besonderer Schaden besteht darin, dass das Reisebüro -durch die Nicht-oder Schlechterfüllung des Reisevetrages -einen solchen Verlauf des Urlaubs oder andere Form der Erholung des Kunden, die seinen berechtigten Erwartungen entsprechen würde, nicht gewährleistet hat. Die Rechtsprechung der ordentlichen Gerichte und des Obersten Gerichts suchte seit langem nach einer entsprechenden Rechtsgrundlage der Haftung der Reisebüros für den sog</title>. &quot;<title level="m">vertanen Urlaub</title>&quot;. <title level="a">Der Verfasser erklärt, dass der Beschluss des Obersten Gerichts vom 19. November 2010 von wesentlicher Bedeutung in diesem Bereich ist. Das Oberste Gericht hat den Art. 11a des Gesetzes vom 29. August 1997 als die Haftungsgrundlage der Reisebüros richtigerweise angenommen</title>. <title level="m">Viele wichtige praktische Probleme wären jedoch in der Zukunft zu klären (z.B. Voraussetzungen der Schadenersatzhaftung</title>, <title level="j">Beschränkungen der Haftung, die Höhe der zuerkannten Genugtuung für den Reisende u.a.). der Zivilkammer des Obersten Gerichts. Sein Forschungsinteresse</title> <note>bezieht sich vor allem auf das Schuld-, Handels, Bank-, Börsen-und Wertpapierrecht, wie auch auf das Recht der Forderungsabsicherung und das europäische Wirtschaftsrecht</note>.</bibl>
	<bibl><author>| Mirosław Bączyk I. ALLGEMEINE BEMERKUNGEN Der</author> <title level="m">Tourismus ist heutzutage nicht nur ein wichtiger Bereich der gesellschaftlichen Aktivität, aber auch ein wesentlicher Wirtschaftszweig, der zu der Entwicklung anderer Branchen</title>, (<editor>z.B. Transport-, Bank-, Gastronomie-</editor>, <title level="a">Hotelbereich usw.) beiträgt</title>. In <title level="m">Polen erfolgte eine dynamische Entwicklung der touristischen Dienstleistungen besonders nach der wirtschaftlichen Wende der 90-er Jahre des letzten Jahrhunderts, was mit dem Wachstum des Lebensstandards der Gesellschaft verbunden ist</title>. <title level="a">In den letzten einigen Dutzend Jahren wurden in Polen ca. 8 Tausend Unternehmer aus der Tourismusbranche in das Register der Reiseveranstalter und Reisevermittler eingetragen, wovon besteht bis heute eine aktive Gruppe von 3,5 Tausend Unternehmern 1 . Der Wettbewerb ist also hier groβ, wobei der Kundenkreis der polnischen Reisebüros ständig wächst. Ein beträchtliches Interesse an der Tourismusbranche in Polen (auch von der Sicht des Rechtsschutzes dessen Kunden) stieg im Jahre 2012, als es zur Insolvenzen vieler bekannter Reisebüros kam (und das in der Urlaubszeit)</title>. <title level="a">In der letzten Zeit steigt die Zahl der Gerichtssachen gegen Reiseveranstalter, darunter -die Zahl der Schadenersatzprozesse gegen diese Unternehmen</title>. In <title level="m">dieser Bearbeitung konzentrieren wir uns nur auf einen, wesentlichen Aspekt der Tätigkeit der Reiseveranstalter (Reisebüros, Reiseagenturen), d.h. auf die Möglichkeit, vom Touristen</title> (<publisher>Kunden</publisher><title level="a">, Reisenden) de lege lata ein Genugtuung für den Schaden, der durch die Nichterfüllung oder Schlechterfüllung des Vertrages zwischen dem Touristen mit dem Reisveranstalter (dem Professionellen in dem Touristiksektor) verursacht wurde, zu erlangen. Dieser Schaden besteht darin, dass der Reisveranstalter einen solchen Verlauf des Urlaubs</title> (<note>oder anderer Form der Erholung des Kunden), der den berechtigten Erwartungen des Touristen entsprechen würden, nicht gesichert hat 2</note> .</bibl>
	<bibl><author>Vgl. z.B. K. Piątek</author>, <title level="m">Poprawa bezpieczeństwa turystów</title> [<note>Verbesserung der Sicherheit von Touristen</note>], <title level="m">Dziennik Gazeta Prawna</title> [<note>Juristische Zeitung] vom 25.07.2013, S. A11</note>.</bibl>
	<bibl><title level="a">Eine umfangreiche Zusammenstellung von Veröffentlichungen und der Rechtsprechung in diesem Bereich stellte in letzter</title> <author>Zeit J. Gospodarek</author>, <title level="m">Glosse zum Beschluss des Obersten Gericht vom 20.11</title>.<date>2010</date>, <idno>III CZP 79/10</idno>, <title level="m">Orzecznictwo Sądów Polskich</title> [<note>Die Rechtsprechung der polnischen Gerichte</note>] <date>2012</date>, Nr. 1, S. 8; <author>M. Wałachowska</author>, <title level="a">Odpowiedzialność za niewykonanie 75 | Das Problem des Schadenersatzes für den sog. vertanen Urlaub Der im polnischen Recht geführte Streit, der sich auf die Benennung der entsprechenden Rechtsgrundlage der Haftung des Reiseveranstalters für den oben genannten Schaden (Pkt. II und III) konzentriert, und der über die Konstruktionselemente dieser Haftung (Pkt. V) nicht entschieden hat lies die Diskussion über viele Detailfragen, darunter über die Kriterien zur Feststellung der Höhe der dem Geschädigten zustehenden Genugtuung (Pkt. VI) offen. Selbstverständlich ist hier die Haftung &quot;des Reiseveranstalters&quot; im Sinne des Art. 3 Pkt. 5 des Gesetzes vom 29 August 1997 über die Reisedienstleistungen 3 , d.h</title>. &quot;<title level="m">den Unternehmer, der eine Touristenveranstaltung&quot; mit der Teilnahme von Touristen organisiert, gemeint. In der letzten Zeit kann man auch in Polen die Entwicklung der neuen</title> &quot;<title level="a">Concierge&quot;-Dienstleistung, die von einigen Institutionen (z.B. von Banken für die gut situierte Kunden im Rahmen des sog. private bankings, wie auch für Einzelunternehmer, angeboten wird) beobachten</title>. <title level="j">Wesen dieser Dienstleistung ist u.a. die Buchung auf Antrag und Kosten des Berechtigten (des Touristen) des Hotel</title>, <title level="a">der von den Reisebüros organisierten Reisen und Karten für Veranstaltungen, an deren der Kunde Interesse hat ist. Wenn auch hier die Frage des Schadens in Form von der &quot;vertanen Urlaubs&quot; erscheint, der durch die Schlechterfüllung des Concierge-Services) verursacht wurde, dann ist die Grundlage dieser Haftung für einen solchen Schaden im Vertrag, der den Vermittler mit dem Kunden bindet (Art. 471 des Zivilgesetzbuches), zu suchen</title>. In <title level="m">Polen tauchen schon solche Schadenersatzverfahren auf (aber bisher nur über den Ersatz des Vermögensschadens in Form von getragenen Kosten im Zusammenhang mit der Veranstaltung, an der ein Tourist unter bestimmten Bedingungen teilnehmen sollte; vgl. Urteil des Appellationsgerichts in Wrocław vom 9 Februar 2012, I ACa 10/12 4 ). lub nienależyte wykonanie umowy o podróż i zadośćuczynienie za &quot;zmarnowany urlop</title>&quot; [<title level="a">Die Haftung für die Nicht-oder Schlechterfüllung des Reisevertrages und die Genugtuung für den sog</title>. &quot;<title level="m">vertanen Urlaub&quot; im polnischen Recht]</title>, [in:] <author>M. Nesterowicz</author>, <title level="a">Odpowiedzialność biur podróży a ochrona klientów w prawie polskim i UE [Die Haftung der Reisebüros und der Rechtschutz der Reisenden im polnischen-und EU-Recht]</title>, <pubPlace>Toruń</pubPlace>: <publisher>Wyższa Szkoła Bankowa</publisher> <date>2013</date>, <note>S. 79; M. Nesterowicz, Odpowiedzialność cywilna biura podróży za &quot;zmarnowany urlop&quot; w prawie polskim i porównawczym [Die Haftung des Reisebüros für den &quot;vertanen Urlaub&quot; im polnischen und in der Rechtsvergleichung</note>], <note>Przegląd Sądowy [Gerichtliche Rundchau</note>] <date>2011</date>, Nr. 5, S. <biblScope unit="page">1</biblScope>.</bibl>
	<bibl><author>Dz. U</author>. [Gesetzblatter] <date>2004</date>, Nr. <biblScope unit="volume">222</biblScope>, <title level="j">Pos</title>. <biblScope unit="volume">2268</biblScope> (<note>weiter -Gesetz vom 1997 genannt</note>).</bibl>
	<bibl><orgName>Nicht veröffentlicht</orgName>.</bibl>
	<bibl><author>| Mirosław Bączyk</author> In <title level="m">dieser Sache bekam der Kunde von der Beklagten</title>, die die &quot;Concierge&quot;-<title level="m">Dienstleistung organisierte eine Entschädigung für den Vermögensschaden, weil sie ihm die Karten &quot;in einer der drei ersten Reihen&quot; zur Veranstaltung der Verleihung des &quot;Oskar&quot; -Filmpreises im Kodak Theatre in Los Angeles nicht geliefert hat. , wenn man als Anhaltspunkt das bekannte und mehrmals kommentierte Urteil des Europäischen Gerichtshofs (EuGH) vom 12 März 2002 in der Sache C-160/10</title> (<publisher>Simone Leitner v. TUI Deutschland GmbH and Co</publisher>.<title level="j">KG)</title> <biblScope unit="volume">5</biblScope> <note>in dem der Art. 5 der Richtlinie des Rates 90/314/EWG vom 13 Juli 1990 über Pauschalreisen interpretiert wurde, annimmt 6</note> .</bibl>
	<bibl><idno>Amtsblatt der Europäischen Gemeinschaft C 118/11 vom 18.03.2002; auch Eur-Lex 62000J0168 376570</idno> (<note>weiter -das Urteil des EuGH vom 12.03.2002 genannt</note>).</bibl>
	<bibl><author>Dz. Urz</author>. <idno>WE L 158/59; 23.06.1990</idno> <title level="a">(weiter -Direktive vomn 13</title>.<biblScope unit="page">07</biblScope>.<date>1990</date>).</bibl>
	<bibl><author>| Das</author> <title level="s">Problem des Schadenersatzes für den sog. vertanen Urlaub Die</title> o.g. <title level="m">Richtlinie gewährt dem Touristen nicht nur den Ersatz des Vermögensschadens sondern auch des immateriellen Schadens, der aus der Nichterfüllung oder Schlechterfüllung der Dienstleistungen</title>, die <title level="a">Bestandteile der Reisveranstaltung sind, resultierte</title>. <title level="a">In der Rechtsprechung der polnischen ordentlichen Gerichte erschienen einige Grundtendenzen im Bereich der rechtlichen Beurteilung der erhobenen Ansprüche auf Genugtuung der &quot;vertanen Urlaubszeit</title>&quot;. <title level="a">Eine negative Anschauung in diesem Bereich begründete man in der Regel damit, dass im polnischen Recht die Ersatz des immateriellen Schadens bei Leistungsstörungen ausgeschlossen ist (z.B. das Urteil des Kreisgerichts in Warschau vom 11 November 1976</title>, X <title level="m">C 2687/67 7 ; das Urteil des Appellationsgerichts in Warschau vom 10 Juni 2005, I ACa 941/04 8 ; ähnlich auch das Urteil des Amtsgerichts in Warschau vom</title> <date>28 April 2008</date>, <idno>IC 155/07 9</idno> ). In <title level="m">der Begründung des Urteils des Amtsgerichts in Warschau vom 28 April 2008 wurde erläutert, dass das Urteil des EuGH vom 12 März 2002 keine ausreichende Grundlage zur Äuβerung einer anderen Anschauung darstellt</title>. <title level="a">Die Genugtuung für einen Nichtvermögensschaden darf nach dieser Auffassung nur im Rahmen der Haftung für unerlaubte Handlungen zugesprochen werden</title>. <title level="m">Dagegen bindet aber den Veranstalter mit dem Touristen ein Vertrag, der nicht erfüllt wurde (vgl. z.B. das Urteil des Appellationsgerichts in Warschau vom</title> <date>9 September 2009</date>, <title level="j">VI ACa</title> <date>201/09 10</date> ). <title level="m">Unter einem deutlichen Einfluss der Literatur suchte man in der Rechtsprechung der ordentlichen Gerichte auch nach der Möglichkeit, die Genugtuung für den &quot;vertanen Urlaub&quot; unter Bezugnahme auf die Konstruktion der Verletzung des höchstpersönlichen Rechtsgutes des Touristen vom Veranstalter zuzuerkennen 11 . Der Urlaubverlust infolge der Tätigkeit des Veranstalters (Vertragspartners) konnte -</title><note>nach dieser Auffassung -gleichzeitig die Verletzung &quot;eines höchstpersönlichen Rechtes auf einen ungestörten Urlaub&quot; verursachen, was die Möglichkeit 7 Nicht veröffentlicht</note>.</bibl>
	<bibl><title level="j">LexPolonica</title> <biblScope unit="volume">379684</biblScope>.</bibl>
	<bibl>9 <note>Nicht veröffentlicht</note>.</bibl>
	<bibl><title level="m">Lex Polonica</title> <date>207868</date>.</bibl>
	<bibl><title level="j">Die polnische Literatur in dieser Materie stellt umfangreich zusammen z.B. J. Gospodarek, Fußnote</title> <biblScope unit="volume">5</biblScope>, S. <biblScope unit="page">9</biblScope>.</bibl>
	<bibl><author>| Mirosław Bączyk eröffnete</author>, <title level="m">dem Touristen die Genugtuung im Zusammenhang mit der Verletzung dieses neuen und originellen höchstpersönlichen Rechtgutes, das den Rechtsschutz verdient, zuzuerkennen (vgl. z.B. das Urteil des Appellationsgerichts in Warschau vom</title> <date>9 September 2009</date>, <idno>VI ACa 201/09 12</idno> , <title level="m">das Urteil des Kreisgerichts in Szczecin vom</title> <date>14 November 2008</date>, <title level="a">II Ca 812/08 13 ; hier wurde die Genugtuung für den &quot;vertanen Urlaub&quot; gemäβ dem Art. 448 des Zivilgesetzbuches zugesprochen und es wurde angenommen, dass der Veranstalter das höchstpersönliche Rechtgut der Kläger verletzte, d.h</title>. &quot;<title level="a">das Recht zur ungestörten Erholung und Zufriedenheit mit dem Urlaub&quot;)</title>. In <title level="m">dieser Sache wurde festgestellt, dass die Aufenthaltsbedingungen der Touristen im Hotel an der Meeresküste wesentlich vom Inhalt des Vertrages, der mit dem Veranstalter abgeschlossen wurde, abgewichen sind</title>. <title level="a">Im Urteil des Appellationsgerichts vom 10 Juni 2005, I ACa 941/04 wurde der Anspruch der Kläger, die eine Genugtuung wegen Verletzung ihres höchstpersönlichen Rechtgutes gefordert haben, ermittelt; es ging u.a. um &quot;die Freiheit vom Lärm&quot;, da die Kläger neben einem lauten Generator untergebracht wurden 14 . Es wurden auch solche Gerichtsentscheidungen erlassen, in denen die Möglichkeit der Zuerkennung der Genugtuung für &quot;den vertanen Urlaub&quot; auf der Grundlage von allgemeinen Vorschriften über die Haftung für Leistungsstörungen angenommen wurde (Art. 471 des Zivilgesetzbuches; vgl. z.B. das Urteil des Amtsgerichts in Warschau vom 23 Juli 2008, VI C-upr</title><idno>. S. 160/07</idno> <title level="a">15 ; eine falsche Information für den Kunden über die Uhrzeit des Abflugs des Flugzeuges nach Ägypten; die Genugtuung umfasste &quot;1/4 des Preises der Reise als Ersatzsumme für die getragenen Unannehmlichkeiten, für den früher geplanten, jedoch verdorbenen Urlaub, den unnötigen langen Weg zum Flughafen&quot;). Diese Genugtuung wurde neben dem Vermögensschaden, der im vollen Preis der Reise zum Ausdruck kam</title>, <note>zuerkannt. Auffällig ist, dass in diesem Sachverhalt das Streben des Gerichts um eine nach der allgemeinen Grundlage zu finden, um dem Touristen den Schaden für den &quot;vertanen Urlaub&quot; zu ersetzen</note>, <date>12 LexPolonica 207868</date>.</bibl>
	<bibl><orgName>Nicht veröffentlicht</orgName>.</bibl>
	<bibl><title level="j">LexPolonica</title> <biblScope unit="volume">379684</biblScope> (<note>sehen auch die Fußnote 9</note>).</bibl>
	<bibl><orgName>Nicht veröffentlicht</orgName>.</bibl>
	<bibl>| <title level="m">Das Problem des Schadenersatzes für den sog. vertanen Urlaub durch eine sehr drastische Verletzung der vertraglichen Pflichten des Veranstalters bedingt war</title>. <note>III</note>. <title level="a">GRUNDTENDENZEN IN DER RECHTSPRECHUNG DES OBERSTEN GERICHTS Eine interessante Evolution erlebte auch die Rechtsprechung des Obersten Gerichts im Bereich der Zuerkennung der Genugtuung an die geschädigten Touristen für die &quot;vertane (nutzlos aufgewandte) Urlaubszeit</title>&quot;. <title level="m">Es erschienen hier zwei Tendenzen</title>. <title level="a">Zum einen, hat das Oberste Gericht die Genugtuung für den Touristen im Rahmen der Haftung des Veranstalters für Leistungsstörungen anerkannt, obwohl noch nicht im Kontext der Darstellung des Schadens als &quot;vertaner Urlaubszeit</title>&quot;. <title level="a">Im Beschluss des Obersten Gerichts vom 28 März 1968, I CR 64/68 16 wurde die Möglichkeit vorgesehen, von den Reisebüros die Genugtuung auf der Grundlage des Art. 166 des Obligationenrechts (weiter -&quot;OR&quot;) aus dem Jahre 1934 (Äquivalent des derzeitigen Art. 446 § 4 des Zivilgesetzbuches) zuzuerkennen, im Zusammenhang mit der Nichtgewährung für den Reisenden rechtzeitig einer entsprechenden ärztlichen Behandlung, infolge dessen er am Herzinfarkt gestorben ist. Eine ähnliche Haftungsgrundlage des Reisebüros wurde z.B. im Urteil des Obersten Gerichts vom 6 Juli 1966, I CR 134/66 angewandt 17 . Im Urteil des Obersten Gerichts vom 6 April 1977, IV CR 90/77 18 wurde schon als Grundlage der Schadenersatzhaftung der Vertrag des Reisebüros mit dem geschädigten Touristen angenommen (dem Reisenden wurde ein Schaden zugefügt, indem sich der Balkon, auf dem sie stand, in seinem Hotelzimmer abgelöst hat, wobei der Veranstalter den technischen Zustand seines Zimmers früher nicht geprüft hat)</title>. <note>In dieser Entscheidung wurde festgestellt, dass zu den vertraglichen Pflichten des Reiseveranstalters die Gewährung einer entsprechenden 16 Przegląd Ustawodawstwa Gospodarczego</note> [<note>Rundschau der wirtschaftlichen</note></bibl>
	<bibl><author>Gesetzgebung</author>] <date>1967</date>, Nr. 4, S. <biblScope unit="page">37</biblScope>.</bibl>
	<bibl><title level="j">Orzecznictwo Sądów Polskich i Komisji Arbitrażowych</title> [<title level="a">Die Rechtsprechung der polnischen Gerichten und Arbitragekommissionen] 1967</title>, Nr. 7/8, <title level="j">Pos</title>. <biblScope unit="volume">183</biblScope>.</bibl>
	<bibl><title level="j">Orzecznictwo Sądów Polskich i Komisji Arbitrażowych</title> [<title level="a">Die Rechtsptrechung der polnischen Gerichte und Arbitragekommissionen</title>] <date>1978</date>, Nr. <biblScope unit="volume">11</biblScope>, <title level="j">Pos</title>. <date>200</date>.</bibl>
	<bibl>| <title level="s">Mirosław Bączyk persönlichen Sicherheit gehört. Es besteht kein Zweifel, dass es in den dargestellten Sachen die Möglichkeit bestand, auch die Anspruchskonkurrenz der Grundlagen der Schadenersatzhaftung des Reisebüros gegenüber dem geschädigten Touristen (ex contractu und ex delicto, Art. 443 des Zivilgesetzbuches) anzunehmen</title>. <title level="a">Nach anderer Auffassung, die in einigen Urteilen geäußert wurde, lehnte man jedoch die Möglichkeit der Zuerkennung der Genugtuung für den Touristen im Rahmen der Haftung für Leistungsstörungen des Veranstalters ab (z.B. im Urteil des Obersten Gerichts vom 25 Februar</title> <date>1986</date>, <title level="a">III CZP 2/86 19 )</title>. <title level="a">In der Begründung dieses Urteils wurde erläutert, dass das Zivilgesetzbuch keine dem Art. 242 des OR aus dem Jahre 1934 entsprechende Vorschrift beinhaltet und somit die Zuerkennung der Genugtuung ausschließlich im Rahmen der Haftung für unerlaubte Handlungen zulässig sei. In dem Sachverhalt dieses Urteils hätte der geschädigte Tourist die Genugtuung ausschlieβlich auf der Grundlage des Art. 429 des Zivilgesetzbuches, der sich in der Gruppe der Vorschriften befindet, die die Delikthaftung betreffen (die Konstruktion der Haftung für culpa in eligendo) fordern können. Nach der Meinung des Obersten Gerichts, könnten jedoch im Vertrag mit dem Veranstalter Bestimmungen enthalten sein, gemäß denen das Reisebüro auch den immateriellen Schaden sich zu decken verpflichten würde, der aus der Körperverletzung oder Zerrüttung der Gesundheit resultiert. In der Praxis werden jedoch solche Klauseln nicht vereinbart. Dagegen werden in allgemeinen Geschäftsbedingungen des Veranstalters (Art. 384 des Zivilgesetzbuches) Bestimmungen, die den Haftungsausschluß für &quot;Moralschäden&quot;, die vom Touristen erlitten sein könnten, vorsehen, konstruiert 20 . Bei der Gelegenheit sei es sich zu bemerken, dass aus dem Gesichtspunkt der gegenwärtigen Diskussion über die rechtliche Regelung der Genugtuung für den</title> &quot;<note>vertaten Urlaub&quot; der schon genannte Art. 242 OR eine moderne -und fast wegweisende -Lösung enthielt. Bei der Feststellung des Schadenersatzes, der aus der Nicht-oder</note></bibl>
	<bibl><title level="j">Orzecznictwo Sądów Polskich i Komisji Arbitrażowych</title> [<title level="a">Die Rechsprechung der polnischen Gerichte und Arbitragekommissionen</title>] <date>1986</date>, Nr. <biblScope unit="volume">6</biblScope>, <title level="j">Pos</title>. <date>1113</date>.</bibl>
	<bibl>Vgl. <author>M. Nesterowicz</author>, <title level="a">Prawo turystyczne</title> [<note>Reiserecht</note>], <pubPlace>Warszawa</pubPlace>: <publisher>Wolters Kluwer Polska</publisher> <date>2012</date>, S. <biblScope unit="page">105-106</biblScope> (<title level="m">Beispiele von Urteile des Wettbewerbsschutzschutzgerichts, in denen die Unzulässigkeit der Reisevertragsbestimmungen wegen Sittenwidrigkeit festgestellt wurden)</title>.</bibl>
	<bibl>| <title level="m">Das Problem des Schadenersatzes für den sog. vertanen Urlaub Schlechterfüllung der Leistung resultiert, ließ er auch die Möglichkeit &quot;der entsprechenden Anwendung der Vorschriften über den Ersatz des Schadens, der durch eine unerlaubte Handlung zugefügt wurde</title>&quot;, zu. <title level="a">Eine solche Lösung könnte eine richtige Grundlage der Zuerkennung der Genugtuung für den Touristen wegen der nutzlos aufgewandter Urlaubszeit von dem Veranstalter darstellen. An diese Lösung erinnert zum teil die Ansicht, nach der einige Vorschriften des Zivilgesetzbuches, die zwar im Kapitel, das der Delikthaftung gewidmet ist untergebracht wurde, jedoch eine allgemeine Funktion im Rechtssystem erfüllen. Es handelt sich um den Art. 444 des Zivilgesetzbuches (er regelte die rechtlichen Rechtsfolgen der Zufügung des Schadens an einer Person), die -als allgemeine und autonome Norm ihre Anwendung auch im Rahmen der Haftung für Leistungsstörungen (Art. 471 des Zivilgesetzbuches) finden könnte 21 . Es scheint also, dass schon früher in der Rechtsprechung und in der polnischen Lehre Anstrengungen unternommen wurden, die zum Ziel die Durchbrechung des starren Prinzips, gemäβ dem die Genugtuung für den immateriellen Schaden dem Geschädigten nur im Rahmen des Delikthaftungsregimes zuerkannt werden kann, hatten. IV</title>. <title level="m">DIE RECHTLICHE BEDEUTUNG DES BESCHLUSSES DES OBERSTEN GERICHTS VOM 10. NOVEMBER 2010, III CZP 79/10 Eine entscheidende Bedeutung für das polnische Recht hat sicherlich der Beschluss des Obersten Gerichts vom</title> <date>19 November 2010</date>, <idno>III CZP 79/10 22</idno> . <title level="m">Der Tatbestand der Sache</title>, in der <note>sich das Gericht zweiter Instanz an das Oberste Gericht die rechtlichen Frage richtete (im Zusammenhang mit den erwähnten Meinungsverschiedenheiten über die Grundlage der Haftung des Reiseveranstalters</note>), <note>zeugte eindeutig von dem zugefügten immateriellen Schaden in Form eines &quot;vertaten Urlaubs&quot; und</note></bibl>
	<bibl><author>Vgl. J. Rezler</author>, <title level="a">Naprawienie szkody wynikłej ze spowodowania uszczerbku na ciele i zdrowiu [Der Schadenersatz im Falle der Körperverletzung und Gesundheitsschädigung</title>], <pubPlace>Warszawa</pubPlace>: <publisher>Wydawnistwa Prawnicze</publisher> <date>1968</date>, S. <biblScope unit="page">31-32</biblScope>;</bibl>
	<bibl><author>K. Wesołowski</author>, <title level="a">Glosse zum Urteil vom 25.02</title>.<date>1986</date>, <title level="a">II CZP 2/86, Orzecznictwo Sądów Polskich i Komisji Arbitrażowych [Die Rechtsprechung der polnischen Gereichte und Arbitragekommissionen</title>] <date>1988</date>, Nr. <biblScope unit="issue">2</biblScope>, S. <biblScope unit="page">62</biblScope>.</bibl>
	<bibl><publisher>Orzecznictwo Sądu Najwyższego -Izba Cywilna</publisher> [<note>Die Rechtsprechung de Obersten Gerichts -Zivilkammer</note>] <date>2001</date>, Nr. <biblScope unit="volume">4</biblScope>, <title level="j">Pos.</title> <biblScope unit="volume">41</biblScope>.</bibl>
	<bibl>| <title level="s">Mirosław Bączyk kann sogar als typisches (d.h. akademisches) Beispiel des besprochenen Schadens dienen. Das Oberste Gericht entschied in diesem Beschluss vor allem über die alleine Grundlage der Haftung des Veranstalters dem Touristen gegenüber (die Haftung für Leistungsstörungen, Art. 11a Abs. 1 des Gesetzes vom</title> <biblScope unit="volume">29</biblScope> <date>August 1997</date>), <title level="a">wobei bildete diese Vorschrift -in der Ansicht des Obersten Gerichts -ein lex specialis im Bezug zu der allgemeinen Vorschrift des Art. 471 des Zivilgesetzbuches)</title>. <title level="a">Die vom Obersten Gericht vorgenommene Auslegung dieser Vorschrift entspricht dem Art. 5 Abs. 1 und 5 der Richtlinie vom 13 Juni</title> <date>1990</date>. <title level="a">Gleichzeitig lehnte das Oberste Gericht andere, in der Lehre vorgeschlagene Grundlagen einer eventuellen Schadenersatzhaftung des Reiseveranstalters für Leistungsstörungen (ex contractu) ab 23 . Das Oberste Gericht lehnte auch die in der Rechtslehre stark vertretene Auffassung, nach der die Rechtsgrundlage für die Genugtuung für den &quot;vertanen Urlaub</title>&quot; in <title level="m">den Vorschriften über den Schutz des höchstpersönlichen Rechtsgutes des Touristen zu finden sein (Art. 23, Art. 24 und Art. 448 des Zivilgesetzbuches) ab. Überzeugend erläuterte das Oberste Gericht, dass im polnischen Recht, zwar ein offener Katalog des höchstpersönlichen Rechtsgüter besteht (Art. 23 des Zivilgesetzbuches), jedoch das höchstpersönliche Rechtsgut als</title> &quot;<title level="a">Recht auf eine ungestörte Erholung, das einem Verbraucher, der einen Vertrag über die Erbringung der touristischen Dienstleistungen abschlieβt&quot;, nicht konstruiert werden kann 24 . In der Begründung dieses Beschlusses befinden sich auch allgemeinere Bemerkungen, die die im Beschluss angenommenen Konstruktionselemente der Haftung des Reiseveranstalters betreffen. Die nach der Erlassung dieses Beschlusses des Obersten Gerichts getroffenen Entscheidungen des Obersten Gerichts, bestätigten die Auffassung, die im 23 Eine vertiefte Kritik der Ansicht des Obersten Gerichts (z.B. wegen zuweitgehender die ausdehnenden gerichtliche Auslegung vom Art. 11a des Gesetzes vom 1997, und sogar eines &quot;ungesundes Präzedenzfalls</title>&quot;) <note>hat M. Loik, Glosse zum Beschlusses des Obersten Gerichts vom 19.11.2010, Europejski Przegląd Sądowy</note> [<note>Der Europäische Gerichtsrundschau</note>] <date>2011</date>, Nr. <biblScope unit="volume">9</biblScope>, S. <biblScope unit="page">47 unternommen</biblScope>.</bibl>
	<bibl><title level="a">Diese Auffassung wurde in der Literatur und in anderen Urteilen des Obersten Gerichts unterstützt; siehe -z.B. M. Nesterowicz, Glosse zum Urteil der Obersten Gerichts vom 24.03.2001, I CSK 372/10</title>, <title level="j">Orzecznictwo Sądów Polskich</title> [<note>Die Rechtsprechung der polnischen Gerichte</note>] <date>2012</date>, Nr. <biblScope unit="issue">1</biblScope>, <idno>Pos. 3</idno>.</bibl>
	<bibl><author>| Das</author> <title level="a">Problem des Schadenersatzes für den sog. vertanen Urlaub diesem Beschluss vertreten wurde 25 und zeugen somit von der Festigung einer neuen Linie der Rechtsprechung</title>.</bibl>
	<bibl><author>V. KONSTRUKTIONSELEMENTE DER HAFTUNG DES REISEVERANSTALTERS FÜR DEN &quot;VERTANEN URLAUB</author>&quot; <title level="m">Selbstverständlich konnte der allgemeine Beschluss des Obersten Gerichts vom</title> <date>10 November 2010</date> <title level="a">nicht über viele detaillierte Fragen der Profihaftung für Leistungsstörungen des Reiseveranstalters dem Touristen gegenüber für den &quot;vertatnen Urlaub&quot; entscheiden. Im polnischen Recht, anders als in anderen Rechtssystemen (z.B. dem deutschen Recht) kam es nicht zur rechtlichen Typisierung &quot;des Reisevertrages&quot; im Zivilgesetzbuch, obwohl Vorschläge solcher Regelung (mit entsprechenden Gesetzesentwürfen) vorgestellt wurden 26 . Einige Vorschläge von detaillierten Gesetzgebungslösungen fanden ihren Platz im 3. Kapitel des Gesetzes vom 29 August 1997 und vielleicht werden sie in der Zukunft den Ausgangspunkt für eine mehr synthetischere Regelungen im Zivilgesetzbuch darstellen. Jedenfalls bildet de lege lata eine Grundlage für den Anspruch auf die Genugtuung für den &quot;vertanen Urlaub</title>&quot; &quot;<title level="m">der Reisevertrag der in diesem Gesetz geregelt ist. In der Regel bedienen sich die Reiseveranstalter auch breit mit &quot;allgemeinen Teilnahmebedingungen</title>&quot; (<note>Geschäftsbedingungen, Art. 384 des Zivilgesetzbuches</note>). <title level="m">Der Reiseveranstalter trägt gegenüber dem Touristen die Gefährdungshaftung. Das Verschuldensprinz (Art. 471 des Zivilgesetzbuches) wurde ausgeschlossen, was einen weitgehenden Schutz des Touristen auch in Bezug auf den Schaden in Form vom &quot;vertanen Urlaubs&quot; bedeutet. Den Veranstalter befreien von der Haftung ausschlieβlich drei, von ihm nachgewiesene Umstände, wobei sie eine ausschlieβliche Ursache der Leistungsstörung darstellen müssen</title>, <note>d.h. die höhere Gewalt, das Handeln oder die Unterlassen des Touristen, das 25 Siehe das Urteil in der Fußnote Nr. 24</note>.</bibl>
	<bibl><author>Siehe M. Nesterowicz</author>, <title level="m">Projekt regulacji umowy</title> o podróż w k.c. [<title level="a">Der Entwurf der Regelung des Reisevertrags im ZGB</title>] [in:] <author>P. Cybula, J. Raciborski</author>, <title level="a">Turystyka a prawo. Aktualne problemy legislacyjne i konstrukcyjne [Tourismus und Recht Aktuelle Gesetzgebungs-und Konstruktionsprobleme</title>], <pubPlace>Sucha Beskidzka-Kraków</pubPlace>: <publisher>Wyższa Szkoła Turystyki i Ekologii</publisher> <date>2008</date>, S. <biblScope unit="page">41</biblScope>.</bibl>
	<bibl><author>| Mirosław Bączyk</author> <title level="m">Handeln oder das Unterlassen eines Dritten, der an der Erbringung der vertraglich vorgesehen Leistung nicht beteiligt ist und wenn dessen Handeln oder dieses Unterlassen nicht vorausgesehen oder vermieden werden könnte</title> (<idno>Art. 11a Abs. 2 des Gesetzes vom 29</idno> <date>August 1997</date>). <title level="a">Diese Vorschrift hat einen zwingenden Charakter und darf zum Nachteil des Touristen nicht modifiziert werden (Art. 58 §1 des Zivilgesetzbuches)</title>. <title level="a">Der Veranstalter wird also z.B. von der Begleichung der Genugtuung für den &quot;vertanen Urlaub&quot; des Touristen nicht befreit, wenn er ihn versicherte, dass z.B. es möglich wäre, entsprechende Sportarten zu treiben, wobei es rechtliche oder tatsächliche Beschränkungen am Ort der Veranstaltung auftreten (z.B. das in einigen Mittelmeerländern geltende rechtliche Verbot der Gewinnung jeglicher Gegenstände vom Meeresboden)</title>. <title level="a">Gerichte überprüfen entsprechend die Bestimmungen der allgemeinen Geschäftsbedingungen der Reiseveranstalter, in denen Versuche unternommen werden, die erwähnten Entlastungsumstände &quot;näher zu bestimmen</title>&quot;. <title level="m">Im Urteil des Appellationsgerichts in Warschau vom 27 Januar 2010, VI ACa 585/10 27 wurde zutreffend angenommen, dass gemäß Art. 11a Abs. 1 des Gesetzes aus dem Jahre 1997 &quot;technischen Ausfälle von Transportmittel, die Schlangen an Grenzen und Zolltätigkeiten&quot; zu den Entlastungsumständen nicht gehören (interessanterweise wurde hier auch erläutert, dass &quot;Wetterbedingungen nur in einigen, vereinzelten Fällen mit dem Begriff «der höheren Gewalt» gleichgesetzt werden könnten&quot;). Der immaterielle Schaden wegen des &quot;vertanen Urlaubs&quot; sollte im adäquaten Kausalzusammenhang mit der Leistungsstörung durch den Veranstalter bestehen</title> (<note>Art. 361 §2 des Zivilgesetzbuches</note>). <title level="a">Der geschädigte Reisende trägt die Beweislast und hat diesen Kausalzusammenhang und andere Voraussetzungen der Schadenersatzhaftung des Veranstalters nachzuweisen, d.h. die Nicht-oder die Schlechterfüllung des Vertrages und der Tatsache &quot;der nutzlos aufgewandter des Urlaubszeit&quot; (in welchem Sinne hat die Veranstaltung seine begründeten Erwartungen, die mit ihrem Charakter und mit ihrem Verlauf in Verbindung stehen, nicht erfüllt)</title>. <note>In der Literatur und in der Rechtsprechung wurde schon eine allgemeine Formel &quot;vertaner (verdorbener) Urlaub&quot; als eine besondere Art 27 Lex 112275</note>.</bibl>
	<bibl><author>| Das</author> <title level="s">Problem des Schadenersatzes für den sog. vertanen Urlaub des dem Reisenden zugefügten immateriellen Schadens infolge der Nicht-oder Schlechterfüllung des Reisevertrages gesehen</title>. <title level="a">Unzweifelhaft handelt es sich hier um jede Art der Erholung, die für den Touristen im Rahmen eines solchen Vertrages organisiert wird, also auch z.B. die Sommererholung von Studenten, Schülern, die Erholung von Rentnern und Personen, die keine berufliche Aktivität ausüben, die Rehabilitationsveranstaltungen. Die Überzeugung eines Touristen über den &quot;vertanen Urlaub&quot; umfasst, selbstverständlich, viele verschiedene Situationen, die zum begründeten Mangel an der Zufriedenheit des Reisenden mit der für ihm organisierten Erholung führen (z.B. ein niedrigerer Standard der Leistungen, oder unterbleiben einiger Leistungen, das Gefühl des Unbehagens, der Verlust der erwarteten künstlerischen, sportlichen, kulinarischen Erlebnisse, d.h. die Verschwendung der für die Erholung bestimmten Zeit, die aus der mangelhaften Organisation der Reise resultiert, Lebensmittelvergiftung im Hotel, die eine aktive Erholung unmöglich macht, die Nichtsicherung des persönlichen Schutzes des Touristen, mangelhafte Organisation der ärztlichen Hilfe, overbooking der Fluggesellschaft)</title>. <title level="a">Beispiele solcher typischen Situationen liefert ständig die Rechtssprechung. Das Bestehen eines immateriellen Schadens des Touristen in Form vom &quot;verlorenen Urlaubs&quot; ist immer in conreto zu beurteilen, und die entscheidende Bedeutung wird hier -allgemein gesagt -der Vergleich der Vertragsbestimmungen und die Art und Weise ihrer Ausführung mit begründeten, persönlichen (individualisierten) Erwartungen des Touristen haben. Es ist dabei in Betracht zu ziehen, dass es sich hier um das Handeln des Profiveranstalters im Zeitraum der Touristenveranstaltung handelt</title>, <note>während dessen der Tourist in ein bestimmtes Programm dieser Veranstaltung &quot;aufgenommen&quot; wird. Die besprochene Haftung des Veranstalters gehört zur allgemeinen Kategorie der Berufshaftung</note>.</bibl>
	<bibl>. <date>November 2010</date> <title level="a">konzentrierte man sich nämlich meistens auf die Suche nach der Grundlage der Haftung des Veranstalters, und nicht auf der Höhe der dem Geschädigten zustehenden Geldentschädigung und Methoden ihrer Feststellung</title>. <title level="m">Solche Ansprüche können neben dem Anspruch auf Ersatz des Vermögensschadens, der aus der Nicht-oder der Schlechterfüllung des Reisevertrags resultiert (z.B. die Erstattung des vollen oder eines Teils des Reisepreises), geltend gemacht werden</title>. <title level="a">Ausgangspunkt zur Bestimmung der Berechnungskriterien sollte die Kompensationsfunktion, die auch die besprochene Genugtuung zu erfüllen hat, darstellen. Die Erarbeitung der maβgebenden Kriterien solcher Schadenskompensation hat in der Rechtsprechungspraxis zu erfolgen. Beispielsweise könnte man diesbezüglich auf den Veranstaltungscharakter selbst hindeuten (z.B. eine groβe Zahl Veranstaltungselementen, an denen der Geschädigte nicht teilnehmen konnte), Kenntnis des Veranstalters der Erwartungen und Vorzüge des Touristen (z.B. im Falle einer Veranstaltung, die ein entsprechendes berufliches, ästhetisches, religiöses oder sportliches Profil hat) und den Preis der Dienstleistung als Maβstab für das Niveau des zu erwartenden Services</title>. In <title level="m">einigen Situationen kann wohl die Verurteilung zur &quot;Erstattung des Veranstaltungspreises&quot; als eine angemessene Genugtuung betrachtet werden, wenn das der Absicht des Klägers, der eine Reise der misslungenen ähnlich zu finanzieren vorhat, entspricht</title>. <title level="a">Jedenfalls soll die Höhe der Genugtuung mit dem Umfang und dem Charakter der nicht erfüllten, jedoch berechtigten Erwartungen des Touristen, die ihm die von dem Veranstalter angebotene Reise gewähren sollte, entsprechend im Einklang stehen. Schon in älterer Rechtsprechung der deutschen Gerichte relativierte man auf eine interessante Art und Weise das Niveau der zustehenden Genugtuung im Bezug auf die beruflichen Aktivitäten des Touristen, der eine Reise antritt, (vgl. das in der Literatur beschriebene Urteil des Bundesgerichtshofs aus dem Jahre 1975, sog</title>. <note>Rumänien Fall; die Feststellung der Höhe der Genugtuung für den Touristen in Abhängigkeit von seinem festen Monatseinkommen, Tagesverdienst und die Vervielfachung dieser Summe durch &quot;die verlorenen Urlaubstage&quot; 28</note> ).</bibl>
	<bibl><title level="j">Näher darüber z.B. Nesterowicz, Fußnote</title> <biblScope unit="volume">20</biblScope>, S. <biblScope unit="page">101-102</biblScope>.</bibl>
	<bibl>| <title level="m">Das Problem des Schadenersatzes für den sog. vertanen Urlaub Die beispielsweise genannten Kriterien</title> (<note>der Reisepreis, der Inhalt ihres Programms, das feste Einkommen des Touristen u</note>.a.) -<title level="a">unabhängig von ihrer Beurteilung -beinhalten jedoch Faktoren, die es ermöglichen, die Höhe der dem Touristen zustehenden Genugtuung zu objektivieren und zu rationalisieren. Jedenfalls offen bleibt, das Problem der Bearbeitung pro futuro &quot;eines Mustertabelle zur Berechnung der Genugtuung&quot; für den immateriellen Schaden, der durch den &quot;vertanen Urlaub&quot; verursacht wurde. Vielleicht wäre könnte hierzu als Vorbild die konzeptionell gelungene sog. frankfurter Tabelle, die auf die Standardisierung des schwer messbaren Vermögensschadens des Touristen abzielt, dienen. Die Idee der Standardisierung der Genugtuung scheint im europäischen Zivilrecht zu leben 29 . Sicherlich sollte man die Kriterien, die in der Rechtsprechung erarbeitet wurden, und die die Höhe der Genugtuung für den immateriellen Schaden, der durch die Verletzung des höchstpersönlichen Rechtsgutes verursacht wurde, betreffen, ziemlich vorsichtig anwenden. Die Ähnlichkeit mit dem Charakter selbst des zugefügten Schadens (immaterieller Schaden) kann jedoch die Art des rechtswidrig verletzten Gutes (eine gelungene Erholung, das höchstpersönliche Rechtsgut) und die Art des Bedürfnisses seines Schutzes nicht verdecken (ein intensiverer Schutz sollte sicherlich einem höchstpersönlichen Rechtsgut als dem psychischen Unbehagen, das durch den Zustand des &quot;misslungenen Urlaubs&quot; verursacht wurde, gewährt werden). Mit anderen Worten handelt es sich hier jedoch um eine andere Gestallt des substanziellen immateriellen Schadens, der ausschlieβlich im Zusammenhang und während der Reiseveranstaltung zugefügt wurden könnte. Es kommt vor, dass die Reiseveranstalter -indem sie die Ansprüche des Kunden auf Schadensersatz wegen des</title> &quot;<note>vertanen Urlaubs&quot; anerkennen (mindestens im Prinzip, und nicht unbedingt der Höhe nach) den Kunden sog. Reisegutscheine anbieten (in der Regel in der Höhe von 100-200 EUR</note>),</bibl>
	<bibl><author>Siehe z.B. E. Karner</author>, <title level="a">Ustalanie zadośćuczynienia za szkodę na osobie w wybranych systemach prawnych [Feststellung der Genugtuung für den Schaden an der Person in ausgewählte Rechtssystemen</title>, [in:] <title level="j">A. Koch (Redakteur)</title>, <title level="a">Zadośćuczynienie za uszkodzenie ciała lub uszczerbek na zdrowiu na tle innych systemów prawnych [Die Genugtuung in Falle der Körperverletzung und Gesundheitsschädigung aus der Sicht anderer Rechtssysteme</title>], <pubPlace>Warszawa</pubPlace>: <publisher>Centrum Edukacji Ubezpieczeniowej</publisher> <date>2012</date>, S. <biblScope unit="page">69</biblScope>.</bibl>
	<bibl><title level="m">| Mirosław Bączyk was entsprechende Preisnachlässe bei der Bezahlung des Preises aus einen künftigen Reisevertrages mit demselben Veranstalter gewährt</title>. <title level="m">Wenn dies als Vergleichvertrag der Parteien</title> (<note>Art. 917 des Zivilgesetzbuches</note>) <title level="a">betrachtet sein sollte, dann müsste dieses Zugeständnis des Touristen im Bezug auf die ihm zustehenden Genugtuung in voller Höhe aus seinem Inhalt sich ergeben 30</title> . <title level="a">VII</title>. <title level="a">WEITERE DETAILFRAGEN Es wäre noch zu unterstreichen, dass mit der Genugtuung für den immateriellen Schaden wegen des &quot;vertatnen Urlaubs&quot; noch viele andere, detaillierte Rechtsfragen in Verbindung stehen. Es kann eine Frage z.B. der Zulässigkeit der Abtretung des Anspruches auf eine solche Genugtuung entstehen (Art. 509 §1 des Zivilgesetzbuches), der Zulässigkeit seiner Vererbung (vgl. Art. 445 §3 des Zivilgesetzbuches in Bezug auf die in den Vorschriften des Zivilgesetzbuches vorgesehene Genugtuung)</title>. <title level="a">In Bezug auf die Vererbung kann man sich auf die allgemeine Vorschrift des Art. 922 des Zivilgesetzbuches und den deutlichen Mangel des Verbotes des Erwerbs mortis causa berufen. Man kann auch die Meinung vertreten, dass die Vererbung des Anspruches auf die Genugtuung für den &quot;vertanen Urlaub&quot; mit dem Geschädigten so gebunden ist, dass seine Vererbung nur dann zulässig wäre, wenn es so durch die eindeutige Vorschrift bestimmt (wie z.B. Art. 445 §3 des Zivilgesetzbuches) sein würde. Richtiger scheint aber die erste Anschauung zu sein. Auf den Reiseveranstalter wurde Kraft Gesetz eine Pflicht zur Hilfeleistung für den geschädigten Kunden während der Reiseveranstaltung auferlegt, wenn keine Grundlagen zur Begründung der Schadenersatzhaftung des Veranstalter bestanden (Art. 11a Abs. 2 des Gesetzes aus dem Jahre 1997)</title>. <title level="a">Zweifellos entsteht eine solche Pflicht auch dann, wenn dem Touristen ein Schaden in Form des &quot;vertanen Urlaubs&quot; zugefügt wurde, soweit dieser Zustand schon während der 30 Über die Steuerkonsequenzen, die die Auszahlung der Genugtuung für den &quot;vertanen Urlaub&quot; auf Grund des außergerichtlichen Vergleiches bewirken könnte -siehe M. Majkowska, Fiscus może domagać się podatku od odszkodowania za &quot;zmarnowany urlop</title>&quot; [<note>Der Fiscus kann eine Steuer von der Entschädigung für den &quot;vertanen Urlaub&quot; fordern</note>], <title level="m">Dziennik Gazeta Prawna</title> [<note>Juristische Zeitung) vom 26-28.07.2013, S. B2</note>.</bibl>
	<bibl><author>| Das</author> <title level="a">Problem des Schadenersatzes für den sog. vertanen Urlaub Reisveranstaltung aufgetaucht ist (er mindestens durch den Touristen angedeutet wurde) und er eine entsprechende Abhilfe des Veranstalters benötigen würde. Obwohl es nicht schwer ist, den Normzweck einer solcher Pflicht des Veranstalters zu verstehen (der Tourist bleibt in gewissem Sinn abhängig von den Maßnahen des Veranstalters), ist es schwerer, den Rechtscharakter dieser Pflicht und ihren Inhalt mit Sicherheit zu bestimmen. Es handelt sich hier vermutlich um eine Kraft Gesetz entstehende, zusätzliche und zeitig begrenzte Pflicht des Veranstalters dem geschädigten Touristen gegenüber</title>. <note>Die Pflicht sollte man daher nicht aus dem Reisevertrag herleiten (Art. 11a</note></bibl>
	<bibl><author>Abs</author>. <note>1 des Gesetzes, Art. 56 des Zivilgesetzbuches</note>). <title level="s">Man könnte sich folglich in diesem Fall nicht auf die Geschäftsführung ohne Auftrag berufen (Art. 752 des Zivilgesetzbuches</title>). <title level="a">Die Verletzung der Pflicht zur Hilfeleistung könnte also die Haftung des Veranstalters für Leistungsstörungen nach allgemeinen Regeln (Art. 471 des Zivilgesetzbuches) begründen, was bedeuten würde, dass das Haftungsprinzip des Veranstalters in diesem Falle jedoch das Verschuldensprinzip wäre. Es wäre nämlich schwer, die Verletzung der besprochenen Pflicht dem Regime der Gefährdungshaftung des Veranstalters auszusetzen. Auβerdem würde diese Pflicht erst dann entstehen, wenn der Tatbestand einer Nicht-oder Schlechterfüllung des Vertrages, für den der Veranstalter nicht haften könnte, schon entstanden wäre. Man kann allgemein feststellen, dass der Inhalt der Pflicht der Hilfeleistung in conreto in Abhängigkeit von u.a. Gründen und dem Charakter des immateriellen Schadens, den man nicht vermeiden kann (während der Veranstaltung), in Form vom &quot;vertanen Urlaubs&quot; (z.B. die Sicherung der ärztlichen Hilfe im Falle der Krankheit des Touristen, die unabhängig von den Handlugen des Veranstalters vorgekommen ist) festgestellt werden sollte</title>. In <title level="m">der Rechtssprechung wurde diese Pflicht zur Hilfeleistung nicht näher analysiert</title>, <note>und es sind auch keine Beispiele ihrer praktischen Anwendung im Verhältnis Reiseveranstalter -Tourist aufgetaucht</note>.</bibl>

		</listBibl>
	</back>
	</text>
</TEI>
