<tei xml:space="preserve">
    <teiHeader>
        <fileDesc xml:id="_-1"/>
    </teiHeader>
    <text xml:lang="en">
        <listBibl>
        <bibl><label>2</label> Sarah Nason, &quot;Justice Outside London? An Update on &apos;Regional&apos; Judicial Review&quot; (UK Constitutional<lb/> Law Association, November 16 2016) https://ukconstitutionallaw.org/2016/11/16/sarah-nason-justice-<lb/>outside-london-an-update-on-regional-judicial-review/ accessed 25 th July 2022<lb/> </bibl>
        <bibl><label>29</label><lb/> 3 Genn et al, &quot;Developing capable citizens: the role of public legal education The report of the PLEAS<lb/> Task Force&quot; https://lawforlife.org.uk/wp-content/uploads/2013/05/pleas-task-force-report-14.pdf accessed<lb/> 25th July 2022<lb/> </bibl>
        <bibl><label>4</label> United Nations General Assembly, &quot;Legal Empowerment of the poor and eradication of poverty Report<lb/> of the Secretary-General&quot; (July 2009)<lb/> https://www.un.org/esa/socdev/documents/reports/Legal%20empowerment%20of%20the%20poor.pdf<lb/> accessed 25 th July 2022<lb/> 30<lb/> </bibl>
        <bibl><label>5</label> Magna Carta Article 40<lb/> </bibl>
        <bibl><label>6</label> Tom Bingham, &quot;The Rule of Law&quot; (Penguin 2010)Pp 37<lb/> </bibl>
        <bibl><label>7</label> Ibid, Pp 85<lb/> 31<lb/> </bibl>
        <bibl><label>8</label> R (on the application of UNISON) (Appellant) v Lord Chancellor (Respondent) [2017] UKSC 51<lb/> </bibl>
<bibl>9 Joint Committee on Human Rights, The Implications for Access to Justice of the Government&apos;s<lb/> Proposals to Reform Legal Aid, 13 December 2013, HL Paper 100 of session 2013-14, p 7.<lb/> </bibl>
        <bibl><label>10</label> Catherine Jennings, &quot;Accessing Justice: Civil Legal Aid, the Public Interest and Judicial Action&quot;<lb/> (January 30, 2018). https://ssrn.com/abstract=3396591 accessed 25 th July 2022<lb/> </bibl>
        <bibl><label>11</label> Duncan Watts, &quot;AQA Government and Politics AS&quot; (AQA 2014)<lb/> 32<lb/> </bibl>
<bibl>George Osborne announced an &apos;emergency&apos; budget in June 2010 that significantly<lb/> </bibl>
        <bibl><label>12</label> Statista, &quot;Resource department expenditure limit (RDEL) of criminal and civil legal aid in England and<lb/> Wales from 2005/06 to 2020/21&quot; https://www.statista.com/statistics/1098628/legal-aid-spending-in-<lb/>england-and-wales/ accessed 25 th July 2022<lb/> </bibl>
        <bibl><label>13</label> Law Society, &quot;Access Denied? LASPO Four Years On: A Law Society Review&quot;<lb/> </bibl>
        <bibl><label>14</label> Law Society, &quot;Housing -legal aid deserts&quot; https://www.lawsociety.org.uk/en/campaigns/legal-aid-<lb/>deserts accessed 25th July 2022<lb/> </bibl>
        <bibl><label>15</label> Sarah Nason and Liam Edwards, &quot;Reviewing Judicial Review in Wales&quot; (April 2021) pg 11 Figure 1<lb/> https://research.bangor.ac.uk/portal/en/researchoutputs/reviewing-judicial-review-in-wales(60911944-<lb/>778a-47a9-8159-872534c22bb5).html accessed 25 th July 2022<lb/> 33<lb/> </bibl>
        <bibl><label>16</label> Frances Gibb, &quot;Administrative Justice and Tribunals Service comes out of the shadows&quot;<lb/> https://www.thetimes.co.uk/article/administrative-justice-and-tribunals-service-comes-out-of-the-<lb/>shadows-bqfpjjzsv5p accessed 25th July 2022<lb/> </bibl>
        <bibl><label>17</label> Andrew Marr, &quot;The Making of Modern Britain&quot; (Macmillan 2010)<lb/> 34<lb/> </bibl>
        <bibl><label>18</label> Harrison, &quot;The Rise, Fall and Rise of Political Consensus in Britain since 1940&quot; (Vol. 84, No. 274 April<lb/> 1999) pp. 301-324<lb/> </bibl>
        <bibl><label>19</label> There are numerous indicators of this cross-party appreciation for PLE including the All-Party<lb/> Parliamentary Group on PLE and Pro Bono, which has been chaired by a Conservative MP in successive<lb/> Parliamentary sessions: https://publications.parliament.uk/pa/cm/cmallparty/220722/public-legal-<lb/>education-and-pro-bono.htm accessed 25th July 2022<lb/> 20 Firearms (Amendment) Act 1997<lb/> 35<lb/> </bibl>
        <bibl><label>21</label> Wintersteiger, &quot;Legal Needs, Legal Capability and the Role of Public Legal Education A Report by Law<lb/> for Life: the Foundation for Public Legal Education&quot; (Law for Life 2015)<lb/> https://www.lawforlife.org.uk/wp-content/uploads/Legal-needs-Legal-capability-and-the-role-of-Public-<lb/>Legal-Education.pdf accessed 25 th July 2022<lb/> </bibl>

        22 PLEAS Taskforce Report cited above at footnote 2<lb/> 36<lb/> 
        <bibl><label>23</label> UNGA, Res 66/137 Declaration on Human Rights Education and Training (19 December 2011)<lb/> </bibl>
        <bibl><label>24</label> Council of Europe, Recommendation CM/Rec(2010)7 of the Committee of Ministers to member states<lb/> on the Council of Europe Charter on Education for Democratic Citizenship and Human Rights Education<lb/> 25 Searches for these instruments in Hansard suggest that the Charter and Declaration have never been<lb/> referred to in proceedings of the Commons or the Lords.<lb/> </bibl>
        <bibl><label>37</label><lb/> 27 Department for Education, &quot;Promoting fundamental British values as part of SMSC in schools<lb/> Departmental advice for maintained schools&quot; (November 2014)<lb/> https://www.gov.uk/government/publications/promoting-fundamental-british-values-through-smsc<lb/> accessed 25 th July 2022 pg 4<lb/> </bibl>
        <bibl><label>28</label> Hugh Starkey &quot;Human rights, cosmopolitanism and utopias: implications for citizenship education&quot;<lb/> (2012) Cambridge Journal of Education<lb/> 29 UK Government, &quot;New Panel Launched To Drive Public Legal Education&quot;<lb/> https://www.gov.uk/government/news/new-panel-launched-to-drive-legal-education<lb/> 40<lb/> </bibl>
<bibl>30 Members included Young Citizens, Law for Life, the Law Society, the Bar Council, Inns of Court, the<lb/> Bingham Centre for the Rule of Law, the Magistrates&apos; Association, the Legal Services Board, the National<lb/> Justice Museum and others.<lb/> </bibl>
        <bibl><label>31</label> The Solicitor General&apos;s Public Legal Education Committee, &quot;10 Year Vision for PLE&quot;<lb/> https://www.lawworks.org.uk/sites/default/files/files/10YearVisionForPLE-web.pdf accessed 25th July<lb/> 2022<lb/> 32 Attorney General&apos;s Office, &quot;Press release Our vision for legal education&apos; Solicitor General Robert<lb/> Buckland QC MP launches a new PLE vision statement&quot; (October 2018)<lb/> 41<lb/> </bibl>
        <bibl><label>33</label> Attorney General&apos;s Office, &quot;AGO Business Plan 2020-2021&quot;<lb/> (https://assets.publishing.service.gov.uk/government/uploads/system/uploads/attachment_data/file/9061<lb/> </bibl>
        <bibl><label>62</label>/2020-21_AGO_Business_Plan.pdf accessed 25th July 2022<lb/> 34 The Advisory Group for Citizenship, &quot;Education for citizenship<lb/> and the teaching of democracy in schools: Final report of the Advisory Group on Citizenship&quot;<lb/> (Qualifications and Curriculum Authority 1998) https://dera.ioe.ac.uk/4385/1/crickreport1998.pdf<lb/> accessed 25th July 2022<lb/> </bibl>
        <bibl><label>42</label><lb/> 36 Commons Library, &quot;House of Commons Briefing Paper Number 06798: The school curriculum in<lb/> England&quot; (26 March 2021) pg 5 para 1.3<lb/> https://researchbriefings.files.parliament.uk/documents/SN06798/SN06798.pdf<lb/> 44<lb/> </bibl>
        <bibl><label>37</label> The Commons Library, &quot;Turnout&quot; https://researchbriefings.files.parliament.uk/documents/CBP-<lb/>8060/CBP-8060.pdf accessed July 15th 2022<lb/> </bibl>
        <bibl><label>38</label> Ad Hoc Select Committee on Citizenship and Civic Engagement, &quot;The Ties that Bind: Citizenship and<lb/> Civic Engagement in the 21st Century&quot; (2018) House of Lords pg 147 para 162<lb/> 45<lb/> </bibl>
<bibl>39 Ministry of Housing, Communities and Local Government, &quot;Government response to the Lords Select<lb/> Committee on Citizenship and Civic Engagement&quot; (June 2018) accessed 25 th July 2022<lb/> </bibl>
        <bibl><label>40</label> Legal Services Board, &quot;PLE research insights: How access to justice and outcomes vary by legal<lb/> capability&quot;, pg 5 https://legalservicesboard.org.uk/wp-content/uploads/2020/02/LSB-PLE-event-Feb-2020-<lb/>for-web.pdf accessed 25th July 2022<lb/> 46<lb/> </bibl>
        <bibl><label>41</label> R (Miller and others) v Prime Minister 2019 UKSC 41<lb/> </bibl>
        <bibl><label>42</label> The Bingham Centre, &quot;The Article 50 &apos;Brexit&apos; Appeal: The Rule of Law After Miller&quot;<lb/> https://youtu.be/F1CKnGRSSvA?t=3467 accessed at 25 th July 2022<lb/> 47<lb/> </bibl>
        <bibl><label>44</label> The Media Leader, &quot;Nielsen confirms £164 million government ad spend for 2020&quot; https://the-media-<lb/>leader.com/nielsen-confirms-164-million-government-ad-spend-for-2020/ accessed 25th July 2022<lb/> 45 Cabinet Office, &quot;Why the Government Believes That Voting To Remain In The European Union Is The<lb/> Best Decision For The UK&quot;Accessed 25 th July 2022<lb/> https://assets.publishing.service.gov.uk/government/uploads/system/uploads/attachment_data/file/51506<lb/> </bibl>
        <bibl><label>8</label>/why-the-government-believes-that-voting-to-remain-in-the-european-union-is-the-best-decision-for-<lb/>the-uk.pdf<lb/> </bibl>
        <bibl><label>49</label><lb/> 46 Conservative and Unionist Party, &quot;Get Brexit Done: Unleash Britain&apos;s Potential The Conservative and<lb/> Unionist Party Manifesto 2019&quot; Accessed 25 th July 2022 pg 48 https://assets-global.website-<lb/>files.com/5da42e2cae7ebd3f8bde353c/5dda924905da587992a064ba_Conservative%202019%20Manifesto.p<lb/> df<lb/> 47 Open Democracy, &quot;This Tory manifesto is chilling -liberals must vote tactically to protect democracy&quot;<lb/> https://www.opendemocracy.net/en/opendemocracyuk/tory-manifesto-chilling-liberals-must-vote-<lb/>tactically-protect-democracy/ Accessed 25 th July 2022<lb/> </bibl>
        <bibl><label>48</label> Aitchinson, &apos;This Tory manifesto is chilling -liberals must vote tactically to protect democracy&apos;<lb/> 50<lb/> </bibl>
        <bibl><label>49</label> The Independent Human Rights Act Review available at:<lb/> https://assets.publishing.service.gov.uk/government/uploads/system/uploads/attachment_data/file/10405<lb/> 25/ihrar-final-report.pdf<lb/> </bibl>
        <bibl><label>50</label> Ministry of Justice, &quot;Human Rights Act Reform: A Modern Bill Of Rights A consultation to reform the<lb/> Human Rights Act 1998&quot; (2019)<lb/> https://assets.publishing.service.gov.uk/government/uploads/system/uploads/attachment_data/file/10404<lb/> </bibl>
        <bibl><label>09</label>/human-rights-reform-consultation.pdf Accessed 25 th July 2022<lb/> 51 UCL, &quot;The Human Rights Act-Reviewed&quot; (2022) https://www.youtube.com/watch?v=uKe10pYbQXA<lb/> Accessed 25 th July 2022<lb/> </bibl>
        <bibl><label>52</label> M A Olatokun, &quot;Consult beyond the usual suspects to renew the constitution&quot; Times Red Box<lb/> 51<lb/> </bibl>
        <bibl><label>53</label> Alan Renwick, &quot;People want politicians to act with integrity, says citizens&apos; assembly&quot; (UCL<lb/> Constitution Unit) https://www.ucl.ac.uk/constitution-unit/news/2022/jan/people-want-politicians-act-<lb/>integrity-says-citizens-assembly Accessed 25 th July 2022<lb/> 52<lb/> </bibl>
        <bibl><label>54</label> Wendy Williams, &quot;Windrush Lessons Learned Review&quot;<lb/> https://assets.publishing.service.gov.uk/government/uploads/system/uploads/attachment_data/file/87402<lb/> </bibl>
        <bibl><label>2</label>/6.5577_HO_Windrush_Lessons_Learned_Review_WEB_v2.pdf Accessed 25 th July 2022<lb/> 55 Wintersteiger et al, &quot;Effectiveness of Public Legal Education Initiatives A literature review&quot; (2021)<lb/> https://legalservicesboard.org.uk/wp-content/uploads/2021/02/PLE-systematic-review-report-Feb-<lb/>2021.pdf Accessed 25th July 2022<lb/> </bibl>
        <bibl><label>56</label> UNESCO, &quot;Strengthening the rule of law through education: a guide for policymakers&quot; (2018)<lb/> https://unesdoc.unesco.org/ark:/48223/pf0000366771 Accessed 25/7/2022<lb/> </bibl>

        53
        </listBibl>
    </text>
</tei>

