<?xml version="1.0" ?>
<TEI xml:space="preserve" xmlns="http://www.tei-c.org/ns/1.0" xmlns:xlink="http://www.w3.org/1999/xlink" 
 xmlns:mml="http://www.w3.org/1998/Math/MathML">
	<teiHeader/>
	<text>
		<front/>
		<body/>
		<back>
<listBibl>
	<bibl><author>Sarah Nason</author>, &quot;<title level="a">Justice Outside London? An Update on &apos;Regional&apos; Judicial Review&quot; (UK Constitutional Law Association</title>, <date>November 16 2016</date>) <ptr type="web">https://ukconstitutionallaw.org/2016/11/16/sarah-nason-justice-outside-london-an-update-on-regional-judicial-review</ptr>/ accessed <date>25 th July 2022</date></bibl>
	<bibl><author>3 Genn et al</author>, &quot;<title level="a">Developing capable citizens: the role of public legal education The report of the PLEAS Task Force</title>&quot; <ptr type="web">https://lawforlife.org.uk/wp-content/uploads/2013/05/pleas-task-force-report-14</ptr>.pdf accessed <date>25th July 2022</date></bibl>
	<bibl><title level="a">United Nations General Assembly</title>, &quot;<title level="a">Legal Empowerment of the poor and eradication of poverty Report of the Secretary-General</title>&quot; (<date>July 2009</date>) <ptr type="web">https://www.un.org/esa/socdev/documents/reports/</ptr><title level="m">Legal%20empowerment%20of%20the%20poor</title>.pdf accessed 25 <date>th July 2022</date> <biblScope unit="page">30</biblScope></bibl>
	<bibl><title level="j">Magna Carta Article</title> <biblScope unit="volume">40</biblScope></bibl>
	<bibl><author>Tom Bingham</author>, &quot;<title level="a">The Rule of Law</title>&quot; (<pubPlace>Penguin</pubPlace> <date>2010</date>)Pp <biblScope unit="page">37</biblScope></bibl>
	<bibl><author>Ibid</author>, <title level="j">Pp</title> <biblScope unit="volume">85</biblScope> <biblScope unit="page">31</biblScope></bibl>
	<bibl><note>R (on the application of UNISON</note>) (<publisher>Appellant) v Lord Chancellor</publisher> (<note>Respondent</note>) [<date>2017</date>] <idno>UKSC 51</idno></bibl>
	<bibl>9 <title level="a">Joint Committee on Human Rights, The Implications for Access to Justice of the Government&apos;s Proposals to Reform Legal Aid</title>, <date>13 December 2013</date>, <note>HL Paper 100 of session 2013-14</note>, p <biblScope unit="page">7</biblScope>.</bibl>
	<bibl><author>Catherine Jennings</author>, &quot;<title level="a">Accessing Justice: Civil Legal Aid, the Public Interest and Judicial Action</title>&quot; (<date>January 30, 2018</date>). <ptr type="web">https://ssrn.com/</ptr>abstract=3396591 accessed <date>25 th July 2022</date></bibl>
	<bibl><author>Duncan Watts</author>, &quot;<title level="m">AQA Government and Politics AS</title>&quot; (<publisher>AQA</publisher> <date>2014</date>) <biblScope unit="page">32</biblScope></bibl>
	<bibl><author>George</author> <title level="a">Osborne announced an &apos;emergency&apos; budget in June 2010 that significantly</title></bibl>
	<bibl><author>Statista</author>, &quot;<title level="a">Resource department expenditure limit (RDEL) of criminal and civil legal aid in England</title> <idno>and Wales from 2005/06 to 2020/21</idno>&quot; <ptr type="web">https://www.statista.com/statistics/1098628/legal-aid-spending-in-england-and-wales</ptr>/ accessed <date>25 th July 2022</date></bibl>
	<bibl><publisher>Law Society</publisher>, &quot;<title level="m">Access Denied? LASPO Four Years On: A Law Society Review</title>&quot;</bibl>
	<bibl><publisher>Law Society</publisher>, &quot;<title level="a">Housing -legal aid deserts</title>&quot; <ptr type="web">https://www.lawsociety.org.uk/en/campaigns/legal-aid-</ptr>deserts accessed <date>25th July 2022</date></bibl>
	<bibl><author>Sarah Nason and Liam Edwards</author>, &quot;<title level="a">Reviewing Judicial Review in Wales</title>&quot; (<date>April 2021</date>) pg <biblScope unit="volume">11</biblScope> Figure <biblScope unit="issue">1</biblScope> <ptr type="web">https://research.bangor.ac.uk/portal/en/researchoutputs/reviewing-judicial-review-in-wales</ptr>(<date>60911944-778a-47a9-8159-872534c22bb5</date>).html accessed <date>25 th July 2022</date> <biblScope unit="page">33</biblScope></bibl>
	<bibl><author>Frances Gibb</author>, &quot;<title level="a">Administrative Justice and Tribunals Service comes out of the shadows</title>&quot; <ptr type="web">https://www.thetimes.co.uk/article/administrative-justice-and-tribunals-service-comes-out-of-the-shadows-bqfpjjzsv</ptr>5p accessed <biblScope unit="page">25</biblScope><date>th July 2022</date></bibl>
	<bibl><author>Andrew Marr</author>, &quot;<title level="a">The Making of Modern Britain</title>&quot; (<date>Macmillan 2010</date>) <biblScope unit="page">34</biblScope></bibl>
	<bibl><author>Harrison</author>, &quot;<title level="a">The Rise, Fall and Rise of Political Consensus in Britain since 1940</title>&quot; (Vol. <biblScope unit="volume">84</biblScope>, No. <biblScope unit="issue">274</biblScope> <date>April 1999</date>) pp. <biblScope unit="page">301-324</biblScope></bibl>
	<bibl><title level="a">There are numerous indicators of this cross-party appreciation for PLE including the All-Party Parliamentary Group on PLE and Pro Bono, which has been chaired by a Conservative MP in successive Parliamentary sessions</title>: <ptr type="web">https://publications.parliament.uk/pa/cm/cmallparty/220722/public-legal-education-and-pro-bono</ptr>.htm accessed 25th <date>July 2022 20</date> <title level="j">Firearms (Amendment) Act</title> <date>1997</date> <biblScope unit="page">35</biblScope></bibl>
	<bibl><author>Wintersteiger</author>, &quot;<title level="m">Legal Needs, Legal Capability and the Role of Public Legal Education A Report by Law for Life: the Foundation for Public Legal Education&quot; (Law for Life</title> <date>2015</date>) <ptr type="web">https://www.lawforlife.org.uk/wp-content/uploads/Legal-needs-Legal-capability-and-the-role-of</ptr>-Public-Legal-Education.pdf accessed <date>25 th July 2022</date></bibl>
	<bibl><author>UNGA</author>, <title level="a">Res 66/137 Declaration on Human Rights Education and Training</title> (<date>19 December 2011</date>)</bibl>
	<bibl><publisher>Council of Europe, Recommendation CM/Rec</publisher>(<date>2010</date>)<title level="a">7 of the Committee of Ministers to member states on the Council of Europe Charter on Education for Democratic Citizenship and Human Rights Education 25 Searches for these instruments in Hansard suggest that the Charter and Declaration have never been referred</title> <note>to in proceedings of the Commons or the Lords</note>.</bibl>
	<bibl><title level="a">27 Department for Education</title>, &quot;<title level="a">Promoting fundamental British values as part of SMSC in schools Departmental advice for maintained schools</title>&quot; (<date>November 2014</date>) <ptr type="web">https://www.gov.uk/government/publications/promoting-fundamental-british-values-through</ptr>-smsc accessed 25 th <date>July 2022 pg 4</date></bibl>
	<bibl><author>Hugh Starkey</author> &quot;<title level="a">Human rights, cosmopolitanism and utopias: implications for citizenship education</title>&quot; (<date>2012</date>) <title level="a">Cambridge Journal of Education 29 UK Government</title>, &quot;<title level="m">New Panel Launched To Drive Public Legal Education</title>&quot; <ptr type="web">https://www.gov.uk/government/news/new-panel-launched-to-drive-legal-education 40</ptr></bibl>
	<bibl><title level="a">30 Members included Young Citizens, Law for Life, the Law Society, the Bar Council</title>, <note>Inns of Court, the Bingham Centre for the Rule of Law, the Magistrates&apos; Association, the Legal Services Board, the National Justice Museum and others</note>.</bibl>
	<bibl><publisher>The Solicitor General&apos;s Public Legal Education Committee</publisher>, &quot;<title level="m">10 Year Vision for PLE</title>&quot; <ptr type="web">https://www.lawworks.org.uk/sites/default/files/files/10YearVisionForPLE-web.pdf</ptr> <title level="a">accessed 25th July 2022 32 Attorney General&apos;s Office</title>, &quot;<title level="a">Press release Our vision for legal education&apos; Solicitor General Robert Buckland QC MP launches a new PLE vision statement</title>&quot; (<date>October 2018</date>) <biblScope unit="page">41</biblScope></bibl>
	<bibl><title level="a">Attorney General&apos;s Office</title>, &quot;<title level="m">AGO Business Plan 2020-2021</title>&quot; (<ptr type="web">https://assets.publishing.service.gov.uk/government/uploads/system/uploads/attachment_data/file/9061</ptr></bibl>
	<bibl><note>/2020-21_AGO_Business_Plan</note>.pdf accessed 25th <date>July 2022</date> <title level="a">34 The Advisory Group for Citizenship</title>, &quot;<title level="m">Education for citizenship and the teaching of democracy in schools: Final report of the Advisory Group on Citizenship</title>&quot; (<note>Qualifications and Curriculum Authority</note> <date>1998</date>) <ptr type="web">https://dera.ioe.ac.uk/4385/1/crickreport</ptr><date>1998</date>.pdf accessed <date>25th July 2022</date></bibl>
	<bibl><author>36 Commons Library</author>, &quot;<title level="a">House of Commons Briefing Paper Number 06798: The school curriculum in England</title>&quot; (<date>26 March 2021</date>) <biblScope unit="page">pg 5 para 1.3</biblScope> <ptr type="web">https://researchbriefings.files.parliament.uk/documents/SN06798/SN06798.pdf 44</ptr></bibl>
	<bibl><author>The Commons Library</author>, &quot;Turnout&quot; <ptr type="web">https://researchbriefings.files.parliament.uk/documents/CBP-8060/CBP-8060</ptr>.pdf accessed <date>July 15th 2022</date></bibl>
	<bibl><title level="a">Ad Hoc Select Committee on Citizenship and Civic Engagement</title>, &quot;<title level="a">The Ties that Bind: Citizenship and Civic Engagement in the 21st Century</title>&quot; (<date>2018</date>) <title level="m">House of Lords pg 147 para</title> <biblScope unit="volume">162</biblScope> <biblScope unit="page">45</biblScope></bibl>
	<bibl><title level="a">39 Ministry of Housing, Communities and Local Government</title>, &quot;<title level="a">Government response to the Lords Select Committee on Citizenship and Civic Engagement</title>&quot; (<date>June 2018</date>) accessed <date>25 th July 2022</date></bibl>
	<bibl><author>Legal Services Board</author>, &quot;<title level="a">PLE research insights: How access to justice and outcomes vary by legal capability</title>&quot;, pg 5 <ptr type="web">https://legalservicesboard.org.uk/wp-content/uploads/2020/02/LSB-PLE-event</ptr>-<date>Feb-2020</date>-for-web.pdf accessed 25<date>th July 2022</date> <biblScope unit="page">46</biblScope></bibl>
	<bibl><author>R (Miller and others</author>) v <idno>Prime Minister 2019 UKSC 41</idno></bibl>
	<bibl><author>The Bingham Centre</author>, &quot;<title level="a">The Article 50 &apos;Brexit&apos; Appeal: The Rule of Law After Miller</title>&quot; <ptr type="web">https://youtu.be/F1CKnGRSSvA</ptr>?t=3467 accessed at <date>25 th July 2022</date> <biblScope unit="page">47</biblScope></bibl>
	<bibl><author>The Media Leader</author>, &quot;<title level="a">Nielsen confirms £164 million government ad spend for</title> <date>2020</date>&quot; <ptr type="web">https://the-media-leader.com/</ptr><title level="a">nielsen-confirms-164-million-government-ad-spend-for-2020/ accessed 25th July 2022 45 Cabinet Office</title>, &quot;<title level="a">Why the Government Believes That Voting To Remain In The European Union Is The Best Decision For The UK</title>&quot;Accessed <date>25 th July 2022</date> <ptr type="web">https://assets.publishing.service.gov.uk/government/uploads/system/uploads/attachment_data/file/51506</ptr></bibl>
	<bibl><title level="a">/why-the-government-believes-that-voting-to-remain-in-the-european-union-is-the-best-decision-for-the</title><ptr type="web">-uk.pdf</ptr></bibl>
	<bibl><title level="m">46 Conservative and Unionist Party</title>, &quot;<title level="a">Get Brexit Done: Unleash Britain&apos;s Potential The Conservative and Unionist Party Manifesto</title> <date>2019</date>&quot; Accessed <date>25 th July 2022 pg 48</date> <ptr type="web">https://assets-global.website-files.com/5</ptr><note>da42e2cae7ebd3f8bde353c/5dda924905da587992a064ba_Conservative%202019%20Manifesto</note>.p df <biblScope unit="page">47</biblScope> <title level="a">Open Democracy</title>, &quot;<title level="a">This Tory manifesto is chilling -liberals must vote tactically to protect democracy</title>&quot; <ptr type="web">https://www.opendemocracy.net/en/opendemocracyuk/tory-manifesto-chilling-liberals-must-vote-tactically-protect-democracy</ptr>/ Accessed <date>25 th July 2022</date></bibl>
	<bibl><author>Aitchinson</author>, &apos;<title level="a">This Tory manifesto is chilling -liberals must vote tactically to protect democracy</title>&apos; <biblScope unit="page">50</biblScope></bibl>
	<bibl><title level="j">The Independent Human Rights Act Review</title> available at: <ptr type="web">https://assets.publishing.service.gov.uk/government/uploads/system/uploads/attachment_data/file/10405 25/ihrar-final-report.pdf</ptr></bibl>
	<bibl><author>Ministry of Justice</author>, &quot;<title level="a">Human Rights Act Reform: A Modern Bill Of Rights A consultation to reform the Human Rights Act</title> <date>1998</date>&quot; (<date>2019</date>) <ptr type="web">https://assets.publishing.service.gov.uk/government/uploads/system/uploads/attachment_data/file/10404</ptr></bibl>
	<bibl><title level="m">/human-rights-reform-consultation</title>.pdf Accessed 25 th <date>July 2022</date> <title level="a">51 UCL</title>, &quot;<title level="a">The Human Rights Act-Reviewed</title>&quot; (<date>2022</date>) <ptr type="web">https://www.youtube.com/watch?v=uKe10</ptr>pYbQXA Accessed <date>25 th July 2022</date></bibl>
	<bibl><author>M A Olatokun</author>, &quot;<title level="a">Consult beyond the usual suspects to renew the constitution</title>&quot; <title level="j">Times Red Box</title> <biblScope unit="volume">51</biblScope></bibl>
	<bibl><author>Alan Renwick</author>, &quot;<title level="a">People want politicians to act with integrity, says citizens&apos; assembly</title>&quot; (<orgName type="collaboration">UCL Constitution Unit</orgName>) <ptr type="web">https://www.ucl.ac.uk/constitution-unit/news/2022/jan/people-want-politicians-act-integrity-says-citizens</ptr>-assembly Accessed <date>25 th July 2022</date> <biblScope unit="page">52</biblScope></bibl>
	<bibl><author>Wendy Williams</author>, &quot;<title level="m">Windrush Lessons Learned Review</title>&quot; <ptr type="web">https://assets.publishing.service.gov.uk/government/uploads/system/uploads/attachment_data/file/87402</ptr></bibl>
	<bibl><idno>/6.5577_HO_Windrush_Lessons_Learned_Review_WEB_v2</idno>.pdf Accessed 25 th <date>July 2022 55</date> <author>Wintersteiger et al</author>, &quot;<title level="a">Effectiveness of Public Legal Education Initiatives A literature review</title>&quot; (<date>2021</date>) <ptr type="web">https://legalservicesboard.org.uk/wp-content/uploads/2021/02/PLE-systematic-review-report-Feb-2021</ptr>.pdf Accessed <date>25th July 2022</date></bibl>
	<bibl><publisher>UNESCO</publisher>, &quot;<title level="a">Strengthening the rule of law through education: a guide for policymakers</title>&quot; (<date>2018</date>) <ptr type="web">https://unesdoc.unesco.org/ark:/48223/pf0000366771 Accessed 25/7/2022</ptr></bibl>

		</listBibl>
	</back>
	</text>
</TEI>
