<?xml version="1.0" ?>
<TEI xml:space="preserve" xmlns="http://www.tei-c.org/ns/1.0" xmlns:xlink="http://www.w3.org/1999/xlink" 
 xmlns:mml="http://www.w3.org/1998/Math/MathML">
	<teiHeader>
		<fileDesc>
			<sourceDesc>
				<biblStruct>
					<analytic>


						<author><forename>Scott</forename> <surname>Smith</surname> <forename>;</forename> , and <forename>Lutz</forename> <surname>Berkner</surname></author>

						<author><forename>K</forename> . <surname>Lockridge</surname></author>

						<author><forename>D</forename> .<middlename>S</middlename> . <surname>Smith</surname></author>

						<author><surname>See</surname>, for example</author>

						<author><forename>R</forename> .<middlename>A</middlename> . <surname>Easterlin</surname> ; <forename>R</forename> .<middlename>A</middlename> . <surname>Easterlin</surname> ; <forename>R</forename> .<middlename>A</middlename> . <surname>Easterlin</surname>, <forename>G</forename> . <surname>Alter</surname>, and <forename>G</forename> .<middlename>A</middlename>. <surname>Condran</surname></author>

						<author><forename>J</forename> . <surname>Modell</surname> ; <forename>P</forename> . <surname>Lindert</surname></author>

						<author><forename>M</forename> .<middlename>A</middlename> . <surname>Vinovskis</surname></author>

						<author><forename>T</forename> .<middlename>K</middlename> . <surname>Hareven</surname> and <forename>M</forename> . <surname>Vinovskis</surname></author>

						<author><forename>M</forename> . <surname>Frisch</surname></author>

						<author><forename>M</forename> . <surname>Katz</surname></author>

						<author><surname>Boston</surname></author>

						<author><surname>See</surname>, for example, <forename>R</forename> . <surname>Farley</surname> ; <forename>R</forename> . <surname>Farley</surname></author>

						<author><forename>J</forename>.<middlename>E</middlename>. <surname>Eblen</surname></author>

						<author><forename>R</forename> . <surname>Menard</surname></author>

						<author><forename>R</forename> . <surname>Menard</surname></author>

						<author><forename>J</forename> . <surname>Trussell</surname> and <forename>R</forename> . <surname>Steckel</surname></author>

						<author><forename>A</forename> .<middlename>J</middlename> . <surname>Coale</surname></author>

						<author><forename>P</forename> . <surname>Demeny</surname> ; <forename>M</forename> . <surname>Livi-Bacci</surname></author>

						<author><forename>E</forename> . <surname>van de Walle</surname></author>

						<author><forename>R</forename> . <surname>Lesthaeghe</surname></author>

						<author><forename>M</forename> . <surname>Haines</surname></author>

						<author><forename>D</forename> . <surname>Sabean ; )</surname> and <forename>D</forename> . <surname>Sabean</surname></author>

						<author><forename>L</forename> . <surname>Berkner</surname> ; <forename>L</forename> . <surname>Berkner</surname></author>

						<author><forename>L</forename> . <surname>Berkner</surname> and <forename>F</forename> . <surname>Mendels</surname></author>

						<author><forename>F</forename> .<middlename>E</middlename> . <surname>Mendels</surname></author>

						<author>&quot;<forename>F</forename> .<middlename>E</middlename> . <surname>Mendels</surname></author>

						<author><forename>H</forename> . <surname>Kisch</surname> ; <forename>R</forename> . <surname>Rudolph</surname></author>

						<author><surname>See</surname>, for example</author>

						<author><forename>In</forename> <middlename>L</middlename> . <surname>Berkner</surname></author>

						<author><surname>See</surname>, for example</author>

						<author><forename>R</forename> . <surname>Hill</surname> ; <forename>G</forename> . <surname>Elder</surname> ; and <forename>T</forename> .<middlename>K</middlename> . <surname>Hareven</surname> <forename>;</forename> <middlename>J</middlename> . <surname>Modell</surname>, <forename>F</forename> .<middlename>F</middlename> . <surname>Furstenberg</surname>, <forename>Jr</forename> ., and <forename>D</forename> . <surname>Strong</surname></author>

						<author><forename>J</forename> . <surname>Modell</surname>, <forename>F</forename> .<middlename>F</middlename> . <surname>Furstenberg</surname>, <forename>Jr</forename> ., and <forename>T</forename> . <surname>Hershberg</surname> ; <forename>D</forename> .<middlename>S</middlename> . <surname>Smith</surname></author>

						<author><forename>L</forename> .<middlename>T</middlename> . <surname>Wimmer</surname> and <forename>C</forename> .<middlename>L</middlename>. <surname>Pope</surname></author>

						<author><forename>L</forename> .<middlename>L</middlename> . <surname>Bean</surname>, et al .</author>

						<author><forename>R</forename> .<middlename>W</middlename> .<surname>Fogel</surname>, et al .</author>

						<author><forename>D</forename> .<middlename>S</middlename> . <surname>Smith</surname></author>

					</analytic>
				</biblStruct>
			</sourceDesc>
		</fileDesc>
	</teiHeader>
</TEI>
