<?xml version="1.0" ?>
<TEI xml:space="preserve" xmlns="http://www.tei-c.org/ns/1.0" xmlns:xlink="http://www.w3.org/1999/xlink" 
 xmlns:mml="http://www.w3.org/1998/Math/MathML">
	<teiHeader>
		<fileDesc>
			<sourceDesc>
				<biblStruct>
					<analytic>


						<author><surname>See</surname> <forename>S</forename>. <middlename>P</middlename>. <surname>Turner</surname>, <forename>R</forename>. <middlename>A</middlename>. <surname>Factor</surname>, <forename>Max</forename> <surname>Weber</surname> <forename>;</forename> <middlename>P</middlename>. <surname>Honigsheim</surname>, <surname>On</surname> <forename>Max</forename> <surname>Weber</surname></author>

						<author><forename>J</forename>. <surname>Radkau</surname>, <forename>Max</forename> <surname>Weber</surname> <forename>; ;</forename> and, generally, <forename>M</forename>. <surname>Weber</surname>, <forename>Max</forename> <surname>Weber</surname></author>

						<author><forename>R</forename>. <surname>Cotterrell</surname></author>

						<author><forename>R</forename>. <surname>Cotterrell</surname>, <forename>Émile</forename> <surname>Durkheim</surname></author>

						<author><forename>R</forename>. <surname>Cotterrell</surname></author>

						<author><forename>N</forename>. <middlename>S</middlename>. <surname>Timasheff</surname></author>

						<author>| <surname>Roger</surname></author>

						<author><forename>R</forename>. <surname>Aron</surname></author>

						<author><forename>A</forename>. <surname>Comte</surname></author>

						<author><forename>A</forename>. <surname>Comte</surname> ; <forename>G</forename>. <surname>Gurvitch</surname></author>

						<author><forename>*</forename>*<forename>*</forename></author>

						<author><forename>A</forename>. <surname>Comte</surname></author>

						<author><forename>H</forename>. <middlename>E</middlename>. <surname>Barnes</surname> ; <forename>H</forename>. <middlename>E</middlename>. <surname>Barnes</surname></author>

						<author><forename>L</forename>. <middlename>v</middlename>. <surname>Stein</surname></author>

						<author><forename>K</forename>. <surname>Mengelberg</surname></author>

						<author><forename>H</forename>. <surname>Marcuse</surname></author>

						<author>| <surname>Roger</surname></author>

						<author><forename>Von</forename> <surname>Stein</surname></author>

						<author><surname>Böckenförde</surname></author>

						<author><forename>J</forename>. <surname>Singelmann</surname>, <forename>P</forename>. <surname>Singelmann</surname></author>

						<author><surname>Marcuse</surname></author>

						<author><surname>Böckenförde</surname></author>

						<author><forename>Von</forename> <surname>Stein</surname> <forename>;</forename> <surname>Singelmann</surname>, <forename>Singelmann</forename></author>

						<author><forename>Von</forename> <surname>Stein</surname></author>

						<author>| <surname>Roger</surname></author>

						<author><surname>Böckenförde</surname></author>

						<author><forename>C</forename>. <surname>Thornhill</surname></author>

						<author><forename>M</forename>. <middlename>R</middlename>. <surname>Rutgers</surname> ; <forename>F</forename>. <surname>Berolzheimer</surname></author>

						<author><forename>***</forename> <surname>Tönnies</surname><forename>&apos;</forename> <surname>book Gemeinschaft und Gesellschaft</surname></author>

						<author><forename>F</forename>. <surname>Tönnies</surname></author>

						<author><forename>H</forename>. <surname>Liebersohn</surname></author>

						<author>| <surname>Roger</surname> <forename>Cotterrell</forename> <surname>day</surname></author>

						<author><surname>Tönnies</surname></author>

						<author><surname>Ibid</surname>.</author>

						<author><forename>*</forename>*<forename>*</forename></author>

						<author><surname>Weber</surname></author>

						<author><forename>M</forename>. <surname>Weber</surname></author>

						<author><surname>Ibid</surname>.</author>

						<author>| <surname>Roger</surname></author>

						<author><surname>Ibid</surname></author>

						<author><surname>Ibid</surname>.</author>

						<author><forename>*</forename>*<forename>*</forename></author>

						<author><forename>W</forename>. <middlename>J</middlename>. <surname>Mommsen</surname>, <forename>Max</forename> <surname>Weber</surname> and <forename>German</forename> <surname>Politics</surname></author>

						<author><forename>M</forename>. <surname>Weber</surname></author>

						<author><surname>Weber</surname></author>

						<author><forename>See</forename> <surname>Weber</surname></author>

						<author>| <surname>Roger</surname></author>

						<author><forename>M</forename>. <surname>John</surname></author>

						<author><surname>Ibid</surname>.</author>

						<author><surname>Mitzman</surname></author>

						<author><forename>M</forename>. <middlename>F</middlename>. <surname>John</surname></author>

						<author><surname>Mommsen</surname></author>

						<author><forename>A</forename>. <surname>Brand</surname></author>

						<author><surname>IV</surname></author>

						<author><forename>*</forename>*<forename>*</forename></author>

						<author><surname>Cf</surname>. <middlename>M</middlename>. <surname>Weber</surname></author>

						<author><forename>J.-J</forename>. <surname>Rousseau</surname></author>

						<author>| <surname>Roger</surname> <forename>Cotterrell</forename></author>

						<author><forename>C</forename>. <surname>Bouglé</surname>, <forename>Le</forename> <surname>solidarisme</surname></author>

						<author><surname>Cf</surname>. <surname>Lukes</surname></author>

						<author><forename>C</forename>. <surname>Secrétan</surname></author>

						<author><forename>C</forename>. <surname>Secrétan</surname></author>

						<author><forename>A</forename>. <surname>Fouillée</surname></author>

						<author><surname>Fouillée</surname></author>

						<author><forename>A</forename>. <surname>Fouillée</surname> ; <forename>J</forename>. <middlename>E</middlename>. <middlename>S</middlename>. <surname>Hayward</surname></author>

						<author><forename>See</forename> <middlename>M</middlename>. <surname>Borgetto</surname></author>

						<author><surname>Gurvitch</surname></author>

						<author><surname>Gurvitch</surname></author>

						<author>| <surname>Roger Cotterrell ***</surname></author>

						<author><forename>É</forename>. <surname>Durkheim</surname></author>

						<author><forename>É</forename>. <surname>Durkheim</surname></author>

						<author><surname>Durkheim</surname></author>

						<author><forename>See J.-L</forename>. <surname>Génard</surname></author>

						<author><forename>É</forename>. <surname>Durkheim ; See</surname>, generally, <forename>C</forename>. <middlename>J</middlename>. <surname>Sirianni</surname></author>

						<author><forename>R</forename>. <surname>Cotterrell</surname>, <forename>Émile</forename> <surname>Durkheim</surname></author>

						<author><forename>É</forename>. <surname>Durkheim</surname> ; <forename>É</forename>. <surname>Durkheim</surname></author>

						<author><forename>See</forename> <middlename>É</middlename>. <surname>Durkheim</surname></author>

						<author>| <surname>Roger</surname></author>

						<author><forename>*</forename>*<forename>*</forename></author>

						<author><forename>J</forename>. <middlename>F</middlename>. <surname>Stone</surname></author>

						<author><forename>P</forename>. <surname>Fauconnet</surname></author>

						<author><forename>J</forename>. <surname>Piaget</surname></author>

						<author><forename>V</forename>. <surname>CONCLUSION</surname></author>

						<author><surname>Cotterrell</surname></author>

						<author>| <surname>Roger</surname></author>

						<author><forename>C</forename>. <surname>Eisenmann</surname>, <forename>Léon</forename> <surname>Duguit</surname></author>

						<author><forename>L</forename>. <surname>Duguit</surname>, <forename>Objective</forename> <surname>Law</surname></author>

						<author><forename>L</forename>. <surname>Duguit</surname></author>

						<author><forename>J</forename>. <middlename>E</middlename>. <middlename>S</middlename>. <surname>Hayward</surname></author>

						<author><forename>M</forename>. <surname>Hauriou</surname> ; <forename>Georges</forename> <surname>Renard</surname>, <forename>Joseph</forename> <middlename>T</middlename>. <surname>Delos</surname></author>

						<author><forename>E</forename>. <surname>Pisier-Kouchner</surname></author>

						<author><surname>Cotterrell</surname></author>

						<author>| <surname>Roger</surname></author>

					</analytic>
				</biblStruct>
			</sourceDesc>
		</fileDesc>
	</teiHeader>
</TEI>
