<?xml version="1.0" ?>
<tei xml:space="preserve">
	<teiHeader>
		<fileDesc xml:id="origin7818509134212557084"/>
	</teiHeader>
	<text xml:lang="en">
		<front>
<lb/>
	Comparative Law Review<lb/>
	<date>15 2013<lb/></date>

	<byline>
	<affiliation>Nicolaus Copernicus University<lb/></affiliation>
	</byline>

	<idno>http://dx.doi.org/10.12775/CLR.2013.002<lb/></idno>

	<byline>
	<docAuthor>Roger Cotterrell <lb/></docAuthor>
	</byline>

	<docTitle>
	<titlePart>CLASSICAL SOCIAL THEORY<lb/> AND IDEAS OF RESPONSIBILITY AND THE STATE<lb/> IN FRANCE AND GERMANY</titlePart>
	</docTitle>

	Abstract<lb/>
	<div type="abstract">Social theory can aid comparative legal studies by revealing currents of social ideas in which<lb/> law develops. A comparison of major contributions to French and German social theory between the<lb/> mid-nineteenth and the early twentieth century presents striking contrasts in understandings of the<lb/> nature of legal responsibility and the function of the state. It shows two different movements of<lb/> thought: one elaborating a view of law mainly as a technology of government overseeing and<lb/> co-ordinating individual interests; the other emphasising the law&apos;s importance in nurturing social<lb/> solidarity and facilitating collective responsibility.</div>

	Keywords<lb/>
	<keyword>Comte -Von Stein -Tönnies -Weber -Gierke -solidarism -Durkheim -Duguit -individualism -<lb/>collective responsibility -solidarity -functions of law -modern state<lb/></keyword>

	<byline>
	<affiliation> Anniversary Professor of Legal Theory, Queen Mary and Westfield College, University of<lb/> London</affiliation>
	</byline>

	<div type="abstract">, and Fellow of the British Academy. This article is adapted, abbreviated and revised<lb/> from a paper published in M. Lobban, J. Moses (eds), The Impact of Ideas on Legal Development,<lb/> Cambridge: Cambridge University Press 2012.<lb/> 22 | Roger Cotterrell<lb/> I. INTRODUCTION<lb/> Can the study of social theory provide a background for comparative</div>

		</front>
	</text>
</tei>
