<?xml version="1.0" ?>
<TEI xml:space="preserve" xmlns="http://www.tei-c.org/ns/1.0" xmlns:xlink="http://www.w3.org/1999/xlink" 
 xmlns:mml="http://www.w3.org/1998/Math/MathML">
	<teiHeader/>
	<text>
		<front/>
		<body/>
		<back>
<listBibl>
	<bibl><note>inquiries about changing legal ideas? This article explores this issue by asking how key contributions to social theory in France and Germany, from the</note> <title level="a">mid-nineteenth to the early twentieth century, influenced, supported, or reflected changing legal ideas about individual and social responsibility</title>. <title level="a">To limit the scope of inquiry here the focus is on ideas about the state&apos;s role, especially with regard to public service and social provision, and about the importance (reflected in legal debates and law reform) of social, collective or state responsibility confronting laissez-faire individualism. Social theory can be defined as the systematic, empirically-oriented study of the &quot;social&quot; (the recurring forms, or patterned features, of interactions and relations between people) in terms of its historical variation, and its variation between different societies. Why might this theory be significant in considering legal debates around responsibility and the role of the state? There is little evidence that social theory has directly influenced legal reform, but, in the period addressed by this article, there was certainly cross-influence between jurists and social theorists. The social theorist Max Weber, for example, interacted extensively with leading German jurists of his day 1 . Similarly, Émile Durkheim&apos;s sociology, which dominated French social thought in the early decades of the twentieth century, powerfully influenced the work of important jurists such as Léon Duguit, Emmanuel Lévy and Paul Huvelin -the latter two actually being part of Durkheim&apos;s team of collaborators 2</title> . <note>But philosophy was a more important theoretical influence on jurists in this period, as for example in the Kantian and Hegelian bases of juristic legal theory especially in Germany. Social theorists have often written with the aim of promoting change or influencing public debate</note>, <note>but distances</note></bibl>
	<bibl><author>See S. P. Turner, R. A. Factor, Max Weber</author>: <title level="m">The Lawyer as Social Thinker</title>, <pubPlace>London, New York</pubPlace>: <title level="j">Routledge</title> <date>1994</date>; <author>P. Honigsheim, On Max Weber</author>, <pubPlace>London</pubPlace>: <publisher>Collier-Macmillan Limited</publisher> <date>1968</date>, pp. <biblScope unit="page">68-75</biblScope>;</bibl>
	<bibl><author>J. Radkau, Max Weber</author>: <title level="j">A Biography</title>, <pubPlace>Cambridge</pubPlace>: <publisher>Polity Press</publisher> <date>2009</date>, pp. <biblScope unit="page">258-9</biblScope>, <biblScope unit="page">261-6</biblScope><author>; and, generally, M. Weber, Max Weber</author>: <publisher>A Biography</publisher>, <pubPlace>New York, London, Sydney, Toronto</pubPlace>: <publisher>John Wiley and Sons</publisher> <date>1975</date>.</bibl>
	<bibl><author>R. Cotterrell</author>, <title level="m">Living Law: Studies in Legal and Social Theory</title>, <pubPlace>Aldershot</pubPlace>: <publisher>Ashgate</publisher> <date>2008</date>, chs. <biblScope unit="volume">6 and 7</biblScope>;</bibl>
	<bibl><author>R. Cotterrell, Émile Durkheim</author>: <title level="a">Law in a Moral Domain</title>, <pubPlace>Edinburgh</pubPlace>: <publisher>Edinburgh University Press</publisher> <date>1999</date>, chap. 3.</bibl>
	<bibl><title level="m">| Classical Social Theory and Ideas of Responsibility and the State between social theory and legal practice are considerable. Evidence of direct influence is likely to be rare</title>. <title level="a">Far more significant is the point that by studying the different standpoints of lawyers, law reformers and social theorists it may be possible to integrate perspectives on a shared legal and social history</title>. <title level="a">Social theory, at least in its most prominent forms, reflects something of the generally felt problems, assumptions, aspirations and contradictions of its time. Typically, it seeks insight into the nature and sources of contemporary social conditions, and their possible future. It aims to capture the prevailing sense of movement in social life, and society&apos;s self-understandings. Legal thought also, in various ways, reflects these matters, but through the prism of professional and political priorities 3 . Perhaps, then, social theory can reveal a broad context of social experience in which legal issues arise, but its focus will be on the social as a whole, and on law and the state only insofar as they are aspects of, or shaping influences on, the social. The themes focused on in this article are (i) the development of conceptions of law as a modern technical instrument of government, available to protect or arbitrate between citizens&apos; interests; and (ii) the development of ideas of law as existing to nurture and define social solidarity and collective responsibility. Both themes characterise main currents in social theory from the mid-nineteenth to the early twentieth century. A focus on them highlights very different emphases in French and German theory in this period. Indeed, the tension between these emphases may be especially revealing with respect to changing perceptions of responsibility and of the role of the state</title>. <title level="j">II. PIONEER SOCIOLOGY</title>: <publisher>LAW AS OBSTACLE AND SOLUTION Sociology</publisher> (<note>a term coined by the French philosopher Auguste Comte in 1839) is said to have been &quot;born in a state of hostility to law&quot; 4 . This</note></bibl>
	<bibl><author>R. Cotterrell</author>, <title level="a">The Politics of Jurisprudence: A Critical Introduction to Legal Philosophy, 2 nd edn.</title>, <pubPlace>Oxford</pubPlace>: <publisher>Oxford University Press</publisher> <date>2003</date>.</bibl>
	<bibl><author>N. S. Timasheff</author>, <title level="a">An Introduction to the Sociology of Law</title>, <pubPlace>Cambridge</pubPlace>: <title level="m">Harvard University Committee on Research in the Social Sciences</title> <date>1939</date>, p. <biblScope unit="page">45</biblScope>.</bibl>
	<bibl><author>| Roger</author> <title level="a">Cotterrell hostility is clearly revealed in Comte&apos;s work which saw the progress of human thought as passing through theological and metaphysical stages to enter (at different times in the different sciences) a final, modern stage in which positivist thought -focusing only on observable facts and discarding metaphysics -would triumph in all fields</title>. <title level="a">According to Comte&apos;s prediction, all positivist sciences will &quot;converge on sociology, because the whole hierarchy of being culminates in the human species&quot; 5 , the life of which must be rationally guided by a science of the social. So, sociology, not law, is to define the responsibilities of the citizen. It will reveal the mechanisms by which the social order sustains itself and the part that everyone must play in sustaining these mechanisms. Duty flows directly from the social functions that sociology explains. Law retains no role in this scientifically regulated world because it purports to address, without scientific understanding but through &quot;the vague and turbulent discussion of rights&quot; 6 , conflicts that the positivist science of society will remove. Law is &quot;a metaphysical vestige (…) absurd as well as immoral&quot; and positivism &quot;causes the idea of law to disappear irretrievably&quot; 7 . In Comte&apos;s thought both conservatism (resignation to the existing order of society) and an idea of progress (the possibility of continuous rational reform) loom large, both being removed from the field of human will and located now in an impersonal science. So it is easy to see why Comte&apos;s sociology treats ideas of will and responsibility in legal thought as its enemy: Comtean responsibility does not originate in the individual&apos;s acts and motivations, but is fixed by the nature of society. It is established not juridically, but by scientific laws that govern social cohesion and set its requirements</title>. <note>In this context governmental authority must be a unifying force. Comte saw that modern, large-scale societies required extensive occupational specialisation. But in contrast to the view that Durkheim would later take, he thought that the increasing division of labour could undermine social</note></bibl>
	<bibl><author>R. Aron</author>, <title level="j">Main Currents of Sociological Thought</title>, vol. <biblScope unit="volume">1</biblScope>, <pubPlace>London</pubPlace>: <publisher>Weidenfeld &amp; Nicolson</publisher> <date>1965</date>, pp. <biblScope unit="page">101-2</biblScope>.</bibl>
	<bibl><author>A. Comte</author>, <title level="m">Cours de philosophie positive</title> (<biblScope unit="page">1830-42</biblScope>), vol. <biblScope unit="volume">6</biblScope>, <pubPlace>Paris</pubPlace>: <editor>J. B</editor>. <title level="m">Baillière et fils 1869</title>, pp. <biblScope unit="page">651-2</biblScope>, [<note>as quoted in:] Timasheff, supra note 6</note>, p. <biblScope unit="page">45</biblScope>.</bibl>
	<bibl><author>A. Comte</author> [quoted in:] <author>G. Gurvitch</author>, <title level="j">Sociology of Law</title>, <pubPlace>London</pubPlace>: <editor>Routledge &amp; Kegan Paul, Trench, Trubner &amp; Co</editor> <date>1947</date>, p. <biblScope unit="page">12</biblScope>.</bibl>
	<bibl>| <title level="a">Classical Social Theory and Ideas of Responsibility and the State cohesion, decomposing society &quot;into a multitude of unconnected corporations which scarcely seem to belong to the same species&quot;; governmental power must &quot;contain and so far as possible arrest this fatal disposition to the fundamental dispersion of ideas, sentiments and interests&quot;; it would have to &quot;intervene appropriately in the daily performance of all the various functions of the social economy, to sustain continuously the idea of the whole and the sentiment of common solidarity&quot; 8 . Thus, at the beginning of modern sociology, Comte calls for government intervention in aid of solidarity -a theme that would resonate through much later French thought. But law is not seen as important to this intervention; it is merely an arena of irrational conflict where rights are fought over without knowledge of their wider social context. A challenge is thrown down -if a somewhat unclear one, given Comte&apos;s ultimately vague views on the future of the state and on appropriate structures of government 9</title> -<note>to rethink issues of social responsibility outside the framework of the rights and duties of private law</note>.</bibl>
	<bibl><author>***</author> <title level="m">At much the same time as Comte wrote</title>, <title level="a">Lorenz von Stein contributed foundations for sociological thought in Germany. Von Stein&apos;s work is now virtually ignored but in 1850 10 he set out a general theory of social development that &apos;laid the cornerstone of what we today call &quot;historical sociology&quot; 11 and is &quot;the first German sociology&quot; 12 . Influenced initially by Hegel&apos;s philosophy of history</title>, <note>Von Stein replaced such philosophical</note></bibl>
	<bibl><author>A. Comte</author>, <title level="m">Cours de philosophie positive</title>, vol. <biblScope unit="volume">4</biblScope>, <pubPlace>Paris</pubPlace>: <editor>J. B</editor>. <title level="a">Baillière et fils 1864</title>, pp. <biblScope unit="volume">429</biblScope>, <biblScope unit="page">430-1</biblScope>, [<note>as quoted in:] S. Lukes</note>, <title level="m">Émile Durkheim: His Life and Work</title>, Harmondsworth: Penguin <date>1973</date>, pp. <biblScope unit="page">141</biblScope>, <biblScope unit="page">142</biblScope>.</bibl>
	<bibl><author>H. E. Barnes</author>, <title level="m">The Social and Political Philosophy of Auguste Comte</title>, [in:] <author>H. E. Barnes</author>, <title level="a">An Introduction to the History of Sociology</title>, <pubPlace>Chicago</pubPlace>: <publisher>University of Chicago Press</publisher> <date>1948</date>, pp. <biblScope unit="page">81-109</biblScope>. <title level="a">For the apparent change over time in Comte&apos;s ideas on the organisation and radical decentralisation of governmental functions see e.g. R. Vernon, Auguste Comte and the Withering-Away of the State</title>, <title level="j">Journal of the History of Ideas</title> <date>1984</date>, vol. <biblScope unit="volume">45</biblScope>, p. <biblScope unit="page">549</biblScope>.</bibl>
	<bibl><author>L. v. Stein</author>, <title level="a">The History of the Social Movement in France</title>, <biblScope unit="page">1789-1850</biblScope>, <pubPlace>Totowa, New Jersey</pubPlace>: <publisher>Bedminster Press</publisher> <date>1964</date>.</bibl>
	<bibl><author>K. Mengelberg</author>, <title level="a">Lorenz von Stein and his Contribution to Historical Sociology</title>, <title level="j">Journal of the History of Ideas</title> <date>1961</date>, vol. <biblScope unit="volume">22</biblScope>, pp. <biblScope unit="page">267</biblScope>, <biblScope unit="page">268</biblScope>.</bibl>
	<bibl><author>H. Marcuse</author>, <title level="m">Reason and Revolution: Hegel and the Rise of Social Theory, London: Routledge and Kegan Paul</title> <date>1955</date>, p. <biblScope unit="page">375</biblScope>.</bibl>
	<bibl><author>| Roger</author> <title level="a">Cotterrell speculation with a &quot;science of society&quot;, an empirical inquiry into processes by which social life had developed into the form of modern industrial organisation. The principles of the Declaration des droits de l&apos;homme et du citoyen, Von Stein declared, are the &quot;first basic law of the new society</title>&quot; <title level="a">13 brought into being by the French Revolution of 1789. They express fundamental laws &quot;structurally separate from state and government&quot; and rooted in society itself 14 . These principles are not primarily political but social -&quot;the constitution of society&quot; 15 rather than of the state</title>. <title level="a">They do not depend on a particular form of state, must be seen as antecedent to state action, and can be asserted, if necessary, against it. Thus, natural (scientific) &quot;laws&quot; of society&apos;s development are the real motor of modern European history. What are these scientific (sociological) &quot;laws&quot;? The Declaration of the Rights of Man asserted a principle of equality before the law, which gives free rein to the pursuit of self-interest and enables established privileges and statuses to be challenged. Thereafter, acquired property becomes the foundation of social order and organisation</title>. &quot;<title level="a">For the liberated individual (…) property became the natural and indeed primary means of shaping his own worth and individuality&quot; 16 and the concrete expression of abstract, universal liberty. These conditions support &apos;economic society&apos; based on free acquisition. This, in turn, becomes &quot;industrial society&quot;, based on capital accumulation which is made possible by the mechanisation of production. The contradictions of this society are expressed in the contrast between universal abstract freedom (in theory) and differential access to property</title> (<note>in practice</note>). <title level="m">Hence the conflict of social classes</title> (<note>which are defined by this differential access) arises as the proletariat becomes conscious of its situation. The result is the threat of violence, civil war and the self-destruction of society. And this result is produced by the nature of the social -not by the nature of politics, law, or the state</note>.</bibl>
	<bibl><author>Von Stein</author>, <title level="m">Geschichte der sozialen Bewegung in Frankreich von 1789 bis auf unserer Tage</title>, vol. <biblScope unit="volume">1</biblScope>, <title level="m">Munchen: Drei Masken Verlag 1921</title>, p. <biblScope unit="page">209</biblScope>, [<note>as quoted in:] E.-W. Böckenförde</note>, <title level="m">State, Society and Liberty: Studies in Political Theory and Constitutional Law</title>, <pubPlace>New York</pubPlace>: <pubPlace>Berg</pubPlace> <date>1991</date>, p. <biblScope unit="page">121</biblScope>.</bibl>
	<bibl><author>Böckenförde</author>, <note>supra note 13</note>, p. <biblScope unit="page">121</biblScope>. 15 Ibid., p. <biblScope unit="page">126</biblScope>. <biblScope unit="volume">16</biblScope> Ibid., p. <biblScope unit="page">127</biblScope>.</bibl>
	<bibl>| <title level="a">Classical Social Theory and Ideas of Responsibility and the State If many of these ideas sound familiar it is, of course, because they are so close in outline to Marx&apos;s analysis of the historical trajectory of capitalist society</title>. <title level="a">But they were presented by Von Stein before Marx had set out his mature theories. There is clear evidence that Marx had read Von Stein&apos;s work, perhaps drawing much from it 17 while condemning it for its bourgeois defence of the state and the established order. Unlike Marx, Von Stein sought to save industrial society from itself, enlisting the state as central to this rescue operation</title>. <title level="a">But his warnings of social unrest were largely ignored in the growing optimism in Germany, from the mid-nineteenth century, for national unity and a national state 18 . Despite the utter disparity in their fame today, Von Stein is more significant in the context of this article than Marx because, as Ernst-Wolfgang Böckenförde has argued 19 , he can be seen as a proponent in 1850 of the social or welfare state and of a science of society to serve it. He combines a partially Hegelian idealisation of the state with sociological realism. The state&apos;s function is to guarantee liberty and property</title>, <note>and in principle it is above class antagonisms as &quot;the community acting as a personality&quot; 20 . But this is an ethical ideal</note>, &quot;<title level="m">merely an abstraction&quot; 21 . The state, in reality, serves the interests of the ruling classes, or becomes absolutist and remote, losing support in society. Its only possibility of retaining its authority and regulatory power is to enlist the support of wide social groupings by guaranteeing the practical</title> (<note>not just formal) liberty of all, and facilitating their participation in economic and social life especially through the creation of extensive opportunities for property acquisition</note>.</bibl>
	<bibl><author>J. Singelmann, P. Singelmann</author>, <title level="a">Lorenz von Stein and the Paradigmatic Bifurcation of Social Theory in the Nineteenth Century</title>, <title level="j">British Journal of Sociology</title> <date>1986</date>, vol. <biblScope unit="volume">37</biblScope>, pp. <biblScope unit="page">431</biblScope>, <biblScope unit="page">447</biblScope>;</bibl>
	<bibl><author>Marcuse</author>, <note>supra note 12</note>, p. <biblScope unit="page">374</biblScope>. <title level="a">As Werner Cahnman puts it</title>, &quot;<title level="a">Marx&apos;s sociology is therefore as Steinian as his economics is Ricardian</title>&quot;. <title level="m">See W. Cahnman, Book review: Lorenz von Stein: The History of the Social Movement in France</title>, <biblScope unit="page">1789-1850</biblScope>; <note>Translated by Kaethe Mengelberg</note>, <title level="j">American Journal of Sociology</title> <date>1966</date>, vol. <biblScope unit="volume">71</biblScope>, p. <biblScope unit="page">746</biblScope>.</bibl>
	<bibl><author>Böckenförde</author>, supra note <biblScope unit="volume">13</biblScope>, pp. <biblScope unit="page">117-18</biblScope>.</bibl>
	<bibl>Ibid. in <title level="m">chap</title>. <biblScope unit="volume">6</biblScope>.</bibl>
	<bibl><author>Von Stein</author>, <note>supra note 13</note>, p. <biblScope unit="page">16</biblScope>, [as quoted in:] <author>Singelmann, Singelmann</author>, supra note <biblScope unit="volume">17</biblScope>, p. <biblScope unit="page">436</biblScope>. <title level="a">See also Mengelberg, supra note 11</title>, p. <biblScope unit="page">269</biblScope>; <publisher>Marcuse</publisher>, supra note <biblScope unit="volume">12</biblScope>, p. <biblScope unit="page">381</biblScope>.</bibl>
	<bibl><author>Von Stein</author>, <note>supra note 13</note>, p. <biblScope unit="page">49</biblScope>, [as quoted in:] <title level="m">Mengelberg, supra note 11</title>, p. <biblScope unit="page">269</biblScope>; <note>and see Singelmann</note>, <pubPlace>Singelmann</pubPlace>, supra note <biblScope unit="volume">17</biblScope>, pp. <biblScope unit="page">437-8</biblScope>.</bibl>
	<bibl><author>| Roger</author> <title level="a">Cotterrell As Böckenförde remarks</title>, &quot;<title level="a">The logic of this idea, once grasped, took Lorenz von Stein beyond liberalism as early as 1850&quot; 22 . Indeed, it led him, in his later work on &quot;administrative science&quot; (Verwaltungswissenschaft), to develop what now appear as foundations of the modern discipline of public administration 23 ; seeking to devise ideas and techniques for use in the management of the social by the state 24 . Comte and Von Stein presented ideas about law, state and responsibility that reappear in new guises in later social theory up to the early twentieth century. Among these is the idea in Comte&apos;s work that responsibility should be seen as the consequence not of the individual&apos;s will and acts, but of social conditions. Von Stein, again like many later theorists, sees the state as responsible for creating adequate conditions for individual participation in social and economic life. And, for both writers, governmental regulatory tasks are not to be set politically or determined by the form that the state or governing power takes in a certain time and place. They are to be set by what &quot;society&quot; demands of this power -a matter which social theory, not juristic analysis, must reveal. The displacement of the jurists 25 would allow the emergence of practical administrative sciences; sciences of social management, which Comte envisaged in theory and Von Stein devoted his career to developing</title>. <note>One way or another, the private assertion of rights or of claims of responsibility would be subordinated to a scientifically-directed regulation of the social</note>.</bibl>
	<bibl><author>Böckenförde</author>, supra note <biblScope unit="volume">13</biblScope>, p. <biblScope unit="page">133</biblScope>.</bibl>
	<bibl><author>C. Thornhill</author>, <title level="a">The Domain of Public Administration</title>, <title level="j">Journal of Public Administration</title> <date>2006</date>, vol. <biblScope unit="volume">41</biblScope>, pp. <biblScope unit="page">793</biblScope>, <biblScope unit="page">794</biblScope>.</bibl>
	<bibl><author>M. R. Rutgers</author>, <title level="m">Can the Study of Public Administration Do Without a Concept of the State? Reflections on the Work of Lorenz von Stein</title>, <title level="j">Administration &amp; Society</title> <date>1994</date>, vol. <biblScope unit="volume">26</biblScope>, p. <biblScope unit="page">395</biblScope>. <title level="a">25 In this perspective social science overwhelms juristic science. Unsurprisingly, from the juristic side, the complaint was made that Von Stein&apos;s &quot;conception of society shows the modern tendency unduly to extend its meaning, and to include [in it] the functions of government and law and national economics</title>&quot;: <author>F. Berolzheimer</author>, <title level="j">The World&apos;s Legal Philosophies</title>, <pubPlace>Boston</pubPlace>: <publisher>Boston Book Company</publisher> <date>1912</date>, p. <biblScope unit="page">327</biblScope>. <title level="a">Comte&apos;s subsuming of law and government in the social attracted the same criticism: ibid</title>., pp. <biblScope unit="page">311-12</biblScope>. <title level="a">Yet some jurists made similar claims for the precedence of the social: Otto von Gierke wrote</title> (in <title level="m">his Natural Law and the Theory of Society, 1500 to 1800</title>, <pubPlace>Cambridge</pubPlace>: <publisher>Cambridge University Press</publisher> <date>1950</date>, p. <biblScope unit="page">224</biblScope>) that &quot;<title level="a">We shall no longer ask whether the state is prior to law, or law is prior to the state. We shall regard them both as inherent functions of the common life which is inseparable from the idea of man</title>&quot;. <title level="a">But such general juristic speculations (part of lawyers</title>&apos; &quot;<note>internal&quot; debates) posed no threat to lawyers&apos; preserves, unlike the creation of entirely new research fields of sociology or social theory to study law and government historically as social phenomena</note>.</bibl>
	<bibl><publisher>| Classical Social Theory and Ideas of Responsibility and the State III</publisher>. <title level="a">SOCIOLOGICAL PESSIMISM: INDIVIDUALISM AND BUREAUCRACY AS INEVITABLE Von Stein&apos;s urgent advocacy of state action is strikingly at odds with the seemingly resigned, almost fatalistic outlook of some influential later German social theory, especially that of Ferdinand Tönnies and Max Weber</title>. <title level="a">In their best-known theoretical works neither of these late nineteenth and early twentieth century writers sees modern society as oriented to developing social or collective responsibility, though both recognise some counter-tendencies to the dominant privatised lines of development. Tönnies expresses nostalgia for decaying social forms -the village and the close-knit kin group -in which common responsibility is natural and needs no formal embodiment in law</title>. <title level="a">But he sees the dominant kinds of modern social organisation as entirely different. There are perhaps, at best, pockets of economic life, such as co-operative movements, where something more than the atomistic individual existence characteristic of modern society might be created 26 . Weber, correspondingly, analyses what he sees as cold, morally empty forms of modern routine; the bureaucratised, rule-bound organisation of the social. Again, the main focus is on individuals pursuing their own projects, fixing their responsibilities primarily in terms of contract and private law. When Weber observes new political or legal developments that challenge this individualistic universe with its formal</title>, <note>technical law, his response is ambivalent. Thus, both theorists, in the main, portray a world of individual responsibility and of the legal and social conditions that sustain it, and harbour grave doubts as to whether anything different can be built</note>.</bibl>
	<bibl><author>*** Tönnies&apos; book Gemeinschaft und Gesellschaft</author>, <title level="a">first published in 1887, attracted immediate attention, if some initial criticism for its &quot;tone of pessimistic resignation</title>&quot; <note>27 and it has remained influential to the present</note></bibl>
	<bibl><author>F. Tönnies</author>, <title level="m">Community and Association</title>, <pubPlace>London</pubPlace>: <title level="m">Routledge &amp; Kegan Paul 1955</title>, pp. <biblScope unit="page">227-8</biblScope>.</bibl>
	<bibl><author>H. Liebersohn</author>, <title level="m">Fate and Utopia in German Sociology 1870-1923</title>, <pubPlace>Cambridge, Massachusetts</pubPlace>: <publisher>MIT Press</publisher> <date>1988</date>, pp. <biblScope unit="page">11-12</biblScope>. <note>It has, however, been argued that, after the publication of his 1887</note></bibl>
	<bibl><author>| Roger Cotterrell day</author>. <title level="m">His dichotomy of Gemeinschaft (community) and Gesellschaft (association)</title>, <note>which he uses to identify the transition to modern society, is paralleled by comparable dichotomies in</note> <title level="a">social theory (especially Durkheim&apos;s contrasting of mechanical and organic solidarity, discussed below)</title>. <title level="a">Gemeinschaft is a social bond or community of kinship intimacy</title> (&quot;blood&quot;), <title level="m">closeness in a shared environment</title> (&quot;locality&quot;), <title level="a">ideas held in common (&quot;mind&quot;) or, often, all of these 28 . In it, the main identity of individuals is as part of a communal unity</title>. <title level="a">Built on similarity of experience, thought and feeling, Gemeinschaft can flourish only in relatively small-scale social networks and so is becoming irrelevant to the large-scale networks of modern life; its place being usurped by Gesellschaft, the opposing social form</title>. <title level="a">Gesellschaft is a social bond based on calculation or rational will, in which individuals remain &quot;essentially separated in spite of all uniting factors (…) and there exists a tension against all others&quot; 29 . The typical and fundamental bond of Gesellschaft is contract, and its perfect legal embodiment is the joint stock company 30 . Responsibility arises from deliberate undertakings or the need to protect the individual in the life of the association. But Gesellschaft requires powerful state support in a way that Gemeinschaft does not. While the latter is a natural unity, the former is an artificial one: &quot;individuals remain in isolation and veiled hostility toward each other so that only fear of clever retaliation restrains them from attacking one another&quot; 31 . State power exercised through law is needed to sustain Gesellschaft. Ultimately, Tönnies, like Von Stein, portrays modern capitalist society as unstable, dependent on state law for stability and needing increasingly extensive state intervention to achieve this. Yet what the state will enforce book, Tönnies&apos; outlook gradually became more optimistic. This led him to a sustained search for opportunities to recover</title>, <note>perhaps in new forms, aspects of Gemeinschaft in modern conditions, or to transform Gesellschaft structures productively. See A.</note> <publisher>Mitzman, Tönnies and German Society</publisher>, <biblScope unit="page">1887-1914</biblScope>: <note>From Cultural Pessimism to Celebration of the Volksgemeinschaft, Journal of the History of Ideas</note> <date>1971</date>, vol. <biblScope unit="volume">32</biblScope>, p. <biblScope unit="page">507</biblScope>, and <editor>C. Adair-Toteff</editor>, <pubPlace>Ferdinand Tönnies</pubPlace>: <publisher>Utopian Visionary, Sociological Theory</publisher> <date>1995</date>, vol. <biblScope unit="volume">13</biblScope>, p. <biblScope unit="page">58</biblScope>.</bibl>
	<bibl><author>Tönnies</author>, <title level="a">supra note 26</title>, p. <biblScope unit="page">48</biblScope>. <biblScope unit="volume">29</biblScope> Ibid., p. <biblScope unit="page">74</biblScope>.</bibl>
	<bibl><author>Ibid.</author>, pp. <biblScope unit="page">225-7</biblScope>, <note>264. 31 Ibid</note>., p. <biblScope unit="page">262</biblScope>.</bibl>
	<bibl>| <title level="a">Classical Social Theory and Ideas of Responsibility and the State are the calculated, measured, private law responsibilities of isolated individuals, not the conditions for mutually-supportive interaction typical of integrated communities</title>.</bibl>
	<bibl><author>***</author> <title level="a">If Tönnies&apos; most influential work expresses a longing for a pre-capitalist world no longer possible, Max Weber&apos;s rejects all utopias and shows a resignation to modern political, economic and social conditions that are, in his view, unlikely to change fundamentally</title>. <title level="a">The longest section of his magnum opus Economy and Society is titled</title> &quot;<title level="a">Economy and Law (Sociology of Law)&quot; 32 . Much of it discusses historical processes of rationalisation of law, presenting these partly as a matter of comparative doctrinal legal history and partly in relation to political, economic and other changes</title>. <title level="a">For Weber, rational law is rule-governed law and the bases of law&apos;s rational strength and its authority as a rule-system, may be formal or substantive. Substantively rational law is determined and legitimated by the principles of an ideological system other than law itself -for example, ethics, religion or political values. For a time, natural law doctrines in the West provided a general input of substantive rationality into law, and gave law&apos;s authority a basis in values or beliefs. But one of Weber&apos;s most important claims is that, in modern conditions</title>, &quot;<title level="a">the axioms of natural law have lost all capacity to provide the fundamental basis of a legal system (…). The disappearance of the old natural law conceptions has destroyed all possibility of providing the law with a metaphysical dignity by virtue of its immanent qualities</title>. In <title level="s">the great majority of its most important provisions</title>, <note>it has been unmasked all too visibly, indeed, as the product or the technical means of a compromise between conflicting interests&quot; 33 . Many factors influence the substantive content of modern law, but, for</note></bibl>
	<bibl><author>Weber</author>, <title level="a">its integrity and authority as a rule-system have become primarily a matter of its technical usefulness in compromising conflicting interests and of its formal rationality in which</title> &quot;<note>definitely fixed legal concepts in the form</note></bibl>
	<bibl><author>M. Weber</author>, <title level="j">Economy and Society: An Outline of Interpretive Sociology</title>, <pubPlace>Berkeley, CA</pubPlace>: <publisher>University of California Press</publisher> <date>1978</date>, pp. <biblScope unit="page">641-900</biblScope>.</bibl>
	<bibl><author>Ibid.</author>, pp. <biblScope unit="page">874-5</biblScope>.</bibl>
	<bibl><author>| Roger</author> <title level="a">Cotterrell of highly abstract rules are formulated and</title> applied&quot; <note>34 . Legal thought</note>, <note>insofar as it is formally rational, tends to become a logical calculus of rules</note>. <title level="a">While formal logical legal rationality never exists in a pure form, it is nevertheless a crucial, dominant characteristic of modern law</title>. <title level="a">This formality allows the &quot;integration of all analytically derived legal propositions&quot; into an &quot;internally consistent, and, at least in theory, gapless system of rules&quot; 35 . The importance of modern law&apos;s tendency to formal rationality is that it removes the need for any consistent reference to &quot;external&quot; moral or political sources to validate this law. Modern law, for Weber, is a largely self-sustaining normative structure validated by its technical sophistication and overall usefulness in regulating the interplay of private interests. Beyond that, most importantly, it is the servant and support of the modern state. Its formal logic of rules defines authority impersonally and so underpins modern bureaucracy and capitalistic business organisation, as well as the idea of the rule-governed state (Rechtsstaat), with its everyday administrative operations very much like those of a machine largely removed from human volition. What is portrayed here most significantly is the morally-impregnable, fortress-like character of the modern state, seemingly free to do good or evil without challenges to its legitimacy from moral or political critics or from the social convulsions that Von Stein had feared. Weber was aware, like Tönnies, of the dissatisfactions of his time with capitalist society, served by seemingly morally cold law and relentless state power. But he devotes only a few pages to what he calls &quot;The Anti-Formalistic Tendencies of Modern Legal Development&quot; 36 , offering brief comments on juristic and political developments at the beginning of the twentieth century that challenged legal formalism&apos;s dominance and effects. These included: the growth of legal principles of &quot;good faith and fair dealing</title>&quot;; <note>demands for &quot;social law&quot; linked to &quot;the emergence of the modern class problem&quot; 37 ; and the revival of Catholic natural law doctrines and various critical juristic movements in Germany</note>.</bibl>
	<bibl><author>Ibid</author>., p. <biblScope unit="page">657</biblScope>. <biblScope unit="volume">35</biblScope> Ibid., p. <biblScope unit="page">656</biblScope>.</bibl>
	<bibl><author>Ibid.</author>, pp. <biblScope unit="page">882-9</biblScope>.</bibl>
	<bibl><title level="a">37 Ibid</title>., p. <biblScope unit="page">886</biblScope>.</bibl>
	<bibl>| <title level="a">Classical Social Theory and Ideas of Responsibility and the State Weber sees all of these as fated to be ineffectual when viewed in the wider perspective of the processes of rationalisation that have entrenched modern economic, legal and political forms</title>. <title level="a">Like Tönnies in Gemeinschaft und Gesellschaft, he has little confidence in the possibilities of significant change in these forms</title>. &quot;<title level="a">Weber could not conceive of any genuine alternative to the capitalist economic system&quot; 38 or of any radical reorientation of the private law serving it. Bureaucracy and economic routine increasingly made life seem like an &quot;iron cage&quot; 39 , but attempts to create a socialist order would merely produce, less efficiently, more bureaucracy and formal rules. Again like Tönnies, Weber was far from discounting the need for reform, but this would be in the context of &quot;an inevitable and prolonged capitalist era&quot; 40 . And what may have concerned him far more than legal individualism</title>&apos;<note>s deafness to calls for a social law of collective responsibility was the ultimately poor adaptability of formal legal reasoning to the means-ends calculations of economic entrepreneurs 41</note> .</bibl>
	<bibl><author>***</author> <title level="a">As social theorists, Tönnies and Weber have powerfully influenced general understandings of the legal and social changes that occurred in their era. There is, however, little evidence that they themselves contributed significantly to those changes. Rather, they wrote in ways that enable us now to gain a better perspective on influences that did operate. Affinities might easily be found, for example, between Tönnies&apos; evocation of pre-modern Gemeinschaft life and the jurist Otto von Gierke&apos;s erudite reconstruction of the communal forms of Genossenschaft (association) in old Germanic law 42</title> . <note>Gierke&apos;s scholarly presentation of the legal past reflected</note></bibl>
	<bibl><author>W. J. Mommsen, Max Weber and German Politics</author> <date>1890-1920</date>, <pubPlace>Chicago</pubPlace>: <publisher>University of Chicago Press</publisher> <date>1984</date>, p. <biblScope unit="page">104</biblScope>.</bibl>
	<bibl><author>M. Weber</author>, <title level="a">The Protestant Ethic and the Spirit of Capitalism</title>, <pubPlace>London</pubPlace>: <editor>G. Allen &amp; Unwin</editor> <date>1930</date>, p. <biblScope unit="page">181</biblScope>.</bibl>
	<bibl><author>Weber</author> [<note>quoted in:] Mommsen, supra note 38</note>, p. <biblScope unit="page">105</biblScope>.</bibl>
	<bibl><author>See Weber</author>, supra note <biblScope unit="volume">32</biblScope>, p. <biblScope unit="page">885</biblScope>.</bibl>
	<bibl>See e.g. O. v. <title level="m">Gierke, Associations and Law: The Classical and Early Christian Stages</title>, <pubPlace>Toronto, Buffalo</pubPlace>: <publisher>University of Toronto Press</publisher> <date>1977</date>; <note>idem</note>, <title level="s">Community in Historical Perspective</title>, <pubPlace>Cambridge</pubPlace>: <publisher>Cambridge University Press</publisher> <date>1990</date>; <note>idem, Natural Law, supra note 25; idem, Political Theories of the Middle Age</note>, <pubPlace>Cambridge</pubPlace>: <publisher>Cambridge University Press</publisher> <date>1900</date>; <note>idem</note>, <publisher>The Development of Political Theory</publisher>, <pubPlace>New York</pubPlace>: <publisher>H. Fertig</publisher> <date>1966</date>.</bibl>
	<bibl><author>| Roger</author> <note>Cotterrell an emotional sense of &quot;loss of community&quot; directly comparable with that of Tönnies, and Gierke&apos;s rich</note>, <title level="a">romantic evocation of half-forgotten characteristics of Germanic law powerfully influenced debates that shaped the content of the new German Civil Code of 1900 43 . Ultimately, neither Gierke nor Tönnies appear merely as reactionaries seeking to recover a golden past. Both of them eventually attacked the individualism of modern law for facilitating the exploitation of the socially disadvantaged 44 . Gierke&apos;s great influence was mainly due to his juristic skill in presenting aspects of the reforms he advocated as being deeply rooted in national legal tradition. His efforts may have contributed to an outcome in which, while the Civil Code largely expressed Romanist legal individualism, it became accepted that legislation reflecting different (social) principles was needed to supplement it 45 . Tönnies and Weber, both admirers of Gierke&apos;s juristic scholarship, saw his organic imagery of socio-legal development as lacking adequate empirical foundation and being insufficiently informed about social (especially economic) forces of change 46 . Gierke&apos;s ideas were tailored to the political and juristic debates of his time and provided rhetorical ammunition for these in a way that Weber&apos;s and Tönnies&apos; did not 47 . Yet Weber&apos;s and Tönnies&apos; characterisations of legal and social history still retain a significant presence in scholarly debate, while Gierke&apos;s have ceased to do so</title>. <pubPlace>Weber</pubPlace>, in particular, <note>was able to see more clearly than either Gierke or Tönnies, the capacity of modern law as an instrument of government, free of tradition and fixed moral points. Most importantly, he recognised the state&apos;s power to direct this instrument in hitherto</note></bibl>
	<bibl><author>M. John</author>, <title level="a">Politics and the Law in Late Nineteenth-Century Germany: The Origins of the Civil Code</title>, <pubPlace>Oxford</pubPlace>: <publisher>Clarendon Press</publisher> <date>1989</date>, <idno>chap. 5</idno>.</bibl>
	<bibl><author>Ibid.</author>, pp. <biblScope unit="page">109-11</biblScope>;</bibl>
	<bibl><author>Mitzman</author>, supra note <biblScope unit="page">27</biblScope>.</bibl>
	<bibl><author>M. F. John</author>, <title level="a">The Politics of Legal Unity in Germany, 1870-1897</title>, <title level="j">Historical Journal</title> <date>1985</date>, vol. <biblScope unit="volume">28</biblScope>, pp. <biblScope unit="page">28</biblScope>, <biblScope unit="page">341</biblScope>.</bibl>
	<bibl><author>Mommsen</author>, <note>supra note 38</note>, p. <biblScope unit="page">11</biblScope>; <editor>W. J. Cahnman, R. Heberle</editor> (eds), <title level="j">Ferdinand Toennies on Sociology: Pure, Applied and Empirical</title>, <pubPlace>Chicago</pubPlace>: <publisher>University of Chicago Press</publisher> <date>1971</date>, pp. <biblScope unit="volume">22</biblScope>, <biblScope unit="page">32-33</biblScope>;</bibl>
	<bibl><author>A. Brand</author>, <title level="a">Against Romanticism: Max Weber and the Historical School of Law</title>, <title level="j">Australian Journal of Law and Society</title> <date>1982</date>, vol. <biblScope unit="volume">1</biblScope>, p. <biblScope unit="page">94</biblScope>.</bibl>
	<bibl><editor>Cf. A. Black</editor>, <title level="a">Editor&apos;s Introduction to Gierke, Community, supra note 42</title>, pp. xiv, xxx: &quot;<title level="a">Gierke furnishes a splendid example of the kind of thinking against which (…) Weber (…) reacted (…); he was the type case of what Weber called «the professor carrying the marshal&apos;s baton of the statesman or reformer in his knapsack</title>»&quot;.</bibl>
	<bibl>| <title level="a">Classical Social Theory and Ideas of Responsibility and the State inconceivable ways, yet to do so in the framework of a capitalist social order that legal reform would not significantly disturb. But Weber&apos;s message was addressed to &quot;science&quot; and the long term</title>, <note>not to &quot;politics&quot; and the legal debates of the moment</note> <biblScope unit="volume">48</biblScope> .</bibl>
	<bibl><author>IV</author>. <title level="a">SOCIOLOGICAL OPTIMISM: SOLIDARITY AND SOCIAL RESPONSIBILITY French social theory, developed during the first half century of the Third Republic (from 1871 to the early decades of the twentieth century), offers a striking contrast to dominant strands of German pessimism or ambivalence about possibilities for major social change, and also to German portrayals of the state&apos;s central significance, as guarantor of the social and as the sovereign source of all law. My concern here is merely to illustrate this difference by reference to some leading contributions to French theory in this period. Informing them are (i) the continuing influence of Comte&apos;s conviction that social science could point to ultimate values on which modern society should be founded; (ii) echoes of Jean-Jacques Rousseau&apos;s idea of sovereignty not as the possession of a state apparatus but as the crystallising in legal form of a popular</title> &quot;<note>general will&quot; -&quot;so that the natural relations</note> [<note>of social life] are always in agreement with the laws on every point, and law only serves (…) to assure, accompany and rectify them&quot; 49</note> ;</bibl>
	<bibl><title level="a">the legacy of the Declaration of the Rights of Man; and, finally, (iv) a widespread awareness (especially after military defeat in 1871, the bitter experience of the Paris Commune in that year, and economic unrest from the 1880s) of an urgent need for French national unity and a social solidarity capable of bridging class divides</title>.</bibl>
	<bibl><author>***</author> <title level="a">The last of these themes clearly informs the &quot;solidarism</title>&quot; <note>of Charles Secrétan, Alfred Fouillée and Léon Bourgeois spanning the period from the</note></bibl>
	<bibl><author>Cf. M. Weber</author>, <title level="m">Politics as a Vocation and Science as a Vocation</title>, [in:] <editor>H. H. Gerth, C. W. Mills</editor> (eds), <title level="m">From Max Weber: Essays in Sociology, London: Routledge &amp; Kegan Paul 1948, especially</title>, pp. <biblScope unit="page">115-17</biblScope>, <biblScope unit="page">150-3</biblScope>.</bibl>
	<bibl><author>J.-J. Rousseau</author>, <title level="a">The Social Contract and Discourses</title>, <pubPlace>London</pubPlace>: Dent <date>1973</date>, p. <biblScope unit="page">205</biblScope>.</bibl>
	<bibl><author>| Roger Cotterrell</author> mid-<note>nineteenth century to the early decades of the twentieth</note>. <title level="a">It reflected a need to circumvent and defuse the perceived threat of working class agitation associated with socialism and radical syndicalism, and to do so without recourse to authoritarian solutions</title>. <title level="a">It sought to counter traditional conservative Catholic paternalism with a genuine reformism focused, inter alia, on changing conceptions of social responsibility and social entitlement</title>. <title level="a">Solidarism is less a social theory than a political-moral philosophy, significant here not just for its general influence as &quot;a kind of official philosophy for the Third Republic&quot; 50 but as an important part of the climate of thought in which Durkheim&apos;s social theory developed 51 . The solidarists saw justice as governed by the need for social solidarity 52</title> : &quot;<title level="a">The justice of egoism is not justice&quot; 53 and -significantly -the state is not the primary agent of solidarity since it can create a kind of unity only through constraint. Justice is to be realised in free, egalitarian associations with the &quot;associationist principle&quot; penetrating property relations</title>. &quot;<title level="a">Participation in profits and in the management of enterprises will transform all industries into vast production cooperatives (…). The free cooperative association is (…) the future</title>&quot;, <note>wrote Secrétan in 1889 54 ; the</note> <title level="a">state is not superior to other associations. Its right to exist comes from the fact that it is needed to enforce law, but law (droit) arises outside it, and rights express the sharing of liberty. Free association is an inalienable right. All voluntary associations are founded on contract and contract is the basis of all solidarity</title>. <note>Society, for Fouillée, is a &quot;contractual organism (…) freely desired and consented to&quot; 55 . Associations can and must flourish independently of the state which</note>,</bibl>
	<bibl><author>C. Bouglé, Le solidarisme</author>, <pubPlace>Paris</pubPlace>: <editor>M. Giard</editor> <date>1924</date>, p. <biblScope unit="page">7</biblScope>.</bibl>
	<bibl><author>Cf. Lukes</author>, supra note <biblScope unit="issue">8</biblScope>, pp. <biblScope unit="page">350-4</biblScope>.</bibl>
	<bibl><title level="a">52 The following summary draws especially on G. Gurvitch, L&apos;idée du Droit Social: Notion et système du droit social. Histoire doctrinale depuis le 17e siècle jusqu</title>&apos;<note>à la fin du 19e siècle</note>, <pubPlace>Paris</pubPlace>: <title level="m">Librairie de Recueil Sirey 1932</title>, pp. <biblScope unit="page">567-89</biblScope>; see also <editor>J. E. S. Hayward</editor>, <title level="a">Solidarity: The Social History of an Idea in Nineteenth-Century France</title>, <title level="j">International Review of Social History</title> <date>1959</date>, vol. <biblScope unit="volume">4</biblScope>, p. <biblScope unit="page">261</biblScope>.</bibl>
	<bibl><author>C. Secrétan</author>, <title level="s">Philosophie de la liberté</title>, vol. <biblScope unit="volume">2</biblScope>, <pubPlace>Paris</pubPlace>: <editor>A. Durand</editor> <date>1865</date>, p. <biblScope unit="page">471</biblScope>, [<note>as quoted in:] Gurvitch, supra note 52</note>, p. <biblScope unit="page">572</biblScope>.</bibl>
	<bibl><author>C. Secrétan</author>, <title level="j">Études sociales</title>, <pubPlace>Paris</pubPlace><title level="m">: F. Alcan 1889</title>, pp. <biblScope unit="volume">176</biblScope>, <biblScope unit="volume">178</biblScope>, [<note>as quoted in:] Gurvitch, supra note 52</note>, p. <biblScope unit="page">574</biblScope>.</bibl>
	<bibl><author>A. Fouillée</author>, <title level="m">La science sociale contemporaine</title>, <pubPlace>Paris</pubPlace>: <title level="m">Hachette et cie 1910</title>, [<note>quoted in:] Gurvitch, supra note 52</note>, p. <biblScope unit="page">577</biblScope>.</bibl>
	<bibl><title level="m">| Classical Social Theory and Ideas of Responsibility and the State in itself</title>, &quot;<note>is not flexible enough to steer economic life&quot; 56 . Justice, for Fouillée</note>, &quot;<title level="a">is the obligation to give each person what is due to him by reason of his function in the living totality and his solidarity with the whole society&quot; 57 . Léon Bourgeois introduced the idea of a &quot;social debt&quot; owed by and to all of society&apos;s interdependent members, reflecting natural conditions of solidarity, and of a &quot;social quasi-contract&quot; of membership in society -&quot;quasi&quot; because based on what parties would have wanted had they been able to consent in advance to the regime of law under which they would live 58 . In this way solidarism created a rhetoric of social unity across class divides -offered to dispel memories of a defeated (in 1871) and compromised state that had often appeared to betray revolutionary hopes of liberty, equality and fraternity. It sought to replace these memories with promises of a new social contract involving a sense of the responsibility of social elites to recognise workers&apos; entitlement to decent living conditions in return for their productivity. Georges Gurvitch, writing in the early 1930s, criticised solidarism&apos;s inconsistencies, especially its commitment to legal individualism (signalled by the basing of all analysis on contractual relations of individuals) despite its concern to transcend individualism as a foundation of social organisation 59 . Solidarism proposed that rights and responsibilities should be socially determined by the conditions of association</title>. <note>Yet it saw these conditions as originating in a real or &quot;quasi&quot; expression of individual wills, founding a contract. Solidarism developed no social theory to explain the content or significance of solidarity as an idea. Ultimately, Fouillée admitted that solidarity was an ideal 60 , not a social fact</note>.</bibl>
	<bibl><author>Fouillée</author> [<note>quoted in:] Gurvitch, supra note 52</note>, p. <biblScope unit="page">580</biblScope>.</bibl>
	<bibl><author>A. Fouillée</author>, <title level="m">La democratie politique et sociale en France</title>, <pubPlace>Paris</pubPlace>: <editor>F. Alcan</editor> <date>1923</date>, p. <biblScope unit="volume">18</biblScope>, [<note>as quoted in:] Gurvitch, supra note 52, p. 580. See generally,</note> <author>J. E. S. Hayward</author>, &apos;<title level="a">Solidarity&apos; and the Reformist Sociology of Alfred Fouillée</title>, <title level="j">American Journal of Economics and Sociology</title> <date>1963</date>, vol. <biblScope unit="volume">22</biblScope>, pp. <biblScope unit="page">205</biblScope>, <biblScope unit="page">303</biblScope>.</bibl>
	<bibl><author>See M. Borgetto</author>, <title level="m">La doctrine solidariste de Léon Bourgeois: une nouvelle definition des rapports entre le politique, le social et le droit</title>, [in:] <editor>C. M. Herrera</editor> (ed.), <title level="m">Les juristes face au politique: Le droit, la gauche, la doctrine sous la IIIe République</title>, <pubPlace>Paris</pubPlace>: ime <date>2003</date>, pp. <biblScope unit="page">35-56</biblScope>; <note>Gurvitch, supra note 52</note>, pp. <biblScope unit="page">582-5</biblScope>; <note>and, generally, S. Audier, Léon Bourgeois: fonder la solidarité</note>, <pubPlace>Paris</pubPlace>: <publisher>Michalon</publisher> <date>2007</date>.</bibl>
	<bibl><author>Gurvitch</author>, <note>supra note 52, pp. 575, 589; and see Borgetto, supra note 58</note>, pp. <biblScope unit="page">51-52</biblScope>.</bibl>
	<bibl><author>Gurvitch</author>, <note>supra note 52</note>, p. <biblScope unit="page">579</biblScope>.</bibl>
	<bibl><author>| Roger Cotterrell ***</author> <note>It was left to Émile Durkheim -sharing the solidarists&apos; desire for a society aware of the</note> <title level="a">conditions of its own moral cohesion -to provide a social theory to explain the nature and forms of solidarity</title>. In <title level="m">his De la division du travail social</title>, published in <title level="a">1893 but originating in lectures in 1887-8, he identified two kinds of social solidarity: mechanical -based on shared values, experience and understandings uniting individuals or groups; and organic -based on the interdependence of individuals or groups having functionally differentiated roles 61 . If the solidarists saw solidarity as an ideal, Durkheim argued (against Comte) that it could exist as a natural condition of complex societies having a highly developed division of labour. In these societies, functional differentiation creates conditions of interdependence</title>. <title level="a">But he argued also that social cohesion in modern society is not a natural consequence of the free play of individual interests. A moral framework enshrined in law is needed to guarantee it. The cohesion of society is not based on contracts because contracts need non-contractual conditions of existence 62 . The moral phenomenon of organic solidarity, arising directly from the social fact of interdependence, provides these conditions. Tönnies, Durkheim suggested, had rightly characterised Gemeinschaft, which is essentially mechanical solidarity, and rightly seen it as declining in modern industrial societies. But he was wrong to see these societies as inherently unstable and held from self-destructive conflict only by the state. What Tönnies ignored, in Durkheim&apos;s view, was the bond of organic solidarity that arose from the specialisation of social and economic roles and functions in complex modern societies 63 . Organic solidarity based on interdependence created cohesion</title>, <note>but needed to be supported by law. Contrary to Tönnies&apos; view, law is not required to compensate for a pervasive absence of solidarity as if this were an inevitable problem of modern society. Instead, law must guard against &quot;abnormal forms&quot; 64 of social organisation that may disrupt solidarity, such as the isolation</note>,</bibl>
	<bibl><author>É. Durkheim</author>, <title level="a">The Division of Labour in Society, Basingstoke: Macmillan 1984. 62 Ibid</title>., p. <biblScope unit="page">162</biblScope>.</bibl>
	<bibl><author>É. Durkheim</author>, <title level="m">Communauté et société selon Tönnies</title>, <date>1889</date>, [<note>reprinted in:] É. Durkheim, Te tes, Tome 1: e le ments d&apos;une the orie sociale</note>, <pubPlace>Paris</pubPlace>: <publisher>E ditions de Minuit</publisher> <date>1975</date>.</bibl>
	<bibl><author>Durkheim</author>, supra note <biblScope unit="page">61</biblScope>, bk <biblScope unit="volume">3</biblScope>.</bibl>
	<bibl>| <title level="a">Classical Social Theory and Ideas of Responsibility and the State repression or discriminatory treatment of particular social groups or classes, which will exclude them from society&apos;s networks of interdependence</title>. <title level="a">Durkheim&apos;s theory clearly signals a new view of responsibility 65 . The meaning of responsibility is fixed by society, not by the expectations of individuals. Contracts, for example, are not merely private relations between the parties, but depend on regulation that society supplies. So their terms should reflect the requirements of solidarity. They should be contracts&quot; that do not abuse unequal bargaining power 66</title> . <title level="a">But what exactly are solidarity&apos;s requirements? In Durkheim&apos;s early writings the morality of modern society is presented as a kind of &quot;governmental morality&quot; of good social management. In a society of complex specialisation people must fulfil their specialised roles conscientiously. Society, through the state and law, imposes the requirement to do so -adequately to fulfil one&apos;s function, or that of one&apos;s social group. This idea of functionally-determined responsibility is close to Comte&apos;s. Later, however, Durkheim&apos;s writings develop a different emphasis 67 : the unifying morality of a highly differentiated society can only be one that emphasises the equal humanity of all its members, as individuals entitled to dignity and respect 68</title> . <title level="a">Solidarity in modern society cannot be based on tradition, blind adherence to authority, or the mere interplay of private interests, but only on universal respect for others as individual human beings -an ultimate value that must pervade modern law (requiring, for example, humane treatment of offenders). This value-system of moral individualism</title> (<note>le culte de l&apos;individu) 69 is presented by Durkheim as a direct derivation from social theory. He sees it as the only universal, unifying</note></bibl>
	<bibl><author>See J.-L. Génard</author>, <title level="m">Responsabilité et normativité dans l&apos;école et la pensée de Durkheim</title>, [in:<editor>] P. Robert, F. Soubiran-Paillet, M. Van Der Kerchove</editor> (eds), <title level="m">Normes, normes juridiques, normes pénales: Pour une sociologie des frontiers</title>, vol. <biblScope unit="volume">2</biblScope>, <pubPlace>Paris</pubPlace>: <publisher>L&apos;Harmattan</publisher> <date>1997</date>.</bibl>
	<bibl><author>É. Durkheim</author>, <title level="m">Professional Ethics and Civic Morals</title>, <pubPlace>London</pubPlace>: <title level="a">Routledge &amp; Kegan Paul 1957, chap. 18; Durkheim, supra note 61</title>, pp. <biblScope unit="page">316-22</biblScope>; <author>See, generally, C. J. Sirianni</author>, <title level="a">Justice and the Division of Labour: A Reconsideration of Durkheim&apos;s Division of Labour in Society</title>, <title level="j">Sociological Review</title> <date>1984</date>, vol. <biblScope unit="volume">32</biblScope>, p. <biblScope unit="page">449</biblScope>.</bibl>
	<bibl><author>R. Cotterrell, Émile Durkheim</author>: <title level="a">Law in a Moral Domain</title>, <pubPlace>Edinburgh</pubPlace>: <publisher>Edinburgh University Press</publisher> <date>1999</date>, chs. <biblScope unit="page">7-9</biblScope>.</bibl>
	<bibl><author>É. Durkheim</author>, <title level="m">L&apos;individualisme et les intellectuels</title>, <date>1898</date> [<note>reprinted in:</note>] <author>É. Durkheim</author>, <title level="j">La science sociale et l&apos;action</title>, <pubPlace>Paris</pubPlace>: <publisher>Presses universitaires de France</publisher> <date>1987</date>.</bibl>
	<bibl><author>See É. Durkheim</author>, <title level="m">Leçons de sociologie</title>, <pubPlace>Paris</pubPlace>: <publisher>Presses universitaires de France</publisher> <date>1950</date>, p. <biblScope unit="page">199</biblScope>.</bibl>
	<bibl><author>| Roger</author> <title level="a">Cotterrell morality fully consistent with the nature of solidarity in complex societies. Hence, for Durkheim, a sociological understanding of the nature of solidarity makes it possible to specify the ultimate parameters of individual rights and responsibilities, to be determined not juristically or philosophically but by the conditions of complex</title>, <note>modern social life</note>.</bibl>
	<bibl><author>***</author> <title level="a">Durkheim&apos;s ideas were much discussed by jurists in France and beyond and are highly relevant in considering how legal responsibility might be reformed</title>. <title level="a">Yet they cannot be said to have influenced legal debate in the direct way solidarism did</title>. <title level="a">Solidarism postulated solidarity as an ideal, not as a sociological concept. As such, like Gierke&apos;s speculative appeal to history in Germany, solidarism in France offered an attractive rhetoric for political and legal debate (and had a major influence on legal reform campaigns in such areas as social welfare, health and safety, and industrial conditions.) 70 But it was not rooted in a sociology that, like Durkheim&apos;s, sought to explain the historical developments it proclaimed. At the same time, Durkheimian social theory lacked wide, direct juristic influence partly because it did not provide an unambiguous rhetoric for law reform debates. Even among Durkheim&apos;s followers there were disagreements about conclusions to be drawn from theory. One of them, Paul Fauconnet, argued that modern legal ideas of responsibility, emphasising the subjective intentions of the individual wrongdoer, were &quot;an immense impoverishment&quot; 71 because attributions of responsibility must be made to meet the needs of social solidarity as a whole, and could not be restricted by a subjective, &quot;spiritualised&quot; emphasis on any particular individual&apos;s state of mind. The implication might be that Durkheim&apos;s outlook on the &quot;naturalness&quot; of solidarity in modern society</title> (<note>based on universal respect for the individual) and the need for legal intervention only to correct &quot;abnormal&quot; conditions was too complacent. A revolution in legal</note></bibl>
	<bibl><author>J. F. Stone</author>, <title level="a">The Search for Social Peace: Reform Legislation in France</title>, <biblScope unit="page">1890-1914</biblScope>, <pubPlace>Albany</pubPlace>: <publisher>State University of New York Press</publisher> <date>1985</date>.</bibl>
	<bibl><author>P. Fauconnet</author>, <title level="m">La responsabilité. Étude de sociologie</title>, <pubPlace>Paris</pubPlace>: <editor>F. Alcan</editor> <date>1928</date>, p. <biblScope unit="page">350</biblScope>; cf. Cotterrell, supra note <biblScope unit="volume">67</biblScope>, pp. <biblScope unit="page">107-8</biblScope>;</bibl>
	<bibl><author>J. Piaget</author>, <title level="a">The Moral Judgment of the Child, Harmondsworth: Penguin</title> <date>1977</date>, pp. <biblScope unit="page">315-28</biblScope>.</bibl>
	<bibl>| <title level="a">Classical Social Theory and Ideas of Responsibility and the State and social ideas might be needed. This was the conclusion of another Durkheimian, the jurist Paul Huvelin. Acknowledging Durkheim&apos;s sociological methods as fundamental, he nevertheless argued that organic solidarity is not a natural condition of modern societies (although interdependence is). So, law&apos;s directive</title>, <note>coercive power is vital to control the serious conflicts endemic in modern social life 72</note> .</bibl>
	<bibl><author>V. CONCLUSION</author>: <title level="a">COMPETING VISIONS OF LAW AND STATE Durkheim&apos;s writings on the state 73 emphasise</title>, in <title level="m">the tradition of Comte, government&apos;s role as an agent of society</title>. <title level="a">They offer no insights such as Weber&apos;s into the state&apos;s bureaucratic structure or the legal foundations of its legitimacy. Since Durkheim and Weber never wrote about each other&apos;s work, the gulf in perceptions remains unbridged. That their social theories follow very different directions is clear, especially on matters of legal responsibility. For Durkheim, law and morality are always closely interrelated and legal responsibility must be shaped by the value system of moral individualism if it is to contribute to social solidarity. Even if some of his followers thought this approach might not go far enough to emphasise social bases of responsibility, they certainly agreed that responsibility is more than a matter between individuals, as portrayed in most modern legal conceptions of delict. Dictated by society for social ends, it is, by implication, capable of being adjusted into forms that best serve the needs of social solidarity. Weber is silent on such matters, but one might presume to speak for him: Weberian responsibility is surely merely what law and state (rather than &quot;society&quot;) decree it to be. In Weber&apos;s view, no consistent value-orientations shape modern law; only a mass of disparate policy influences give it substance. Legal responsibility is thus the outcome of law&apos;s primarily formal-rational and pragmatic prescriptions. Like law itself</title>, <note>it is a technical instrument to serve the needs of the state and to compromise conflicting private interests. Separated from moral intuitions, 72 On Huvelin&apos;s work see R. Cotterrell, Living Law: Studies in Legal and Social Theory</note>, <pubPlace>Aldershot</pubPlace>: <publisher>Ashgate</publisher> <date>2008</date>, <idno>chap. 7</idno>.</bibl>
	<bibl><author>Cotterrell</author>, supra note <biblScope unit="volume">67</biblScope>, <idno>chs. 10 and 11</idno>.</bibl>
	<bibl><author>| Roger</author> <title level="a">Cotterrell legal responsibility is a transaction cost in private dealings or a device for governmental coercion. The theories of Tönnies and Weber present an image of the largely settled law, state, and society of modern capitalism, especially as coloured by the experience of a new (German) political unity and centralised governmental power. By comparison, the ideas of the solidarists address the moral disquiet, increasingly widespread in France, about this modern social and politico-legal order in the late nineteenth and early twentieth century. Correspondingly, the Durkheimians focused on the need to direct law and political power to meet the requirements of solidarity. Unsurprisingly, among social theorists it was Durkheim who appealed most strongly to reform-minded French jurists in the period. But his ideas were useful to them mainly insofar as the sociological idea of solidarity could be turned into a philosophical justification for legal reform and a rhetorical tool in legal discourse. By far the most important and influential appropriation of the concept of solidarity in this way was by the public lawyer Léon Duguit. A colleague of Durkheim for some years at the University of Bordeaux, he enthusiastically adopted the Durkheimian view that law is both an instrument and a reflection of social solidarity. Duguit argued, like the solidarists, that the source of law, understood in this &quot;objective&quot; way, is not the state but the conditions of life of the society in which law exists. As such it is &quot;contingent on social fact (…) a spontaneous creation of social life&quot; 74 . In his later writings Duguit saw law as based in the consciousness of the mass of citizens who view it as necessary to maintain social solidarity. Clearly, state law does not always correspond to this &quot;objective&quot; law 75 rooted in social fact. But, for Duguit, the authority of the former ultimately depends on its congruence with the latter and not on state sovereignty. Indeed, he rejected state sovereignty and claimed that the state has authority only when it acts to nurture solidarity</title>. <note>The state is subject to law -a social law dictated by the needs of solidarity. It must become a public service state, its treasury being &quot;so to speak, a friendly society&quot; for the</note></bibl>
	<bibl><author>C. Eisenmann, Léon Duguit</author>, [in:] <editor>D. Sills</editor> (ed.), <title level="m">International Encyclopedia of the Social Sciences</title>, vol. <biblScope unit="volume">4</biblScope>, <pubPlace>New York</pubPlace>: <publisher>Macmillan</publisher> <date>1968</date>, pp. <biblScope unit="page">305</biblScope>, <biblScope unit="page">306</biblScope>.</bibl>
	<bibl><author>L. Duguit, Objective Law</author>, <title level="j">Columbia Law Review</title> <date>1920</date>, vol. <biblScope unit="volume">20</biblScope>, p. <biblScope unit="page">817</biblScope>; ibid. <date>1921</date>, vol. <biblScope unit="volume">21</biblScope>, pp. <biblScope unit="page">17, 126 and 242</biblScope>.</bibl>
	<bibl><title level="m">| Classical Social Theory and Ideas of Responsibility and the State benefit of its citizens when they suffer harm in the ordinary course of social co-operation</title>; <note>in such circumstances &quot;society as a whole should intervene to repair the consequences&quot; 76</note> . <title level="a">Duguit assumes Durkheim&apos;s view that law must serve social solidarity, but does so without engaging with the sociology that underpins this, and his legal politics is close to that of the solidarists. Other jurists, notably Maurice Hauriou, strongly criticised Duguit&apos;s rejection, in his legal theory, of subjective rights (seen as expressions of individual will) in favour of his idea that law expresses objective social functions 77 . But Duguit&apos;s arguments had a huge impact on French legal thought 78 . They entrenched in it an understanding that responsibility arises in society, out of social associations of various kinds, and that the state has a new role as an instrument of collective welfare: a role in which -in Durkheim&apos;s conception, influenced by Comte and Rousseau -the state &quot;thinks&quot; solutions on behalf of society 79 . All this is far removed from Tönnies&apos; and especially Weber&apos;s tendency to predict little long-term impact from demands for social law and social responsibility. Which of these visions was ultimately the more prescient? Perhaps only Von Stein, among the theorists considered here, sensed clearly both the unavoidable modern need for some kind of social or welfare state and also the sheer difficulty of establishing such a state on a stable basis, given the organisational history of Western state forms which Weber would explore. Yet in juristic contexts it was not difficult in the half-century after 1870 to adopt ideas about law&apos;s foundations in society (rather than the state) and to use these to criticise individualistic orientations of legal thought and juristic fixations on state sovereignty</title>. <note>The story of the main forms of social theory bearing on legal ideas of responsibility and the role of the state in this period seems, however, to be one of voices talking past each other. On one side was a recurring</note></bibl>
	<bibl><author>L. Duguit</author>, <title level="m">Souveraineté et liberté</title>, <pubPlace>Paris</pubPlace>: <editor>F. Alcan</editor> <date>1922</date>, p. <biblScope unit="page">168</biblScope>, [<note>as quoted in:</note>]</bibl>
	<bibl><author>J. E. S. Hayward</author>, <title level="a">Solidarist Syndicalism: Durkheim and Duguit</title>, <title level="j">Sociological Review</title> <date>1960</date>, vol. <biblScope unit="volume">8</biblScope>, pp. <biblScope unit="page">185</biblScope>, <biblScope unit="page">194</biblScope>.</bibl>
	<bibl>See e.g. <author>M. Hauriou</author>, <title level="a">The Two Realisms</title>, [in:] <editor>A. Broderick</editor> (ed.), <title level="m">The French Institutionalists: Maurice Hauriou</title>, <author>Georges Renard, Joseph T. Delos</author>, <pubPlace>Cambridge, Mass</pubPlace>.: <publisher>Harvard University Press</publisher> <date>1970</date>, pp. <biblScope unit="page">45-51</biblScope>.</bibl>
	<bibl><author>E. Pisier-Kouchner</author>, <title level="a">Le service public dans la théorie de l&apos;état de Léon Duguit</title>, <pubPlace>Paris</pubPlace>: <publisher>Librairie ge ne ral de droit et de jurisprudence</publisher> <date>1972</date>.</bibl>
	<bibl><author>Cotterrell</author>, supra note <biblScope unit="volume">67</biblScope>, <idno>chap. 10</idno>.</bibl>
	<bibl><author>| Roger</author> <title level="a">Cotterrell vision of a state that could -and must -be shaped to fulfil, as a central part of its task, an emerging expectation that responsibility would be shared socially, or determined by social need. Such a vision implied the necessity, if not the inevitability, of social legislation in many fields and a declining emphasis on private law solutions to issues of responsibility</title>. <title level="a">On the other side were very different ideas that prefigured current neo-liberal scepticisms about any such wider responsibility. These ideas portrayed the modern state as allied with forms of atomistic individualism reflecting increasing social complexity. In such a perspective, the task of managing innumerable, endlessly varied conflicts of private interests appeared to be at the heart of that complexity. The implication was that an important part of the state</title>&apos;<note>s role would continue to be to provide reliable procedures and guarantees for private law claims of individual responsibility</note>.</bibl>

		</listBibl>
	</back>
	</text>
</TEI>
