<?xml version="1.0" ?>
<tei xml:space="preserve">
	<teiHeader>
		<fileDesc xml:id="origin9471600896394073769"/>
	</teiHeader>
	<text xml:lang="en">
		<front>
<lb/>
	<reference>German History Vol. 42, No. 4, pp. 540-558<lb/></reference>

	Advance Access publication
	<date>8 November 2024<lb/></date>

	<note type="copyright">© The Author(s) 2024. Published by Oxford University Press on behalf of the German History Society.<lb/> This is an Open Access article distributed under the terms of the Creative Commons Attribution-NonCommercial License</note>

		</front>
	</text>
</tei>
