<?xml version="1.0" ?>
<TEI xml:space="preserve" xmlns="http://www.tei-c.org/ns/1.0" xmlns:xlink="http://www.w3.org/1999/xlink" 
 xmlns:mml="http://www.w3.org/1998/Math/MathML">
	<teiHeader>
		<fileDesc>
			<sourceDesc>
				<biblStruct>
					<analytic>


						<author><forename>J</forename>. <surname>Adams</surname></author>

						<author><forename>D</forename>. <surname>Kahn</surname></author>

						<author><forename>G</forename>. <middlename>C</middlename>. <surname>Browder</surname></author>

						<author><forename>G</forename>. <middlename>C</middlename>. <surname>Browder</surname></author>

						<author><forename>K</forename>. <surname>Paehler</surname></author>

						<author><forename>N</forename>. <surname>West</surname></author>

						<author><forename>M</forename>. <surname>Faulkner</surname> ; <forename>D</forename>. <surname>Syrett</surname></author>

						<author><surname>See</surname>, for example, <forename>M</forename>. <middlename>M</middlename>. <surname>Hull</surname> ; <forename>H</forename>. <middlename>L</middlename>. <surname>Trefousse</surname></author>

						<author><forename>S</forename>. <middlename>E</middlename>. <surname>Hilton</surname></author>

						<author><forename>C</forename>. <surname>Vasey</surname></author>

						<author><forename>S</forename>. <surname>Olsson</surname></author>

						<author><forename>E</forename>. <middlename>Grandío</middlename> <surname>Seoane</surname></author>

						<author><forename>E</forename>. <middlename>Grandío</middlename> <surname>Seoane</surname>, <forename>A</forename> <surname>Balancing Act</surname></author>

						<author><forename>C</forename>. <middlename>Collado</middlename> <surname>Seidel</surname> <forename>;</forename> <middlename>D</middlename>. <surname>Messenger</surname></author>

						<author><forename>J</forename>. <middlename>J</middlename>. <surname>Díaz Benítez</surname></author>

						<author><forename>J</forename>. <middlename>J</middlename>. <surname>Díaz Benítez</surname></author>

						<author><forename>J</forename>. <middlename>J</middlename>. <surname>Díaz Benítez</surname></author>

						<author><forename>M</forename>. <middlename>García</middlename> <surname>Cabrera</surname></author>

						<author><forename>M</forename>. <surname>García Cabrera</surname> <forename>;</forename> <middlename>M</middlename>. <middlename>García</middlename> <surname>Cabrera</surname></author>

						<author><forename>R</forename>. <surname>Erskine</surname> ; <forename>R</forename>. <surname>Erskine</surname></author>

						<author><surname>See</surname>, for example, <forename>J</forename>. <middlename>J</middlename>. <surname>Díaz Benítez</surname></author>

						<author><forename>A</forename>. <surname>Almeida Aguiar</surname> <forename>;</forename> <middlename>M</middlename>. <middlename>García</middlename> <surname>Cabrera</surname></author>

						<author>for example, <forename>N</forename>. <surname>Müller</surname> and <forename>H</forename>. <surname>Kaden</surname></author>

						<author><surname>Szanajda</surname> and <forename>D</forename>. <surname>Messenger</surname> ; <forename>B</forename>. <surname>Carruthers</surname></author>

						<author><forename>Díaz</forename> <surname>Benítez</surname> <forename>;</forename> <middlename>N</middlename>. <middlename>E</middlename>. <surname>Sopolsky</surname></author>

						<author><surname>Spain</surname></author>

						<author><forename>R</forename>. <surname>Wigg</surname>, <forename>Churchill</forename> and <surname>Spain</surname> ; <forename>D</forename>. <middlename>W</middlename>. <surname>Pike</surname></author>

						<author><surname>Szanajda</surname> and <forename>Messenger</forename></author>

						<author><surname>NARA</surname></author>

						<author><surname>NARA</surname></author>

						<author><surname>NARA</surname></author>

						<author><surname>NARA</surname></author>

						<author><surname>NARA</surname></author>

						<author><surname>NARA</surname></author>

						<author><surname>NARA</surname></author>

						<author><surname>NARA</surname></author>

						<author><surname>NARA</surname></author>

						<author><surname>NARA</surname></author>

						<author><forename>N</forename>. <surname>West</surname> ; <forename>D</forename>. <surname>Kahn</surname>, <forename>Covert</forename> <surname>Warfare</surname></author>

						<author><surname>NARA</surname></author>

						<author><forename>Büro</forename> <surname>Plankert</surname> <forename>;</forename> <surname>Heinz</surname> <forename>Plankert</forename></author>

						<author><surname>TNA</surname>, <forename>KV</forename></author>

						<author><surname>NARA</surname></author>

						<author><surname>NARA</surname></author>

						<author><surname>NARA</surname></author>

						<author><surname>NARA</surname></author>

						<author><surname>NARA</surname></author>

						<author><forename>J</forename>. <middlename>Ponce</middlename> <surname>Marrero</surname> <forename>;</forename> <middlename>J</middlename>. <middlename>Ponce</middlename> <surname>Marrero</surname></author>

						<author><forename>Ponce</forename> <surname>Marrero</surname>, <surname>Canarias en la Gran Guerra</surname> <forename>;</forename> <middlename>J</middlename>. <middlename>Ponce</middlename> <surname>Marrero</surname></author>

						<author><forename>Díaz</forename> <surname>Benítez</surname>, <surname>Canarias indefensa; Díaz Benítez</surname>, <forename>Anglofilia</forename> y autarquía en <surname>Canarias</surname><forename>;</forename> and <forename>Díaz</forename> <surname>Benítez</surname></author>

						<author><forename>High</forename> <surname>Command</surname></author>

						<author><forename>Díaz</forename> <surname>Benítez</surname> <forename>;</forename> , and <forename>J</forename>. <middlename>J</middlename>. <surname>Díaz Benítez</surname></author>

						<author><forename>Díaz</forename> <surname>Benítez</surname></author>

						<author><forename>Díaz</forename> <surname>Benítez</surname></author>

						<author><forename>J</forename>. <middlename>J</middlename>. <surname>Díaz Benítez</surname></author>

						<author><forename>García</forename> <surname>Cabrera</surname></author>

						<author><forename>García</forename> <surname>Cabrera</surname></author>

						<author><forename>García</forename> <surname>Cabrera</surname> <forename>;</forename> <middlename>M</middlename>. <middlename>García</middlename> <surname>Cabrera</surname></author>

						<author><forename>On</forename> <surname>Ahlers</surname>, see <surname>PAAA</surname></author>

						<author><forename>Díaz</forename> <surname>Benítez</surname> <forename>;</forename> <surname>BA-MA)</surname></author>

						<author><surname>IV) to</surname> <forename>OKM</forename>/<forename>M</forename>.<surname>Att</surname>.</author>

						<author><surname>BA-MA</surname></author>

						<author><surname>NARA</surname></author>

						<author><surname>NARA</surname></author>

						<author><surname>NARA</surname></author>

						<author><forename>A</forename>. <surname>Viñas Martín</surname>, <surname>Franco</surname></author>

						<author><surname>NARA</surname></author>

						<author><forename>G</forename>. <surname>Mai</surname></author>

						<author><surname>BA</surname></author>

						<author><surname>Mai</surname>, <forename>Die</forename> <surname>Marokko-Deutschen</surname></author>

						<author><surname>PAAA</surname>, <forename>RAV-Las</forename> <surname>Palmas</surname> 5, <surname>BA</surname>, <forename>R/9361/</forename><surname>II</surname>, <forename>Edmund</forename> <surname>Nehrkorn&apos;s file</surname><forename>;</forename> <surname>AGMA</surname>, <forename>Ministerio</forename> <surname>del Ejército</surname>, 2ª <forename>Sección</forename></author>

						<author><forename>Dietrich</forename> <surname>Wilhelm</surname> <forename>Osterloh</forename></author>

						<author><surname>Juncosa</surname> <forename>I</forename> <surname>Gurgui</surname></author>

						<author><surname>NARA</surname></author>

						<author><forename>Rodríguez</forename> <surname>González</surname> <forename>;</forename> <surname>Grandío</surname> <forename>Seoane</forename> and <forename>Rodríguez</forename> <surname>González</surname>, <forename>War</forename> <surname>Zone</surname></author>

						<author><surname>TNA</surname>, <forename>WO</forename></author>

						<author><surname>NARA</surname></author>

						<author><surname>NARA</surname></author>

						<author><forename>Wilhelm</forename> <surname>Bubi</surname> <forename>Marius</forename> <middlename>Wilhelm</middlename> <surname>Janssen</surname></author>

						<author><forename>Otto</forename> <surname>Dietzold</surname></author>

						<author><forename>In</forename> <surname>Ifni</surname>, <forename>Fernando</forename> <surname>Poo</surname> ; <forename>Cabo</forename> <surname>Juby</surname> and <forename>Villa</forename> <surname>Cisneros</surname></author>

						<author><surname>AGMA</surname>, <forename>Ministerio</forename> <surname>del Ejército</surname>, 2ª <forename>Sección</forename></author>

						<author><surname>AGMA</surname></author>

						<author><surname>NARA</surname></author>

						<author><surname>NARA ;</surname> <forename>Robert</forename> <middlename>F</middlename>. <surname>Fernald</surname></author>

						<author><surname>NARA</surname></author>

						<author><surname>NARA</surname></author>

						<author><surname>NARA</surname></author>

						<author><surname>NARA</surname></author>

						<author><surname>NARA</surname></author>

						<author><surname>NARA</surname></author>

						<author><forename>Wilhelm</forename> <surname>Jenssen</surname>, a <forename>German</forename> <surname>of</surname> <forename>Tenerife</forename></author>

						<author><surname>NARA</surname></author>

						<author><surname>NARA</surname></author>

						<author><surname>NARA</surname></author>

						<author><surname>AGMA</surname></author>

						<author><surname>NARA</surname>, <forename>ZZ</forename></author>

						<author><forename>NARA ; FBI Handbook</forename> <surname>Germany</surname> <forename>A-K</forename></author>

						<author><surname>NARA</surname></author>

						<author><surname>AGMA</surname></author>

						<author><surname>NARA</surname></author>

						<author><surname>NARA</surname></author>

					</analytic>
				</biblStruct>
			</sourceDesc>
		</fileDesc>
	</teiHeader>
</TEI>
