<tei xml:space="preserve">
    <teiHeader>
        <fileDesc xml:id="_-1"/>
    </teiHeader>
    <text xml:lang="en">
        <listBibl>
        <bibl>energy transition, which is essentially a complex and multidimensional<lb/> process of moving from a conventional energy-based economy to a sustainable<lb/> economy based on renewable energy sources (res), gives rise to questions about<lb/> the significance of networking mechanisms of cooperation in the pursuit of the<lb/> objectives of this transformation and the function of the legal regulations in shap-<lb/>ing these mechanisms. 1 the trajectory of the processes determining the pace of<lb/> 1 the significance of creating various types of inter-organizational networks to pursue the<lb/> climate policy goals at all levels, namely global, eU and national levels, is noticed in the area of public<lb/> governance. see: d.J. gordon, &quot;Between local innovation and global impact: cities, networks, and<lb/> the governance of climate change,&quot; Canadian Foreign Policy Journal 19, 2013, no. 3, pp. 288-307;<lb/> </bibl>
        <bibl><label>c</label>. ingold, M. Fischer, &quot;drivers of collaboration to mitigate climate change: an illustration of swiss<lb/> climate policy over 15 years,&quot; Global Environmental Change 24, 2014, no. 1, pp. 88-98; y. sun-Jin,<lb/> &quot;climate policy networks in south korea: aliances and conflicts,&quot; Climate Policy 14, 2014, no. 2,<lb/> © The Author(s), 2024.<lb/> Published by Wydawnictwo Uniwersytetu Wrocławskiego and Wydawnictwo &quot;Szermierz&quot; sp. z o.o. This is an open access article distributed<lb/> under the terms of the Creative Commons Attribution 4.0 licence (CC BY 4.0), https://creativecommons.org/licenses/by/4.0/legalcode.<lb/> 12<lb/> agnieszka cHrisidU-BUdnik<lb/> energy transition is defined by various factors, the aggregation of which justifies<lb/> distinguishing at least five categories of transformation drivers, including (1) legal<lb/> drivers, (2) organizational drivers, (3) social drivers, (4) technological drivers and<lb/> (5) commercial drivers. these drivers are interconnected and reinforce each other,<lb/> thereby increasing the synergistic effect of energy transformation. Later in the<lb/> article -in accordance with its subject matter -the attention will be focused on<lb/> the legal and organizational drivers determining the quality of changes in the area<lb/> of energy transition, or rather, on a specific aspect of these two categories of driv-<lb/>ers, namely networking. the objective of the paper is to present the two funda-<lb/>mental networking mechanisms of energy transition, which, in the Polish legal<lb/> order, are energy clusters and energy cooperatives, and to compare the two mech-<lb/>anisms with each other. the paper uses the method of content analysis of legal<lb/> regulations (eU and national) and specialised literature on the subject. the article<lb/> is interdisciplinary in nature, not limiting itself to an analysis of legal regulations<lb/> but referring to findings from other scientific disciplines. since energy clusters<lb/> and energy cooperatives represent a business model for local energy generation and<lb/> balancing, it is reasonable to refer to the literature on the subject especially in the<lb/> area of management science, sociology. restricting oneself to an analysis of legal<lb/> regulations makes it impossible to explain the mechanism of operation of these<lb/> two mechanisms of local energy production from res.<lb/> pp. 283-301; t. ylä-anttila (et al.), &quot;climate change policy networks: Why and how to compare<lb/> them across countries,&quot; Energy Research &amp; Social Science 45, 2018, pp. 258-265; d.J. gordon,<lb/> &quot;the orchestration of global urban climate governance: conducting power in the post-Paris climate<lb/> regime,&quot; Environmental Politics 26, 2017, no. 4, pp. 694-714; </bibl>
<bibl>B. Huybrechts, H. Haugh, &quot;the<lb/> roles of networks in institutionalizing new hybrid organizational forms: insights from the european<lb/> renewable energy cooperative network,&quot; Organization Studies 39, 2018, no. 8, pp. 1085-1108;<lb/> </bibl>
        <bibl><label>n.</label> Long, r.M. krause, &quot;Managing policy-making in the local climate governance landscape: the<lb/> role of network administrative organizations and member cities,&quot; Public Administration 99, 2021,<lb/> no. 1, pp. 23-39.<lb/> 2 the concept of networking originates from the analysis of the rate of change and the nature<lb/> of interpersonal relationships, the so-called social networks, which have certain ways in which<lb/> individuals communicate; by establishing relationships they share tangible and intangible resources.<lb/> see: J. naisbitt, Megatrendy, Poznań 1997. John Barnes introduced the concept of social networks<lb/> into the scientific discourse as early as in the 1950s and, at that time, it was an allegory of the<lb/> social connections between people, which spread through societies on the principle of a network,<lb/> while the relationships between individuals started to &quot;entwine&quot; societies. see: J.a. Barnes, &quot;class<lb/> networking of legal and organizational solutions in energy transition<lb/> 13<lb/> be analysed on two intertwining planes. the first is the axiological plane, which<lb/> is determined by the values, intentions, principles and rules of operation and<lb/> management of activities constituting the area of energy transformation, which<lb/> are present in the eU regulations and reflected in national law. one of the val-<lb/>ues attributed with significance in the transition processes is cooperation, which<lb/> is simultaneously considered to be an important level in energy transformation.<lb/> article 22 of the directive of the european Parliament and of the council (eU) of<lb/> 11 december 2018 on the promotion of the use of energy from renewable sources,<lb/> colloquially referred to as the red ii directive, 3 exposes the significance of the<lb/> establishment and operation of energy communities, also referred to here as en-<lb/>ergy collectives, 4 the logic of operation of which is based precisely on the collabo-<lb/>ration of entities of various provenance. an energy community is a legal entity in<lb/> which membership is based on the principles of voluntariness, cooperation and<lb/> openness. 5 the activity of energy communities which assumes the form of coop-<lb/>eration has both a conceptual dimension -the theoretical structure of a model of<lb/> energy management -and an adaptive dimension -the implementation of model-<lb/>specific solutions. By taking into account the dual nature of the activity of energy<lb/> collectives, each of them can be seen to be of a unique nature and creates a unique<lb/> ecosystem which is appropriate to itself. simultaneously, within the framework<lb/> of this activity, the red ii directive requires Member states to provide energy<lb/> communities with the right to: (1) generate, (2) consume, (3) store and (4) sell<lb/> renewable energy. Furthermore, the provisions of the directive require Member<lb/> states to provide tools to energy collectives or entities that would like to start to<lb/> collaborate within such organizational solutions, which help them gain access<lb/> to information and financing, as well as to establish mechanisms at the level of the<lb/> Member states for promoting and developing them. therefore, the Member states<lb/> have the role of creating an institutional (regulatory) environment for the effective<lb/> functioning of energy communities within their areas.<lb/> and committees in a norwegian island parish,&quot; Human Relations 7, 1954, no. 1, pp. 39-58. </bibl>
it<lb/> should be emphasized that it had already been noticed then that the logic of networking was based<lb/> on minimizing the importance of hierarchical (vertical) ties and maximizing the importance of<lb/> horizontal (horizontal) ties.<lb/> 3 oJ L 328/122 of 21.12.2018.<lb/> 4 the red ii directive does not introduce a legal definition of an energy community, leaving<lb/> Member states with the discretion to choose the organizational forms in which such initiatives can be<lb/> &quot;enclosed,&quot; restricting themselves to purely specifying the domains in the chain of the energy market<lb/> processes in which these communities can operate. the distinguishing feature of an energy community<lb/> is cooperation to satisfy the energy needs of its members.<lb/> 5 an energy community is an initiative that is open to all; its participants can be household<lb/> consumers using energy for satisfying individual needs as well as prosumers
        <bibl>, enterprises with<lb/> systems used for generating renewable energy. However, the involvement of enterprises in energy<lb/> cooperatives must not constitute their primary (main) business or professional activity.<lb/> 14<lb/> agnieszka cHrisidU-BUdnik<lb/> the second -organizational -plane is determined by the organizational and<lb/> legal forms of energy communities adopted in the legislation of the individual<lb/> Member states, which actually constitute the organizational and legal forms that<lb/> distributed energy can take in a given Member state. simultaneously, these or-<lb/>ganizational and legal forms should be treated as an element of the process of<lb/> implementing and adjusting national regulations to the provisions of the red ii<lb/> directive. the Polish legislator specifies two fundamental organizational and legal<lb/> forms of energy communities in the area of dispersed energy, namely energy clus-<lb/>ters and energy cooperatives.<lb/> </bibl>
        <bibl><label>2</label>. energy clusters<lb/> the legal definition of an energy cluster was introduced into the Polish legal<lb/> order by the act amending the act on renewable energy sources and certain other<lb/> acts of 22 June 2016 (hereinafter the res act). 6 an energy cluster is formally<lb/> a civil 
        <bibl>law agreement, which can include natural persons, legal persons, scientific<lb/> entities, research institutes and local government units. it addresses the generation<lb/> and balancing of demand, distribution or trading of energy from renewable en-<lb/>ergy sources or other sources or fuels within a distribution network, with a rated<lb/> voltage of less than 110 kV, within the area of operation of this cluster that does<lb/> not extend beyond the borders of one county in the meaning of the act on the<lb/> county government of 5 June 1998, 7 or 5 municipalities, in the meaning of<lb/> the act on Municipal government of 8 March 1990 8 ; the energy cluster is rep-<lb/>resented by a coordinator who is a cooperative, association, foundation or any<lb/> member of the energy cluster appointed for this purpose in a civil law agreement,<lb/> hereinafter referred to as &quot;energy cluster coordinator.&quot; on 1 october 2023, the<lb/> amendment to the res act came into force, which implements another part of<lb/> the red ii directive into the Polish legal order. the amendment to the res act<lb/> accelerates and at the same time facilitates the development of energy clusters.<lb/> the amendment modifies the definition of an energy cluster; it broadens the per-<lb/>sonal scope of cluster participants -at least one local government unit has to be<lb/> an obligatory participant in a cluster, and it broadens the scope of its activities to<lb/> include energy storage. after the amendment, clusters may operate in the area of<lb/> one county, five neighbouring municipalities and additionally in the area of one<lb/> distribution network operator (dso). </bibl>
        <bibl><label>9</label><lb/> 6 Journal of Laws of 2016, item 925.<lb/> 7 Journal of Laws of 2016, item 814.<lb/> 8 Journal of Laws of 2016, item 446.<lb/> </bibl>
<bibl>9 the amendment also introduces a register of clusters. it also establishes rules for cooperation<lb/> and their settlement with the dso. By the end of 2026, at least 30% of the energy produced and fed<lb/> networking of legal and organizational solutions in energy transition<lb/> 15<lb/> the legal definition of an energy cluster sets the general framework and<lb/> mechanisms of operation of energy clusters in Poland; it strongly highlights the<lb/> concept of locating energy generation close to the places to which it is supplied,<lb/> which, apart from financial issues, 10 seems to be an important determinant of the<lb/> perceived activity in creating energy clusters in Poland. the specification and si-<lb/>multaneously the desired simplification of the legal definition of an energy cluster<lb/> justifies the description of this structure as one based on a cooperation agreement<lb/> between diverse locally operating entities which generate, consume, store and sell<lb/> electricity, heat, cold, electricity and fuels. it is estimated that Poland currently has<lb/> approximately seventy energy clusters, the logic of operation of which is based on<lb/> the concept of a network organization. a network organization is constituted by<lb/> horizontal cooperation relations between entities that are organizationally and le-<lb/>gally independent, the activities of which are targeted at achieving a common<lb/> objective. the cooperation that is typical of network organizations is the mani-<lb/>festation of so-called positive interdependence. 11 From the point of view of a net-<lb/>work organization, an energy cluster is a relatively permanent group of autono-<lb/>mous and specialized business entities operating in the same or related sectors, as<lb/> well as entities providing services to these business entities, and local government<lb/> administration and scientific entities. the literature on the subject refers to four<lb/> elements that give a universal meaning to the term energy cluster:<lb/> nucleus of the cluster -key participants of a cluster (consumers, generators,<lb/> cluster coordinator).<lb/> into the grid by the parties to the cluster agreement must come from res, and the total power of the<lb/> installations put into operation in the energy cluster -must not exceed 150 MW, and must enable no<lb/> less than 40% of the total annual demand of the parties to the energy cluster to be covered during<lb/> the year.<lb/> 10 the financial benefits of the participants of an energy cluster arise from the ability of the<lb/> producers (generators) operating within the cluster to obtain higher prices from the sale of energy,<lb/> while being able to meet consumer demand more cheaply.<lb/> 11 Positive interdependence is one of the three types of social interdependence identified<lb/> by the american psychologist Morton deutsch, who also distinguished a state of negative<lb/> interdependence (competition) and a state of deficit of interdependence (isolation). see: M. deutsch,<lb/> &quot;a theory of cooperation and competition,&quot; Human Relations 2, 1949, no. 2, pp. 129-152. Positive<lb/> interdependence arises when there is a &quot;positive&quot; correlation between entities pursuing autonomous<lb/> (individual) objectives. Positive interdependence is a state in which, when interpreting specific<lb/> economic, technological, legal, social, etc. conditions, a particular entity concludes that it can<lb/> achieve its individual objectives if and only if another entity operating in the same conditions is<lb/> able to achieve its individual objectives. the existence of a group of entities pursuing objectives<lb/> that are not in conflict with each other and which share the same system of values, convictions<lb/> and expectations can constitute the impetus for seeking structural methods of consolidating their<lb/> compatible aims, activities and interests. network organizations are among these structural methods<lb/> of consolidating compatible interests, which are always dependent on the specific socio-economic<lb/> </bibl>
        <bibl><label>context</label>.<lb/> 16<lb/> agnieszka cHrisidU-BUdnik<lb/> supporting sectors -business entities that serve and support the nucleus of<lb/> the cluster.<lb/> &quot;Hard&quot; infrastructure -necessary for achieving the cluster&apos;s objectives. this<lb/> especially applies to the distribution infrastructure; the creation of an energy clus-<lb/>ter is not always related to the need to create its own distribution infrastructure,<lb/> as it is possible to use existing energy distribution network media. However, in<lb/> certain cases the design of the cluster&apos;s own distribution infrastructure will be the<lb/> most financially advantageous solution for its 
        <bibl>nucleus.<lb/> &quot;soft&quot; infrastructure -research facilities, local government institutions, busi-<lb/>ness development agencies and stakeholders.<lb/> the logic of creating energy network collectives encompasses the activation<lb/> of local communities in terms of cooperation and the generation of energy from<lb/> renewable sources. the energy cluster, as a network organization, is intended to<lb/> enable energy self-sufficiency to be achieved in the municipality and to bring<lb/> about an increase in the level of energy security. the pursuit of an objective pre-<lb/>sented in this way requires a high level of investment in technical, generation and<lb/> metering infrastructure and therefore the commitment of private capital, know-<lb/>ledge and activity. energy clusters are therefore a networking formula for achiev-<lb/>ing the planned objective, which is achievable through cooperation with the<lb/> involvement of external capital.<lb/> the essence of a network organization is to achieve the effect of synergy<lb/> through the cooperation of its participants. therefore, the coordination mech-<lb/>anisms that are typical of an energy cluster, which have a subjective and an<lb/> objective dimension, play an important role within the energy cluster. the so-<lb/>called coordinator of the network organization is responsible for the efficiency<lb/> of coordination in the subject dimension. 12 the legislator emphasizes the role of<lb/> the coordinator as a link that represents the cluster&apos;s interests externally, 13 while the<lb/> logic of operation forces the coordinator (the network creator, broker, network<lb/> centre) to simultaneously play an important role directed towards the inside of<lb/> the cluster -to secure the ability to pursue the individual interests of the members<lb/> of the cluster and reconcile the often conflicting and particular interests of its<lb/> members. the need for the coordinator&apos;s inward-looking activity arises from the<lb/> 12 the act on res (article 2[15a]) stipulates that the coordinator representing the cluster&apos;s<lb/> interests externally is a cooperative, association, foundation, or any member of the energy cluster spe-<lb/>cified in the civil law agreement, who is appointed to represent the cluster (it can also be an entity<lb/> established for this purpose, e.g. a partnership or a company). the coordinator&apos;s functions laid down<lb/> by the legislator are to manage and represent the energy cluster in business dealings, regarding the<lb/> projects that are being implemented. the coordinator may be and, in practice, often is the initiator<lb/> and founder of the cluster, or a new entity specified by the participants in the cluster contract. the<lb/> act does not specify the scope and principles of representation by the coordinator in the cluster; it<lb/> leaves the freedom to make this decision to the members of the cluster.<lb/> 13 the statutory emphasis of the activities of the cluster&apos;s coordinator, which are externally<lb/> oriented, arises from the lack of personality and legal capacity of this network form of cooperation.<lb/> networking of legal and organizational solutions in energy transition<lb/> 17<lb/> duality of relations that are typical of an energy cluster, i.e. the simultaneous pres-<lb/>ence of competition and cooperation. 14 the phenomenon of simultaneous compe-<lb/>tition and cooperation that exists in clusters is referred to as coopetition (from the<lb/> combination of the words cooperation and competition). 15 the cluster coordinator<lb/> is responsible for preparing the rules and harmonizing cooperation between the<lb/> network participants and the stakeholders. the ability to cooperate despite<lb/> the existence of frequent individual competing objectives in economic, technical<lb/> and organizational terms is important, namely those of electricity consumers, lo-<lb/>cal government, which is responsible, among other things, for preparing energy<lb/> supply plans, as well as generators and distributors. coordination in the objective<lb/> dimension in energy clusters is created by two mechanisms: contractual and rela-<lb/>tional. the source of the identification of these two coordination mechanisms lies<lb/> in the division of organizations into formal and informal ones.<lb/> the criteria for the typology of network organizations are sought in various areas<lb/> which cannot be discussed exhaustively because of the restrictions on this article. the<lb/> determinants of the delimitation of organizational networks, which are of significance<lb/> in the context of the analysis of the logic of the operation of energy clusters, include<lb/> the criterion from the praxeological theory of organization of the division of organi-<lb/>zational relations into formal and informal relations, 16 which simultaneously enables<lb/> a distinction to be made between formal and informal network organizations.<lb/> Formal network organizations are established via a contract as the legal basis<lb/> for the establishment of the cooperation. the contract should provide a general<lb/> legal framework, which is optimal for cooperation and trade taking place within<lb/> the network organization, as well as between the organizational network and the<lb/> consumers. in the english language literature, the operation of formal network or-<lb/>ganizations is identified with the presence of so-called mechanisms of contractual<lb/> coordination, of which open, formalized and written contracts are an attribute. 17<lb/> </bibl>

        the contractual relations between the contracting parties form the object of the<lb/> 14 the definition of clusters in the Polish legal system, which was introduced in the<lb/> regulation of the Minister of the economy of 2 december 2006 on the award by the Polish<lb/> agency for enterprise development of financial aid not related to operational programmes
        <bibl>, also<lb/> emphasizes this duality, defining a cluster as &quot;a spatial and sectoral concentration of at least<lb/> 10 entities working for economic development or innovation. When performing their activities<lb/> within one or several neighbouring voivodships, they compete and cooperate with each other in<lb/> the same or related sectors and are connected by an extensive network of relations of a formal and<lb/> informal nature&quot; (Journal of Laws of 2006, no. 226, item 1651).<lb/> 15 see: k. Mucha-kuś, M. sołtysik, k. zamasz, &quot;rola koopetycji w klastrach energii,&quot; Zeszyty<lb/> Naukowe Wydziału Elektrotechniki i Automatyki Politechniki Gdańskiej, 2017, no. 53, pp. 31-34.<lb/> 16 see: M. Bielski, Formalna i rzeczywista struktura organizacyjna, Warszawa 2003.<lb/> 17 see: r.s. achrol, g.t. gundlach, &quot;Legal and social safeguards against opportunism<lb/> in exchange,&quot; Journal of Retailing 75, 1999, no. 1, pp. 107-124; </bibl>
<bibl>J.J. Li, L. Poppo, k.z. zhou,<lb/> &quot;relational mechanisms, formal contracts, and local knowledge acquisition by international<lb/> subsidiaries,&quot; Strategic Management Journal 31, 2010, no. 4, pp. 349-370.<lb/> 18<lb/> agnieszka cHrisidU-BUdnik<lb/> mechanisms of contractual coordination, by setting the formal framework for the<lb/> exchange of various types of goods, services and information. therefore, a for-<lb/>malized contract is considered a key element of the economy ensuring the security<lb/> and efficiency of transactions. the rights and duties of the parties arise from the<lb/> wording of the contract, the most important elements of which are: (1) the written<lb/> form specifying the rights and duties of the parties, (2) the specification of the<lb/> subject matter of the performance, and (</bibl>
        <bibl><label>3)</label> a presentation of the consequences of<lb/> the possible failure to perform or the improper performance of the contract. 18<lb/> the operation of energy clusters is based on a contract, which is referred to<lb/> in the act on res as a civil law contract. essentially, the term &quot;civil law contract&quot;<lb/> used by the legislator refers to contracts, the wording of which is an emanation<lb/> of the will of the parties to a specific legal relationship -so-called unnamed con-<lb/>tracts. the development of unnamed contracts in practice is a consequence of the<lb/> intensification and increase in the complexity of the relationships into which pub-<lb/>lic and private sector entities enter. an unnamed contract is a type of contract that<lb/> has not been regulated by the legislator in any act of law. such a legal relationship is<lb/> based on contractual freedom, as regulated in article 353 of the civil code
        <bibl>, 19 with<lb/> limitations on the freedom of forming the contractual relationship (the properties of<lb/> the contractual relationship, the provisions of the law and the principles of social<lb/> co-existence), which </bibl>
also apply to the cluster contract. With the reservation of the<lb/> need to comply with the required legal form of a given transaction, their breach will<lb/> result in the sanction of unconditional invalidity of a contract that is in conflict with<lb/> the law, as provided for in article 58 of the civil code. the impulse for the parties<lb/> to a specific legal relationship to stipulate &quot;innovative&quot; wording of the contract is<lb/> usually the need to create a new type of business relationship, especially if the con-<lb/>tractual terms defined by the provisions of the law prove to be insufficient. in the<lb/> act on res, an unnamed contract, which is referred to as a civil law contract, seems<lb/> to be one of the elements of the creation of modern economic law, the attribute of<lb/> which is flexibility. Flexibility refers to the freedom of the parties to shape the rela-<lb/>tions and relationships that will appear between them as participants of the cluster.<lb/> Flexibility is expressed in the creation of a new type of contract of a compilation,<lb/> individualized nature, tailored to the needs of the parties to the contract.<lb/> the establishment of a cluster on the basis of an unnamed contract is a con-<lb/>venient solution for entities that would like to take advantage of this networking<lb/> form of cooperation. this firstly arises from the high degree of de-formalization<lb/> of such a contract, as a result of which there is no need to incur additional costs<lb/> related to the formation of a cluster 
        <bibl>and, secondly, it gives the parties a great deal<lb/> 18 see: d. Vandaele (et al.), &quot;How to govern business services exchanges: contractual and relational<lb/> issues,&quot; Journal of Management Review 9, 2007, no. 3, pp. 237-258; </bibl>
<bibl>M.d. ryall, r.c. sampson,<lb/> &quot;Formal contracts in the presence of relational enforcement mechanisms: evidence from technology<lb/> development projects,&quot; Management Science 55, 2009, no. 6, pp. 906-925.<lb/> 19 the Polish civil code of 23 april 1964 (Journal of Laws of 2020, items 1740, 2320).<lb/> networking of legal and organizational solutions in energy transition<lb/> 19<lb/> of autonomy and the said flexibility in specifying the rights and duties of the par-<lb/>ticipants. essentially, two types of contractual coordination mechanisms should<lb/> be distinguished in the cluster&apos;s activities, as presented in Figure 1.<lb/> </bibl>

        the distinction of the formal categories of network organizations is an appro-<lb/>priate reason for drawing attention to the function of the law in creating relations in<lb/> an organizational network such as an energy cluster. at least three interconnected<lb/> functions of the law should be mentioned. the first -coordination -is reflected<lb/> in the creation of a framework for cooperation within the energy cluster. specific<lb/> sub-functions can be identified within the coordination 
        <bibl>function: (1) integrative,<lb/> bringing together compatible interests of the cluster&apos;s participants, (2) stabilizing,<lb/> facilitating the resolution of potential conflicts between members of the cluster,<lb/> (3) distributive, specifying roles and influence within the cluster, (4) adaptive, en-<lb/>abling the modification of the content of the contract and therefore the principles<lb/> of cooperation between participants of the cluster to the changing internal and<lb/> external conditions.<lb/> the second function of the law -reduction -refers </bibl>
to the ability to reduce<lb/> the asymmetry of information accompanying the conclusion of any contract. the<lb/> function of reducing information asymmetry is reflected in the creation of the so-<lb/>called network rent. network rent is the sum of the savings obtained as a result of<lb/> the conclusion of a contract creating a network 
        <bibl>organization and the savings aris-<lb/>ing from the principles of cooperation, communication and horizontal coordina-<lb/>tion </bibl>
contained in that contract. 20 network rent is simultaneously the added value<lb/> reflected in the financial benefits obtained by entities from their participation in<lb/> the network, as well as in the external benefits that are a positive type of so-called<lb/> externalities. the concept of externalities introduced into economic theory 
        <bibl>by<lb/> 20 see: J. niemczyk, Strategia. Od planu do sieci, Wrocław 2013.<lb/> Figure 1. two types of contractual coordination mechanisms in energy clusters<lb/> source: own study.<lb/> </bibl>

        INTERNAL CONTRACTS -concluded<lb/> between members of the cluster: e.g.<lb/> cluster contract, contract for the sale<lb/> of electricity, gas and heat to the cluster<lb/> coordinator, contract for the sale<lb/> of energy by the coordinator to<lb/> a consumer who is a member<lb/> of the cluster.<lb/> EXTERNAL CONTRACTS -concluded between<lb/> members of the cluster and the cluster&apos;s<lb/> environment: e.g. contract for the sale of energy<lb/> to consumers who are not members of the cluster,<lb/> contract for the provision of distribution services,<lb/> contract concluded by the coordinator with<lb/> businesses, the wording of which depends<lb/> on the conditions of operation of the cluster.<lb/> CONTRACTUAL COORDINATION MECHANISMS<lb/> 20<lb/> agnieszka cHrisidU-BUdnik<lb/> alfred 
        <bibl>Marshall, 21 is now considered one of the most important analytical cat-<lb/>egories in environmental economics. 22 externalities are divided into two types:<lb/> negative (external costs) and positive (external benefits). negative externalities<lb/> arise when horizontally-connected organizations can pass on the costs of their<lb/> operations to entities that cannot participate in the benefits of those operations<lb/> and who are not parties to the contract. an example of negative externalities is the<lb/> environmental degradation caused by the conventional energy sector -e.g. trans-<lb/>port based on first generation biofuels. therefore, the directive of the european<lb/> Parliament and of the council of 23 april 2009 on the promotion of the use of<lb/> energy from renewable sources and amending and subsequently repealing direc-<lb/>tives 2001/77/ec and 2003/30/ec 23 has not only started the momentum of the<lb/> transition to higher-generation biofuels, but has also started the long-term process<lb/> of levelling out this example of negative externalities.<lb/> Positive externalities arise when horizontally-connected organizations pro-<lb/>vide benefits from their operations to other entities without directly receiving<lb/> compensation for this. examples of positive externalities are the processes of cre-<lb/>ating energy clusters, which, while starting up network rent directly for its par-<lb/>ticipants, simultaneously transfer the effects of their existence to other entities in<lb/> the form of benefits identified at local and/or regional level, which include an<lb/> increase in energy security, a reduction in the economy&apos;s energy consumption,<lb/> the creation of new jobs, an increase in the attractiveness of investment land by<lb/> reducing the costs of energy supply, the stimulation of economic development, the<lb/> availability and development of low-carbon public transport and the reduction of<lb/> harmful gas emissions. the third function of the law -optimization -involves the<lb/> creation of a legal basis for the conclusion of a contract and the execution of its<lb/> provisions, enabling the participants of the cluster to reduce transaction costs. 24<lb/> the concluded contract creating the energy cluster is a result of the clash of inter-<lb/>ests of the parties to the contract, who, due to their awareness of the existence of<lb/> 21 see: a. Marshall, Zasady ekonomiki, Warszawa 1925.<lb/> 22 see: a. graczyk, &quot;Pojęcie ekologicznych kosztów zewnętrznych,&quot; Ekonomia i Środowisko<lb/> 26, 2004, no. 2, pp. 7-29.<lb/> 23 d L140/16 of 23.04.2009.<lb/> 24 this applies to three types of transaction costs: ex-ante, in tractu and ex-post. Ex-ante<lb/> transaction costs arise at the stage of preparation of the contract, examples being the costs of finding<lb/> a partner for the cooperation, the costs of the negotiations, the coordination costs of establishing<lb/> mutual obligations, information processing and exchange, the costs of preparing analyses and<lb/> expert studies related to the subject matter of the future contract. In tractu costs appear during the<lb/> cooperation; these include costs of monitoring the activities of the other participants of the network<lb/> (with regard to the performance of the provisions of the contract) and the costs of renegotiating<lb/> the provisions of the contract. Ex-post transaction costs arise after the end of the cooperation and<lb/> are primarily related to the enforcement of unfulfilled provisions of the contract. see: a. chrisidu-<lb/>Budnik, Od biurokracji do New Public Governance. Perspektywa izomorfizmu instytucjonalnego,<lb/> Wrocław 2019.<lb/> networking of legal and organizational solutions in energy transition<lb/> 21<lb/> the already mentioned positive interdependence, are looking for appropriate ways<lb/> to formalize the terms of cooperation and therefore improve exchange within the<lb/> network organization. the optimization function enables the efficiency of each<lb/> participant in the cluster, as well as the whole of the socio-economic system, to<lb/> be increased. this is because, if the participants of a network organization &quot;win&quot;<lb/> within the framework of a specific contract, the whole economy ultimately wins. 25<lb/> the essence of a network organization is therefore to achieve synergy through the<lb/> cooperation of the participants of the cluster, whereby this effect is achieved<lb/> through the participant&apos;s ability to align his individual operational activities to the<lb/> principles of operation of the whole of the network organization.<lb/> informal network organizations are created on the basis of the standards of<lb/> trust and reciprocity. in the english language literature, the operation of a network<lb/> of this type is identified with the presence of so-called relational coordination<lb/> mechanisms and interpersonal capital. 26 the acceptance of the issue of relational<lb/> coordination mechanisms in the analysis of energy clusters enables their signifi-<lb/>cance to be highlighted in two stages of operation of such energy collectives.<lb/> stage 1, which is referred to in the literature as the pre-cluster stage 27 and applies<lb/> to activities constituting the so-called cluster initiative, which is the initial stage of<lb/> forming specific and distinctive connections between the participants of the clus-<lb/>ter. 28 at the pre-cluster stage, the presence of informal networks of connections<lb/> and trust constitutes a stable foundation for future processes of formalizing coop-<lb/>eration </bibl>
between the parties. stage 1 refers to the situation where the formal basis of<lb/> cooperation is still in statu nascendi, in the sense that the network organization is<lb/> 
        <bibl><label>25</label> M. łolik, Współczesne prawo kontraktów -wybrane zagadnienia, Warszawa 2014.<lb/> 26 see: y. Li, M.W. Peng, &quot;Formal control and social control in domestic and international<lb/> buyer-supplier relationships,&quot; Journal of Operations Management 28, 2010, no. 4, pp. 333-344.<lb/> </bibl>
        <bibl><label>27</label> J. gronkowska, &quot;Polityka wsparcia tworzenia i rozwoju klastrów energii w Polsce,&quot; Zeszyty<lb/> Naukowe Instytutu Gospodarki Surowcami Mineralnymi i Energią Polskiej Akademii Nauk 2017,<lb/> no. 97, pp. 216-230.<lb/> 28 Various criteria for classifying clusters are distinguished in the literature on the subject. in<lb/> order to analyse energy clusters, it is important to take account of the life cycle phase of the energy<lb/> cluster, on the basis of which the following can be distinguished: 1. embryonic energy clusters<lb/> formed as a result of initiative, innovation and the ability to attract and consolidate participants<lb/> of importance to the successful fulfilment of the cluster&apos;s interests (pre-cluster stage); </bibl>
        <bibl><label>2</label>. growing<lb/> energy clusters already have a formalized form of functioning, acquire learning capabilities and<lb/> attract new value-adding participants. the growth potential of an energy cluster largely depends on<lb/> institutional support, namely the introduction of legal regulations supporting the rate of their growth<lb/> (acceleration stage); </bibl>
        <bibl><label>3</label>. Mature energy clusters have stable formal and informal rules of cooperation,<lb/> a lower risk of activities, an increase in efficiency and cost reductions arising from knowledge and<lb/> the effects of synergy (petrification stage); </bibl>
        <bibl><label>4</label>. energy clusters in decline, the distinguishing feature<lb/> of which is the substitutability of their product with a more innovative one (erosion stage). energy<lb/> clusters are not static entities, but are continuously evolving, which is determined by their complexity, while<lb/> the rates of change of the external and internal context of their operation are their components.<lb/> </bibl>

        22<lb/> agnieszka cHrisidU-BUdnik<lb/> not yet formalized, i.e. a civil law contract has not been concluded. 29 in stage 2 
        <bibl>-ac-<lb/>celeration -combined with the operation of an already formalized network orga-<lb/>nization, the presence of relational coordination mechanisms is based on the exis-<lb/>tence of trust and standards of reciprocity between the participants of the cluster.<lb/> standards of reciprocity refer not only to the manoeuvrability and symmetry of<lb/> the relationship, but also to learning to cooperate and communicate. Learning is<lb/> a process that is inherent in the cooperation rather than being its result, and, in this<lb/> sense, standards of reciprocity are dialogical standards. reciprocity is a standard<lb/> that stabilizes cooperation in already formalized network organizations, because<lb/> it ensures complementarity of the rights and duties of the participants. 30 the ef-<lb/>fectiveness of energy clusters depends on the rational and effective use of tangible<lb/> and intangible capital. tangible capital is formed by locally available energy re-<lb/>sources, renewable energy sources, innovativeness and entrepreneurship in energy<lb/> generation, transmission, distribution, as well as the management of energy con-<lb/>sumption. intangible capital is jointly created by two mechanisms of coordination:<lb/> contractual and relational. </bibl>
the quality of the contractual coordination mechanism<lb/> is a derivative of the ability to design an economically efficient mechanism which<lb/> fully reflects the intention of the parties to the contract. the primary function<lb/> of the contractual coordination mechanisms is the development of legal norms<lb/> which, in the context of both internal agreements between members and external<lb/> agreements between the energy cluster as a network 
        <bibl>organization and the business<lb/> entities in its environment, ensure optimal trade. relational coordination mecha-<lb/>nisms have a complementary function to contractual coordination mechanisms,<lb/> and specifically the internal component identified in Figure 1. at stage 1, the pres-<lb/>ence of relational standards (trust and reciprocity) facilitates the conclusion of<lb/> a contract constituting an energy cluster, because it reduces ex-ante transaction<lb/> costs and, just like the optimizing function of the law, reduces information asym-<lb/>metry. the relational coordination mechanisms at stage 2 enable the elimination<lb/> of the inevitable conflicts of interest which arise during the cooperation between<lb/> the participants of the energy cluster and therefore create contracts improving the<lb/> principles of cooperation between them (the learning effect). essentially, contrac-<lb/>tual and relational coordination mechanisms are interrelated, because they affect<lb/> 29 the &quot;transition&quot; process of the cooperation from non-formalized to formalized applies<lb/> not only to energy clusters. it is, for example, a qualitative determinant of the interaction between<lb/> public administrations and environmental organizations with regard to environmental protection.<lb/> in practice, the successful course of informal horizontal interactions is a significant impetus for<lb/> strengthening and deepening this cooperation through its formalization. the legal basis for the<lb/> transition from informal cooperation to formalized interoperation is contained in article 45(1) of the<lb/> act on the provision of information on the environment and its protection and environmental impact<lb/> assessments of 3 october 2008 (consolidated text: Journal of Laws of 2020, item 283, as amended).<lb/> 30 see: t. Wilkinson-ryan, &quot;transferring trust: reciprocity norms and assignment of con-<lb/>tract,&quot; Journal of Empirical Legal Studies 9, 2012, no. 3, pp. 511-535.<lb/> networking of legal and organizational solutions in energy transition<lb/> 23<lb/> the quality of the performance of the processes and investments within the energy<lb/> clusters, the use of resources by their participants, the level, measurement and<lb/> analysis of the results and the management of relations with the environment.<lb/> a legitimate question is: what is the appropriate unit of analysis of the en-<lb/>vironment of a network organization which is an energy cluster? one of these<lb/> areas of analysis is the ecosystem concept. 31 an ecosystem -or the ecosystem<lb/> of a cluster -is a comprehensive system, the elements of which are the cluster&apos;s<lb/> nucleus, the entities from the supporting sectors, the entities serving the &quot;hard&quot;<lb/> infrastructure and the entities forming the &quot;soft&quot; infrastructure. What is impor-<lb/>tant is that all four elements co-create the ecosystem and, in this perspective, the<lb/> energy cluster does not adapt to the environment, but co-creates it. </bibl>
the reference<lb/> to the issue of the unnamed agreement as the basis for the creation of the cluster<lb/> justifies the argument that the legislator accepted the need to deformalize this<lb/> type of network form of cooperation and granted the participants autonomy in the<lb/> area of freely shaping the rights and 
        <bibl>duties of the cluster&apos;s nucleus, the objectives,<lb/> as well as the methods and means of their implementation. Viewing the autonomy<lb/> contained in the cluster agreement from the point of view of the concept of an eco-<lb/>system makes it clear that the achievement of the cluster&apos;s objectives, which are to<lb/> ensure the energy self-sufficiency of municipalities, to increase and rationalize the<lb/> use of local energy resources, to ensure the sustainable development of distributed<lb/> energy sources, including renewable sources, and finally the ability of the individual<lb/> participants to obtain financial benefits, depends on (1) the appropriate selection<lb/> of participants of the cluster according to, among other things, technical criteria,<lb/> </bibl>
        <bibl><label>(2)</label> the optimal configuration of cooperation relations between them and (3) appro-<lb/>priate access to hard infrastructure from the point of view of the ability to generate 31 the concept of the business ecosystem as a tool for thinking about the environment in<lb/> which a network organization operates was created by 
        <bibl>J.F. Moore. see: J.F. Moore, The Death<lb/> of Competition: Leadership and Strategy in the Age of Business Ecosystems, new york 1996. an<lb/> ecosystem is a population of entities constituting a dynamic structure formed by business entities,<lb/> universities, research centres, local government units, public sector organizations and other<lb/> entities which have an impact on the shape of the ecosystem, which are connected through formal<lb/> and informal relationships. see: M. Peltoniemi, e. Vuori, &quot;Business ecosystem as a tool for the<lb/> conceptualisation of the external diversity of an organization,&quot; [in:] Proceedings of the Complexity<lb/> &amp; Science and Society Conference, 2005, Liverpool 2005, p. 8.<lb/> 24<lb/> agnieszka cHrisidU-BUdnik<lb/> energy sources. the objective of associating is to ensure energy security for its<lb/> members, while the essence of its operation is cooperation based on democratic<lb/> principles. Like energy clusters, energy cooperatives are locally activated mecha-<lb/>nisms of support in the generation of energy from renewable energy sources. the<lb/> act amending the act on renewable energy sources and certain other acts of 19<lb/> July 2019 32 intensified efforts to achieve a 15% share of energy from renewable<lb/> sources in final energy consumption. the legislator attaches particular importance<lb/> in this to energy cooperatives, while creating a system of institutional support for<lb/> such energy cooperatives. an energy cooperative is a cooperative in the meaning<lb/> of the cooperative Law of 16 september 1982 33 or the act on Farmers&apos; coopera-<lb/>tives of 4 october 2018, 34 the objects of which are the generation of electricity<lb/> or biogas or heat, in renewable energy source installations and balancing the de-<lb/>mand for electricity or biogas or heat, exclusively for the energy cooperative&apos;s<lb/> own needs and those of its members, who </bibl>
are connected to a power distribution<lb/> network within a defined area with a rated voltage of less than 110 kV or a gas<lb/> distribution network, or a district heating network. 35 the statutory reference to<lb/> cooperative law means that the energy cooperative is subject to the regime of<lb/> provisions which are appropriate to cooperative 
        <bibl>law, which apply to the require-<lb/>ments for establishing and registering the cooperative, the principles of conduct-<lb/>ing operational activities and the principles of laying down internal regulations. 36<lb/> the objects of the energy cooperative are the generation of electricity or heat or<lb/> biogas in renewable energy facilities owned by the energy cooperative or its mem-<lb/>bers. additional conditions for the operation of an energy cooperative include:<lb/> 1. conducting business within a rural or urban and rural municipality in the<lb/> meaning of the provisions on public statistics or in an area of no more<lb/> than three such municipalities directly neighbouring with each other;<lb/> </bibl>
        <bibl><label>2</label>. it must have less than 1,000 members;<lb/> 
        <bibl><label>3</label>. if its business involves the generation of (a) electricity: the total installed<lb/> electrical capacity of all renewable energy source installations is to enable<lb/> no less than 70% of the needs of the energy cooperative and its members<lb/> to be covered during the year and is not to exceed 10 MW, (b) heat: the<lb/> total achievable thermal capacity is not to exceed 30 MW, (c) biogas:<lb/> the annual capacity of all installations is not to exceed 40 million m 3 .<lb/> 32 Journal of Laws of 2019, item 1524.<lb/> 33 Journal of Laws of 2018, item 1285; Journal of Laws of 2019, items 730, 1080 and 1100.<lb/> 34 Journal of Laws of 2018, item 2073.<lb/> 35 Journal of Laws of 2020, item 275.<lb/> 36 an energy cooperative may start to operate after its data has been entered into the list<lb/> of energy cooperatives kept by the director general of the national agricultural support centre,<lb/> which was established by the act on the national agricultural support centre of 10 February 2017<lb/> (Journal of Laws of 2020, item 481). if the details of the energy cooperatives are contained in this<lb/> list, they acquire the right to benefit from the system of discounts previously intended exclusively<lb/> for prosumers.<lb/> networking of legal and organizational solutions in energy transition<lb/> 25<lb/> </bibl>
<bibl>Furthermore, the energy cooperative&apos;s area of operation has been clearly defined -<lb/>it can operate within the territory of only one distribution system operator and supply<lb/> electricity to the cooperative&apos;s members, but only those whose installations are con-<lb/>nected to that operator&apos;s network. </bibl>
the area of the cooperative&apos;s operation has been<lb/> defined in exactly the same way as for the energy cluster, namely through the points<lb/> of connection of generators and consumers who are members of the cooperative. the<lb/> legal regulations that were introduced have created the ability for the cooperative to<lb/> be treated as a prosumer. this means that it can be billed through the application of<lb/> a discount system, or in other words, the vendor bills the energy cooperative for the<lb/> amount of electricity introduced into the power distribution network less the amount<lb/> of electricity taken from that network at a 
        <bibl>ratio of 1:0.6.<lb/> energy clusters and energy cooperatives are organizational and legal forms<lb/> of operation of energy communities and simultaneously mechanisms of energy<lb/> transformation based on decarbonization, digitization and decentralization. se-<lb/>lected indicators describing and comparing these two forms of energy collectives<lb/> are presented in table 1.<lb/> Indicator<lb/> energy cluster<lb/> energy cooperative<lb/> Legal personality<lb/> None<lb/> Present<lb/> Participants<lb/> natural persons, legal per-<lb/>sons, research units, local<lb/> government units<lb/> natural persons, legal persons<lb/> nature of participation<lb/> Voluntary and open<lb/> Voluntary and open<lb/> Boundaries<lb/> Blurred<lb/> clear<lb/> relationship with the environ-<lb/>ment<lb/> co-creation of the environ-<lb/>ment<lb/> adaptation </bibl>
to the environment<lb/> Freedom to form relationships<lb/> High<lb/> High<lb/> nature of the relationships<lb/> Network<lb/> Association<lb/> contractual coordination mecha-<lb/>nisms<lb/> cluster contract<lb/> articles of association of the<lb/> cooperative<lb/> relational coordination mecha-<lb/>nisms<lb/> Necessary<lb/> Necessary<lb/> representation<lb/> Coordinator<lb/> the authorities of the coopera-<lb/>tive<lb/> coverage<lb/> Five municipalities or one<lb/> county / according to the<lb/> points of connection of the<lb/> members<lb/> rural or rural and 
        <bibl>urban mu-<lb/>nicipalities, maximum of three<lb/> neighbouring municipalities,<lb/> up to 1000 members / terri-<lb/>tory of one distribution system<lb/> operator, according to the<lb/> points where the members are<lb/> connected<lb/> energy distribution<lb/> Yes<lb/> No<lb/> energy sales<lb/> Yes<lb/> Yes<lb/> type of energy<lb/> Any alongside energy cooperatives, energy clusters have been treated by the Pol-<lb/>ish legislator as two basic forms of creation of support mechanisms for generating<lb/> energy from res. Both models -energy clusters and energy cooperatives -have<lb/> their advantages in terms of energy production and distribution. Ultimately, which<lb/> model is more beneficial for a region depends on the individual needs and condi-<lb/>tions of the local community. energy clusters occur as groups of organisations and<lb/> companies pooling their resources to produce and distribute energy on a larger<lb/> scale. the cluster initiative is often based on innovative technological solutions,<lb/> resulting in more efficient use of energy sources and increased production effi-<lb/>ciency. energy cooperatives, on the other hand, are organisations owned by mem-<lb/>bers of the local community who jointly manage the production and distribution<lb/> of energy. </bibl>
this type of initiative is very often based on a participatory model, and<lb/> this allows for greater involvement of local reside the legal regulations can no<lb/> doubt create incentives for the development of energy collectives. examples of<lb/> impulses supporting development by energy cooperatives include the opportunity<lb/> to apply discounts for billing for electricity that is generated and consumed by<lb/> the members of the cooperative who have been granted the status of prosumers<lb/> by the law. an analysis of the legal regulations shows that, compared to energy<lb/> clusters, energy cooperatives have gained a much larger scope of institutional<lb/> support for their operation. the legislator has given priority to of energy commu-<lb/>nities this type as a fundamental component of distributed energy. However, the<lb/> examination of the establishment of energy collectives in Poland reveals a certain<lb/> paradox, namely that there are already several dozen energy clusters which have<lb/> not yet received support in Poland, while energy cooperatives with such support<lb/> are not actually being established. this situation 
        <bibl>arises from the presence of the<lb/> determinants of the energy transition and their impact on its effectiveness. 37 the<lb/> interaction between legal and social conditions and the barriers to change that<lb/> exist within them is significant. the legal regulations, as well as the attitudes,<lb/> convictions and awareness of members of a given community, determine whether<lb/> it is possible to make any changes, as well as the quality of these changes. the per-<lb/>ceived lack of activity in establishing energy cooperatives arises precisely from<lb/> the social conditions, namely barriers in the form of their negative perception in<lb/> Poland, which are perceived as a relic from the times of the People&apos;s republic<lb/> of Poland. the legal and social conditions can be positioned on matrix of changes<lb/> in the area of energy transformation (Figure 2).<lb/> 37 the article has addressed the existence of conditions (legal, organizational, social, technological<lb/> and commercial) which are interrelated and therefore exert an influence on the effectiveness of the<lb/> transformation.<lb/> networking of legal and organizational solutions in energy transition<lb/> 27<lb/> the design of the matrix is based on axes scaled from 1 to 9, on which two<lb/> orientations in the introduction of changes are presented: the orientation to con-<lb/>duct transformations on the basis of legal regulations (so-called hard levers) and<lb/> the orientation to conduct transformations on the basis of changes in the ways of<lb/> thinking, the perception of the environment, attitudes and habits (soft levers). it<lb/> becomes possible to distinguish five ways of bringing about change on this basis:<lb/> 1. Box 1.1 is a passive attitude to the initiation of changes in the regulations<lb/> and a change in mind sets, habits and practice.<lb/> </bibl>
        <bibl><label>2</label>. </bibl>
Box 1.9 is an approach focused on changes in the law, while abandoning<lb/> efforts to change the state of mind prevailing in the given population.<lb/> 
        <bibl><label>3</label>. Box 9.1 reflects a strong orientation towards transforming existing atti-<lb/>tudes, while downplaying the significance of the hard levers.<lb/> </bibl>
        <bibl><label>4</label>. Box 5.5 can be described as a balanced (moderate) orientation in the<lb/> transformation of legal regulations and attitudes, convictions and prac-<lb/>tices.<lb/> </bibl>

        low<lb/> legal orientation<lb/> high<lb/> 9<lb/> 1.9<lb/> 9.9<lb/> 8<lb/> 7<lb/> 6<lb/> 5.5<lb/> 5<lb/> 4<lb/> 3<lb/> 1.1<lb/> 9.1<lb/> 2<lb/> 1<lb/> 1<lb/> 2<lb/> 3<lb/> 4<lb/> 5<lb/> 6<lb/> 7<lb/> 
        <bibl><label>8</label><lb/> 9<lb/> agnieszka cHrisidU-BUdnik<lb/> </bibl>
        <bibl><label>5</label>. </bibl>
Box 9.9 is very much oriented towards making harmonious changes in<lb/> the law, as well as people&apos;s awareness.<lb/> the matrix of changes in energy transition can be treated as an analytical<lb/> tool for implementing solutions to achieve the eU&apos;s climate protection objectives.<lb/> the relatively high level of activity of business entities in the creation of cluster<lb/> initiatives arises from the advantages created by the network organization and the<lb/> dissemination of the idea of clustering. the expansiveness of this form of energy<lb/> community should be included in box 9.1. the slow pace of the establishment of<lb/> energy cooperatives that was discussed in this article can be positioned in box 1.9,<lb/> even though the creation of institutional support for this form of energy collective,<lb/> namely the attitude to the idea of cooperatives in Poland, is negative; this largely<lb/> arises from the fact that cooperatives have so far been systemically weakened
        <bibl>,<lb/> liquidated and perceived as a relic of a centrally planned economy and, after all, achrol r.s., gundlach g.t., &quot;Legal and social safeguards against opportunism in exchange,&quot; Jour-<lb/>nal of Retailing 75, 1999, no. 77, pp. 107-124.<lb/> </bibl>
<bibl>Barnes J.a., &quot;class and committees in a norwegian island parish,&quot; Human Relations 7, 1954, no. 1,<lb/> pp. 39-58.<lb/> </bibl>
<bibl>Bielski M., Formalna i rzeczywista struktura organizacyjna, Warszawa 2003.<lb/> chrisidu-Budnik a., Od biurokracji do New Public Governance. Perspektywa izomorfizmu instytu-<lb/>cjonalnego, Wrocław 2019.<lb/> </bibl>
        <bibl><label>deutsch</label> M., &quot;a theory of cooperation and competition,&quot; Human Relations 2, 1949, no. 2, pp. 129-152.<lb/> </bibl>
<bibl>gordon d.J., &quot;Between local innovation and global impact: cities, networks, and the governance of<lb/> climate change,&quot; Canadian Foreign Policy Journal 19, 2013, no. 3, pp. 288-307.<lb/> </bibl>
<bibl>gordon d.J., &quot;the orchestration of global urban climate governance: conducting power in the<lb/> post-Paris climate regime,&quot; Environmental Politics 26, 2017, no. 4, pp. 694-714.<lb/> </bibl>
<bibl>graczyk a., &quot;Pojęcie ekologicznych kosztów zewnętrznych,&quot; Ekonomia i Środowisko 26, 2004, no. 2,<lb/> pp. 7-29.<lb/> </bibl>
<bibl>gronkowska J., &quot;Polityka wsparcia tworzenia i rozwoju klastrów energii w Polsce,&quot; Zeszyty Nau-<lb/>kowe Instytutu Gospodarki Surowcami Mineralnymi i Energią Polskiej Akademii Nauk 2017,<lb/> no. 97, pp. 216-230.<lb/> </bibl>
<bibl>Huybrechts B., Haugh H., &quot;the roles of networks in institutionalizing new hybrid organizational<lb/> forms: insights from the european renewable energy cooperative network,&quot; Organization<lb/> Studies 39, 2018, no. 8, pp. 1085-1108.<lb/> </bibl>
<bibl>ingold c., Fischer M., &quot;drivers of collaboration to mitigate climate change: an illustration of swiss<lb/> climate policy over 15 years,&quot; Global Environmental Change 24, 2014, no. 1, pp. 88-98.<lb/> </bibl>
<bibl>Li J.J., Poppo L., zhou k.z., &quot;relational mechanisms, formal contracts, and local knowledge<lb/> acquisition by international subsidiaries,&quot; Strategic Management Journal 31, 2010, no. 4,<lb/> pp. 349-370.<lb/> networking of legal and organizational solutions in energy transition<lb/> 29<lb/> </bibl>
<bibl>Li y., Peng M.W., &quot;Formal control and social control in domestic and international buyer-supplier<lb/> relationships,&quot; Journal of Operations Management 28, 2010, no. 4, pp. 333-344.<lb/> </bibl>
<bibl>łolik M., Współczesne prawo kontraktów -wybrane zagadnienia, Warszawa 2014.<lb/> Long n., krause r.M., &quot;Managing policy-making in the local climate governance landscape: the<lb/> role of network administrative organizations and member cities,&quot; Public Administration 99,<lb/> 2021, no. 1, pp. 23-39.<lb/> </bibl>
<bibl>Marshall a., Zasady ekonomiki, Warszawa 1925.<lb/> </bibl>
<bibl>Moore J.F., The Death of Competition: Leadership and Strategy in the Age of Business Ecosystems,<lb/> new york 1996.<lb/> Mucha-kuś k., sołtysik M., zamasz k., &quot;rola koopetycji w klastrach energii,&quot; Zeszyty Naukowe<lb/> Wydziału Elektrotechniki i Automatyki Politechniki Gdańskiej 2017, no. 53, pp. 31-34.<lb/> </bibl>
<bibl>naisbitt J., Megatrendy, Poznań 1997.<lb/> niemczyk J., Strategia. Od planu do sieci, Wrocław 2013.<lb/> </bibl>
<bibl>Peltoniemi M., Vuori e., &quot;Business ecosystem as a tool for the conceptualization of the external<lb/> diversity of an organization,&quot; [in:] Proceedings of the Complexity &amp; Science and Society Con-<lb/>ference, 2005, Liverpool 2005, pp. 1-8.<lb/> </bibl>
        <bibl><label>ryall</label> M.d., sampson r.c., &quot;Formal contracts in the presence of relational enforcement mecha-<lb/>nisms: evidence from technology development projects,&quot; Management Science 55, 2009, no. 6,<lb/> pp. 906-925.<lb/> sun-Jin y., &quot;climate policy networks in south korea: alliances and conflicts,&quot; Climate Policy 14,<lb/> 2014, no. 2, pp. 283-301.<lb/> </bibl>
<bibl>Vandaele d., rangarajan d., gemmel P., Lievens a., &quot;How to govern business services exchanges:<lb/> contractual and relational issues,&quot; Journal of Management Review 9, 2007, no. 3, pp. 237-258.<lb/> </bibl>
<bibl>Wilkinson-ryan t., &quot;transferring trust: reciprocity norms and assignment of contract,&quot; Journal of<lb/> Empirical Legal Studies 9, 2012, no. 3, pp. 511-535.<lb/> ylä-anttila t., gronow a., stoddart M., Broadbent J., schneider V., tindall d., &quot;climate change<lb/> policy networks: Why and how to compare them across countries,&quot; Energy Research &amp; Social<lb/> Science 45, 2018, pp. 258-265.</bibl>
        </listBibl>
    </text>
</tei>

