<?xml version="1.0" ?>
<TEI xml:space="preserve" xmlns="http://www.tei-c.org/ns/1.0" xmlns:xlink="http://www.w3.org/1999/xlink" 
 xmlns:mml="http://www.w3.org/1998/Math/MathML">
	<teiHeader>
		<fileDesc>
			<sourceDesc>
				<biblStruct>
					<analytic>


						<author>ingold, <forename>M</forename>. <surname>Fischer ; y. sun-Jin</surname> <forename>;</forename> et al.</author>

						<author><forename>B</forename>. <surname>Huybrechts</surname>, <forename>H</forename>. <surname>Haugh</surname></author>

						<author><surname>Long</surname>, <forename>r</forename>.<middlename>M</middlename>. <surname>krause</surname></author>

						<author><forename>J</forename>.<middlename>J</middlename>. <surname>Li</surname>, <forename>L</forename>. <surname>Poppo</surname>, <forename>k</forename>.<middlename>z</middlename>. <surname>zhou</surname></author>

						<author><forename>M</forename>.<middlename>d</middlename>. <surname>ryall</surname>, <forename>r</forename>.<middlename>c</middlename>. <surname>sampson</surname></author>

						<author><surname>Marshall</surname></author>

						<author><forename>M</forename>. łolik ; y. <surname>Li</surname>, <forename>M</forename>.<middlename>W</middlename>. <surname>Peng</surname></author>

						<author><forename>J</forename>. <surname>gronkowska</surname></author>

						<author><forename>J</forename>.<middlename>F</middlename>. <surname>Moore</surname>. see: <forename>J</forename>.<middlename>F</middlename>. <surname>Moore</surname></author>

						<author><surname>Furthermore</surname></author>

						<author><surname>Barnes</surname> <forename>J</forename>.<middlename>a</middlename>.</author>

						<author><surname>Bielski</surname> <forename>M</forename>.</author>

						<author><forename>M</forename>.</author>

						<author><surname>gordon d</surname><forename>.</forename><middlename>J</middlename>.</author>

						<author><surname>gordon d</surname><forename>.</forename><middlename>J</middlename>.</author>

						<author>graczyk a.</author>

						<author>gronkowska <forename>J</forename>.</author>

						<author><surname>Huybrechts</surname> <forename>B</forename>., <surname>Haugh</surname> <forename>H</forename>.</author>

						<author>ingold c., <surname>Fischer</surname> <forename>M</forename>.</author>

						<author><surname>Li</surname> <forename>J</forename>.<middlename>J</middlename>., <surname>Poppo</surname> <forename>L</forename>., <surname>zhou k.z</surname>.</author>

						<author><forename>Li</forename> <middlename>y</middlename>., <surname>Peng</surname> <forename>M</forename>.<middlename>W</middlename>.</author>

						<author>łolik <forename>M</forename>. ; <surname>krause r</surname>.<middlename>M</middlename>.</author>

						<author><forename>Marshall</forename> <middlename>a</middlename>., <surname>Zasady ekonomiki</surname></author>

						<author><surname>Moore</surname> <forename>J</forename>.<middlename>F</middlename>.</author>

						<author>naisbitt <forename>J</forename>.</author>

						<author><surname>Peltoniemi</surname> <forename>M</forename>., <surname>Vuori e</surname>.</author>

						<author><forename>M</forename>.<middlename>d</middlename>., <surname>sampson r.c</surname>.</author>

						<author><surname>Vandaele d</surname>., rangarajan d., <surname>gemmel</surname> <forename>P</forename>., <surname>Lievens</surname> a.</author>

						<author><surname>Wilkinson-ryan t. ; stoddart</surname> <forename>M</forename>., <surname>Broadbent</surname> <forename>J</forename>., <surname>schneider</surname> <forename>V</forename>., tindall d.</author>

					</analytic>
				</biblStruct>
			</sourceDesc>
		</fileDesc>
	</teiHeader>
</TEI>
