<tei>
    <teiHeader>
        <fileDesc xml:id="_origin17792573813591799045.pdf"/>
    </teiHeader>
    <text xml:lang="en">


		<figure type="table">

            <table>acta Universitatis Wratislaviensis no 4187<lb/> PraWo cc cXXX V i i<lb/> Wrocław 2023<lb/> https://doi.org/10.19195/0524-4544.337.2<lb/> agnieszka cHrisidU-BUdnik<lb/> orcid: 0000-0001-7775-241X<lb/> University of Wrocław<lb/> networking of legal and organizational<lb/> solutions in energy transition</table>
		</figure>


		<figure type="table">

            <table>only res<lb/> table 1. selected indicators of energy communities<lb/> source: own study.<lb/> 26<lb/> agnieszka cHrisidU-BUdnik<lb/> 4. conclusions<lb/> low<lb/> attitude orientation<lb/> high<lb/> Figure 2. Matrix of changes in energy transformation<lb/> source: own study.<lb/> 28<lb/> energy cooperatives are an example of decentralized civic energy generation.<lb/> Translated by Roman Wojtasz<lb/> references</table>
		</figure>



    </text>
</tei>

