<?xml version="1.0" ?>
<tei xml:space="preserve">
	<teiHeader>
		<fileDesc xml:id="origin17792573813591799045"/>
	</teiHeader>
	<text xml:lang="en">
		<front>
<lb/>
	1. networking<lb/>
	<div type="abstract">networking can be defined as a pattern of ties (relationships) between any<lb/> objects of a collaborative and simultaneously horizontal nature, which are created<lb/> to achieve compatible objectives. 2 the term &quot;networking of legal solutions&quot; can</div>

		</front>
	</text>
</tei>
