<?xml version="1.0" ?>
<tei xml:space="preserve">
	<teiHeader/>
	<text xml:lang="en">
			<figure type="table">acta Universitatis Wratislaviensis no 4187<lb/> PraWo cc cXXX V i i<lb/> Wrocław 2023<lb/> https://doi.org/10.19195/0524-4544.337.2<lb/> agnieszka cHrisidU-BUdnik<lb/> orcid: 0000-0001-7775-241X<lb/> University of Wrocław<lb/> networking of legal and organizational<lb/> solutions in energy transition<lb/></figure>

			<p>Abstract: the article focuses on the question of networking of legal and organizational solutions in<lb/> the energy transition process, which accepts energy collectives. energy collectives take on two funda-<lb/>mental forms in the Polish legal order: energy clusters and energy cooperatives. the article presents<lb/> a description of these two basic legal and organizational mechanisms of energy transition and identifies<lb/> the main indicators making it possible to compare them to each other. the paper uses the method of<lb/> content analysis of legal regulations (eU and national) and specialised literature on the subject.<lb/></p>

			<p>Keywords: energy transition, energy collectives, energy clusters, energy cooperatives.<lb/> introduction<lb/> a profit.<lb/></p>

			<head>3. energy cooperative<lb/></head>

			<p>the other local form of energy collective in addition to the energy cluster<lb/> is the energy cooperative. an energy cooperative is an organizational and legal<lb/> form of association of citizens interested in generating energy from renewable<lb/></p>

			<figure type="table">only res<lb/> table 1. selected indicators of energy communities<lb/> source: own study.<lb/> 26<lb/> agnieszka cHrisidU-BUdnik<lb/> 4. conclusions<lb/> low<lb/> attitude orientation<lb/> high<lb/> Figure 2. Matrix of changes in energy transformation<lb/> source: own study.<lb/> 28<lb/> energy cooperatives are an example of decentralized civic energy generation.<lb/> Translated by Roman Wojtasz<lb/> references</figure>


	</text>
</tei>
