<?xml version="1.0" encoding="UTF-8"?>
<tei xml:space="preserve" xmlns="http://www.tei-c.org/ns/1.0" xmlns:xlink="http://www.w3.org/1999/xlink" xmlns:mml="http://www.w3.org/1998/Math/MathML">
	<teiHeader>
		<fileDesc>
			<sourceDesc>
				<biblStruct>
					<analytic>

						<author>
							<persName>
								 <forename>Angela</forename>
								 <middlename>Di</middlename>
								 <surname>Stasi</surname>
							</persName>
							<persName>
								 <forename>CONSIGLIO</forename>
								 <surname>SCIENTIFICO</surname>
							</persName>
							<persName>
								 <forename>Giandonato</forename>
								 <surname>Caggiano</surname>,
							</persName>
							<persName>
								 <forename>Ordinario</forename>
								 <middlename>f</middlename>.
								<middlename>r</middlename>.
								 <surname>di Diritto dell&apos;Unione europea</surname>,
								 <roleName>Università</roleName>
							</persName>
							<persName>
								 <forename>Roma</forename>
								 <surname>Tre</surname>
							</persName>
							<persName>
								 <forename>Angela</forename>
								 <surname>Festa</surname>,
							</persName>
							<persName>
								 <forename>Daniela</forename>
								 <surname>Marrani</surname>,
							</persName>
							<persName>
								 <forename>Rossana</forename>
								 <surname>Palladino</surname>
							</persName>
							<persName>
								 <forename>Francesco</forename>
								 <surname>Campofreda</surname>,
							</persName>
							<persName>
								 <forename>Anna</forename>
								 <surname>Facchinetti</surname>
								 <marker>*</marker>
							</persName>
						</author>

					</analytic>
				</biblStruct>
			</sourceDesc>
		</fileDesc>
	</teiHeader>
</tei>
