<?xml version="1.0" ?>
<tei xml:space="preserve">
	<teiHeader>
		<fileDesc xml:id="origin798153557499408350"/>
	</teiHeader>
	<text xml:lang="it">
		<front>
<lb/>
	<docTitle>
	<titlePart>Freedom, Security &amp; Justice:<lb/> European Legal Studies<lb/> Rivista giuridica di classe A<lb/> 2025, n. 1 DIRETTRICE<lb/></titlePart>
	</docTitle>

	<byline>
	<docAuthor>Angela Di Stasi<lb/></docAuthor>
	</byline>

	<byline>
	<affiliation>Ordinario di Diritto Internazionale e di Diritto dell&apos;Unione europea, Università di Salerno<lb/></affiliation>
	</byline>

	<meeting>Titolare della Cattedra Jean Monnet 2017-2020 (Commissione europea)<lb/> &quot;Judicial Protection of Fundamental Rights in the European Area of Freedom, Security and Justice</meeting>

	&quot;<lb/>
	<byline>
	<docAuthor>CONSIGLIO SCIENTIFICO<lb/> Giandonato Caggiano, Ordinario f.r. di Diritto dell&apos;Unione europea, Università Roma Tre<lb/></docAuthor>
	</byline>

	<byline>
	<affiliation>COMITATO DI REDAZIONE<lb/></affiliation>
	</byline>

	<byline>
	<docAuthor>Angela Festa,</docAuthor>
	</byline>

	<byline>
	<affiliation>Ricercatore di Diritto dell&apos;Unione europea, Università della Campania &quot;Luigi Vanvitelli&quot;<lb/> Anna Iermano, Associato di Diritto Internazionale, Università di Salerno<lb/></affiliation>
	</byline>

	<byline>
	<docAuthor>Daniela Marrani,</docAuthor>
	</byline>

	<byline>
	<affiliation>Associato di Diritto Internazionale, Università di Salerno<lb/></affiliation>
	</byline>

	<byline>
	<docAuthor>Rossana Palladino</docAuthor>
	</byline>

	<byline>
	<affiliation>(Coordinatore), Associato di Diritto dell&apos;Unione europea, Università di Salerno<lb/></affiliation>
	</byline>

	<docTitle>
	<titlePart>Revisione linguistica degli abstracts a cura di<lb/></titlePart>
	</docTitle>

	<byline>
	<docAuthor>Francesco Campofreda,</docAuthor>
	</byline>

	<byline>
	<affiliation>Dottore di ricerca in Diritto Internazionale, Università di Salerno<lb/></affiliation>
	</byline>

	<reference>Rivista quadrimestrale on line &quot;Freedom, Security &amp; Justice: European Legal Studies&quot; www.fsjeurostudies.eu<lb/> Editoriale Scientifica, Via San Biagio dei Librai, 39 -Napoli<lb/> CODICE ISSN 2532-2079 -Registrazione presso il Tribunale di Nocera Inferiore n° 3 del 3 marzo 2017<lb/></reference>

	<div type="abstract">Indice-Sommario<lb/> 2025, n. 1 Editoriale<lb/> Le transizioni dell&apos;Occidente europeo: dalla traslatio imperii alla pace di Westphalia e oltre<lb/> Massimo Panebianco<lb/> p.<lb/> Saggi e Articoli<lb/> Possibili sviluppi in tema di contrasto alle mutilazioni genitali femminili: la recente direttiva UE<lb/> 2024/1385 e gli obblighi per il legislatore italiano<lb/> Silvia Angioi, Annachiara Rotondo<lb/> Il nuovo Regolamento (UE) 2024/3015 tra i più recenti strumenti della comunità internazionale<lb/> contro il lavoro forzato: vecchie soluzioni per vecchi schemi<lb/> Silvia Cantoni<lb/> La mano invisibile dell&apos;intelligenza artificiale e il principio di trasparenza nei rapporti B2C: la<lb/> tutela del consumatore nel mercato unico digitale<lb/> Francesco Deana<lb/> Does the EU Corporate Sustainability Due Diligence Directive protect indigenous peoples&apos;<lb/> right to food? Assessment and future prospects<lb/> Anna Facchinetti<lb/> Cross border private enforcement of EU competition law: in quest of localisation<lb/> Silvia Marino<lb/> I valori dell&apos;Unione europea e la loro tutela giurisdizionale<lb/> Criseide Novi<lb/> Alcune considerazioni in merito alla base giuridica della nuova direttiva sui lavori resi tramite<lb/> piattaforme digitali<lb/> Alfredo Rizzo<lb/> Commenti e Note<lb/> Verein Klimaseniorinnen and others v. Switzerland between human rights protection and<lb/> human rights justification<lb/> Nicolò Paolo Alessi<lb/></div>

	p.<lb/> p.<lb/> p.<lb/> p.<lb/> p.<lb/> p.<lb/> p.<lb/> p.<lb/>
	<div type="abstract">La libertà di stampa e il contenuto dell&apos;ordine pubblico quale limite alla circolazione delle<lb/> sentenze nello spazio giudiziario europeo<lb/> Roberto Dante Cogliandro<lb/> Contrasto alla povertà e cooperazione internazionale nell&apos;area euro-mediterranea<lb/> Giuseppe Emanuele Corsaro<lb/> Illeciti commessi dall&apos;intelligenza artificiale: aspetti di giurisdizione e legge applicabile nel<lb/> quadro normativo dell&apos;Unione europea<lb/> Curzio Fossati<lb/> L&apos;integrazione differenziata nello spazio Schengen: profili &quot;costituzionali&quot; di legittimità<lb/> democratica<lb/> Maria Patrin<lb/> p.<lb/> p.<lb/> p.<lb/> p.<lb/></div>

	<reference>Freedom, Security &amp; Justice: European Legal Studies<lb/> ISSN 2532-2079<lb/> 2025, n. 1, pp. 86-110<lb/></reference>

	<idno>DOI:10.26321/A.FACCHINETTI.01.2025.05<lb/></idno>

	<email>www.fsjeurostudies.eu<lb/></email>

	<docTitle>
	<titlePart>DOES THE EU CORPORATE SUSTAINABILITY DUE DILIGENCE DIRECTIVE<lb/> PROTECT INDIGENOUS PEOPLES&apos; RIGHT TO FOOD? ASSESSMENT AND<lb/> FUTURE PROSPECTS<lb/></titlePart>
	</docTitle>

	<byline>
	<docAuthor>Anna Facchinetti *<lb/></docAuthor>
	</byline>

	SUMMARY: 1. Does the Corporate Sustainability Due Diligence Directive protect<lb/>4.2. The right to health<lb/>
	<div type="abstract">The right to health enshrined in Article 12 ICESCR is listed, together with Article 11<lb/> ICESCR on the right to an adequate standard of living, in the provision of the Annex to<lb/> the CSDD Directive dealing with the prohibition of any environmental degradation<lb/> impairing food production and conservation, health, the normal use of land and<lb/> ecosystems 89 .<lb/> The right to health and the right to food have been traditionally linked, as the right to<lb/> food -before its recognition in the Universal Declaration on Human Rights and the<lb/> ICESCR -was regarded not as an autonomous right, but as stemming from the right to</div>

		</front>
	</text>
</tei>
