<?xml version="1.0" encoding="UTF-8"?>
<tei xml:space="preserve" xmlns="http://www.tei-c.org/ns/1.0" xmlns:xlink="http://www.w3.org/1999/xlink" xmlns:mml="http://www.w3.org/1998/Math/MathML">
	<teiHeader>
		<fileDesc>
			<sourceDesc>
				<biblStruct>
					<analytic>
						<author>

						<affiliation>
							<orgName type="department">Ordinario di Diritto Internazionale e di Diritto dell&apos;Unione europea</orgName>,
							<orgName type="institution">Università di Salerno</orgName>
							<lb/>
							<orgName type="department">COMITATO DI REDAZIONE<lb/> Ricercatore di Diritto dell&apos;Unione europea</orgName>,
							<orgName type="institution">Università della Campania &quot;Luigi Vanvitelli&quot;<lb/> Anna Iermano</orgName>,
							<orgName type="department">Associato di Diritto Internazionale</orgName>,
							<orgName type="institution">Università di Salerno</orgName>
							<lb/>
							<orgName type="department">Associato di Diritto Internazionale</orgName>,
							<orgName type="institution">Università di Salerno<lb/> (Coordinatore)</orgName>,
							<orgName type="department">Associato di Diritto dell&apos;Unione europea</orgName>,
							<orgName type="institution">Università di Salerno<lb/> Dottore di ricerca in Diritto Internazionale</orgName>,
							<orgName type="institution">Università di Salerno</orgName>
						</affiliation>

						</author>
					</analytic>
				</biblStruct>
			</sourceDesc>
		</fileDesc>
	</teiHeader>
</tei>
