<?xml version="1.0" encoding="UTF-8"?>
<citations>
	<bibl><title level="m">Rivista quadrimestrale on line &quot;Freedom, Security &amp; Justice: European Legal Studies&quot; www.fsjeurostudies.eu Editoriale Scientifica, Via San Biagio dei Librai, 39 -Napoli CODICE</title> <idno type="ISSN">ISSN 2532-2079</idno> -<title level="m">Registrazione presso il Tribunale di Nocera Inferiore n° 3 del 3 marzo 2017 Freedom, Security &amp; Justice: European Legal Studies</title> <idno type="ISSN">ISSN 2532-2079 2025</idno>, n. <biblScope unit="issue">1</biblScope>, pp. <biblScope unit="page">86-110</biblScope></bibl>
</citations>
