<?xml version="1.0" ?>
<TEI xml:space="preserve" xmlns="http://www.tei-c.org/ns/1.0" xmlns:xlink="http://www.w3.org/1999/xlink" 
 xmlns:mml="http://www.w3.org/1998/Math/MathML">
	<teiHeader>
		<fileDesc>
			<sourceDesc>
				<biblStruct>
					<analytic>


						<author><forename>Sergio</forename> <surname>Maria Carbone</surname>, <forename>Professore</forename> <surname>Emerito</surname>, <forename>Università</forename> <surname>di Genova</surname> <forename>Roberta</forename> <surname>Clerici</surname>, <forename>Ordinario</forename> <middlename>f</middlename>.<middlename>r</middlename>. <surname>di Diritto Internazionale privato</surname></author>

						<author><forename>Maria</forename> <surname>Caterina</surname> <forename>Baruffi</forename></author>

						<author><forename>Bruno</forename> <surname>Barel</surname>, <forename>Associato</forename> <middlename>f</middlename>.<middlename>r</middlename>. <surname>di Diritto dell&apos;Unione europea</surname>, <forename>Università</forename> <surname>di Padova</surname> <forename>Marco</forename> <surname>Benvenuti</surname>, <forename>Ordinario</forename> <surname>di Istituzioni di Diritto pubblico</surname>, <forename>Università</forename> <surname>di</surname> <forename>Roma</forename></author>

						<author><forename>Ana</forename> <middlename>C</middlename>. <surname>Gallego Hernández</surname></author>

						<author><forename>Francesca</forename> <surname>Graziani</surname>, <forename>Associato</forename> <surname>di Diritto Internazionale</surname>, <forename>Università</forename> <surname>della Campania</surname> <forename>&quot;Luigi</forename> <surname>Vanvitelli</surname>&quot; <forename>Giancarlo</forename> <surname>Guarino</surname>, <forename>Ordinario</forename> <middlename>f</middlename>.<middlename>r</middlename>. <surname>di Diritto Internazionale</surname>, <forename>Università</forename> <surname>di Napoli</surname> <forename>&quot;</forename><surname>Federico</surname> <forename>II</forename></author>

						<author><forename>Alessandra</forename> <middlename>A</middlename>. <surname>Souza Silveira</surname></author>

						<author>* <surname>Ricercatrice</surname></author>

						<author><surname>Directive</surname></author>

						<author><forename>M</forename>. <surname>FASCIGLIONE</surname></author>

						<author><forename>See</forename></author>

						<author><surname>CESCR Committee</surname></author>

						<author><forename>D</forename>. <surname>SHELTON</surname>, <forename>F</forename>. GUZMÁN <surname>DUQUE</surname></author>

						<author><forename>M</forename>. <surname>NINO</surname></author>

						<author><surname>CESCR Committee</surname></author>

						<author><forename>S</forename>. <surname>DEVA</surname></author>

						<author><forename>F</forename>. <surname>DEHBI</surname>, <forename>O</forename>. <surname>MARTIN-ORTEGA</surname></author>

						<author><surname>See</surname>, <forename>e</forename>.<middlename>g</middlename>.</author>

						<author><forename>H</forename>. CANTÙ <surname>RIVERA</surname></author>

						<author><forename>F</forename>. <surname>DEHBI</surname>, <forename>O</forename>. <surname>MARTIN-ORTEGA</surname></author>

						<author><surname>Directive</surname></author>

						<author><forename>G</forename>. <surname>CARELLA</surname></author>

						<author><forename>C</forename>. <surname>METHVEN O&apos; BRIEN</surname>, <forename>J</forename>. <surname>CHRISTOFFERSEN</surname> ; <forename>H</forename>. CANTÙ <surname>RIVERA</surname> ; <forename>N</forename>. <surname>MEYER</surname>, <forename>C</forename>. <surname>PATZ</surname></author>

						<author><forename>H</forename>. CANTÙ <surname>RIVERA</surname></author>

						<author><surname>UNDRIP</surname>, <forename>art</forename>.</author>

						<author><surname>Ibid</surname></author>

						<author><forename>Namely</forename> <surname>Denmark</surname>, <surname>Germany</surname>, <surname>Luxembourg</surname>, <forename>the</forename> <surname>Netherlands</surname> and <surname>Spain</surname></author>

						<author><surname>Ibid</surname>., <surname>Annex</surname></author>

						<author><surname>Ibid</surname></author>

						<author><surname>Ibid</surname></author>

						<author><surname>Directive</surname></author>

						<author><forename>W</forename>.<middlename>A</middlename>. <surname>SCHABAS</surname>, <forename>U</forename>.<middlename>N</middlename>.</author>

						<author><forename>See</forename></author>

						<author><surname>Directive</surname></author>

						<author><surname>Nonetheless</surname></author>

						<author><forename>W</forename>.<middlename>A</middlename>. <surname>SCHABAS</surname>, <forename>U</forename>.<middlename>N</middlename>.</author>

						<author><forename>W</forename>.<middlename>A</middlename>. <surname>SCHABAS</surname>, <forename>U</forename>.<middlename>N</middlename>.</author>

						<author><forename>A</forename>. <surname>XANTHAKI</surname></author>

						<author><surname>Directive</surname></author>

						<author><surname>CESCR Committee</surname></author>

						<author><surname>CESCR Committee</surname></author>

						<author><surname>CESCR Committee</surname></author>

						<author><surname>Ivi</surname></author>

						<author><surname>CESCR Committee</surname></author>

						<author><forename>C</forename>. <surname>RICCI</surname></author>

						<author><surname>CESCR Committee</surname></author>

						<author><surname>CESCR Committee</surname></author>

						<author><surname>Ivi</surname> <forename>;</forename> <middlename>E</middlename>.<middlename>I</middlename>. <surname>DAES</surname></author>

						<author><surname>CESCR Committee</surname></author>

						<author><surname>CESCR Committee</surname></author>

						<author><surname>However</surname></author>

						<author><surname>CESCR Committee</surname></author>

						<author><surname>Ivi</surname></author>

						<author><surname>Directive</surname></author>

						<author><surname>CESCR Committee</surname></author>

						<author><surname>CESCR Committee</surname></author>

						<author><surname>CRC</surname>, <forename>art</forename></author>

						<author><surname>Ivi</surname></author>

						<author><surname>Ivi</surname></author>

						<author><surname>Likewise</surname></author>

						<author><forename>S</forename>. <surname>DEVA</surname></author>

					</analytic>
				</biblStruct>
			</sourceDesc>
		</fileDesc>
	</teiHeader>
</TEI>
