<?xml version="1.0" ?>
<tei xml:space="preserve">
	<teiHeader/>
	<text xml:lang="en">
			<figure>65-77.<lb/> Downloaded from https://academic.oup.com/gh/article/43/2/161/8174931 by Max-Planck Society user on 17 September 2025<lb/> A Farewell to the Thucydides Trap 179<lb/> political scientists, positioned as an for an efficacious<lb/> theory of the present.<lb/> V. Escaping the International Relations Trap<lb/> complicated history shorn of any teleological foreclosure of the future.<lb/></figure>

			<head>Abstract<lb/></head>

			<p>Prefacing a series of articles in the Special Issue examining the imperial and colonial dimensions of Anglo-<lb/>German relations prior to and during the First World War, this article examines how outdated understandings</p>


	</text>
</tei>
