<?xml version="1.0" ?>
<TEI xml:space="preserve" xmlns="http://www.tei-c.org/ns/1.0" xmlns:xlink="http://www.w3.org/1999/xlink" 
 xmlns:mml="http://www.w3.org/1998/Math/MathML">
	<teiHeader>
		<fileDesc>
			<sourceDesc>
				<biblStruct>
					<analytic>


						<author><forename>F</forename>. <middlename>E</middlename>. <surname>Chadwick</surname></author>

						<author><forename>E</forename>. <surname>Crowe</surname></author>

						<author><surname>Matthew</surname> <forename>P</forename>. <surname>Fitzpatrick</surname></author>

						<author><forename>T</forename>. <surname>Sanderson</surname></author>

						<author><forename>A</forename>. <surname>Skřivan</surname> and <forename>A</forename>. <surname>Skřivan</surname></author>

						<author><forename>M</forename>. <middlename>P</middlename>. <surname>Fitzpatrick</surname></author>

						<author><forename>M</forename>. <surname>Fröhlich</surname></author>

						<author><forename>P</forename>. <surname>Kennedy</surname></author>

						<author><surname>Matthew</surname> <forename>P</forename>. <surname>Fitzpatrick</surname> <forename>Andrew</forename> <surname>Bonnell</surname></author>

						<author><forename>C</forename>. <surname>Clark</surname></author>

						<author><forename>W</forename>. <surname>Mulligan</surname></author>

						<author><forename>D</forename>. <surname>Geppert</surname> and <forename>R</forename>. <surname>Gerwarth</surname></author>

						<author><surname>Rüger</surname></author>

						<author><forename>J</forename>. <middlename>M</middlename>. <surname>Mackenzie</surname></author>

						<author><forename>U</forename>. <surname>Lindner</surname></author>

						<author><surname>Fröhlich</surname>, <forename>Von</forename> <surname>Konfrontation</surname> zur <surname>Koexistenz</surname></author>

						<author><forename>For</forename> <surname>Kennedy</surname></author>

						<author><forename>N</forename>. <surname>Ferguson</surname></author>

						<author><surname>Bernhard von</surname> <forename>Bülow</forename></author>

						<author><surname>Kennedy</surname>, <forename>Rise</forename> <surname>of the Anglo-German Antagonism</surname> <forename>;</forename> <middlename>P</middlename>. <surname>Kennedy</surname></author>

						<author><surname>Kennedy</surname></author>

						<author><forename>F</forename>. <surname>Meinecke</surname></author>

						<author><forename>R</forename>. <middlename>J</middlename>. <middlename>S</middlename>. <surname>Hoffman</surname></author>

						<author><forename>H</forename>. <surname>Neuburger</surname> and <forename>H</forename>. <middlename>H</middlename>. <surname>Stokes</surname></author>

						<author><forename>F</forename>. <surname>Fischer</surname></author>

						<author><forename>P</forename>. Gopal</author>

						<author><forename>S</forename>. <surname>Sanghera</surname>, <forename>Empireland</forename></author>

						<author><forename>I</forename>. <surname>Geiss</surname></author>

						<author><surname>Kennedy</surname> <forename>;</forename> <middlename>F</middlename>. <surname>Fischer</surname></author>

						<author><forename>A</forename>. <surname>Mombauer</surname></author>

						<author><forename>R</forename>. <middlename>C</middlename>. <surname>Moore</surname></author>

						<author><forename>J</forename>. <middlename>A</middlename>. <surname>Moses</surname></author>

						<author><surname>Rüger</surname> <forename>;</forename> <middlename>J</middlename>. <surname>Rüger</surname></author>

						<author><surname>Clark</surname>, <forename>Sleepwalkers</forename></author>

						<author><surname>Mulligan</surname></author>

						<author><surname>Kennedy</surname></author>

						<author><forename>A</forename>. <surname>Giddens</surname>, <forename>M</forename>. <surname>Mann</surname> and <forename>I</forename>. <surname>Wallerstein</surname></author>

						<author><surname>Thucydides</surname></author>

						<author><forename>G</forename>. <surname>Allison</surname></author>

						<author><forename>Allison</forename></author>

						<author><forename>R</forename>. <surname>Hanania</surname></author>

						<author><forename>G</forename>. <surname>Allison</surname></author>

						<author><forename>G</forename>. <surname>Allison</surname></author>

						<author><forename>G</forename>. <surname>Allison</surname></author>

						<author><forename>I</forename>. <surname>Geiss</surname></author>

						<author><forename>M</forename>. <surname>Howard</surname> ; <forename>J</forename>. <middlename>C</middlename>. <middlename>G</middlename>. <surname>Röhl</surname> <forename>;</forename> <surname>Geppert</surname> and <forename>Gerwarth</forename>, <forename>Wilhelmine</forename> <surname>Germany</surname> and <forename>Edwardian</forename> <surname>Britain</surname></author>

						<author><surname>Ibid</surname>.</author>

						<author><forename>Allison</forename></author>

						<author><forename>D</forename>. <surname>Stafford</surname>, <forename>Review</forename> <surname>Article</surname></author>

						<author><surname>Matthew</surname> <forename>P</forename>. <middlename>Fitzpatrick</middlename> <surname>Joe</surname></author>

						<author><surname>tween</surname> <forename>China</forename> and <forename>Wilhelmine</forename> <surname>Germany</surname></author>

						<author><surname>Ibid</surname>.</author>

						<author><forename>H</forename>. <surname>Gardner</surname> ; <forename>S</forename>. <middlename>M</middlename>. <surname>Lynn-Jones</surname></author>

						<author><forename>G</forename>. <surname>Schöllgen</surname> <forename>;</forename> <middlename>W</middlename>. <surname>Gutsche</surname></author>

						<author><forename>P</forename>. <surname>Wolfowitz</surname></author>

						<author><forename>A</forename>. <middlename>I</middlename>. <surname>Johnston</surname></author>

						<author><forename>R</forename>. <surname>Wolf</surname></author>

						<author><forename>H</forename>. <surname>Kissinger</surname></author>

						<author><surname>Ibid</surname></author>

						<author><surname>Richard</surname> <forename>A</forename>.</author>

						<author><forename>Z</forename>. <surname>Steiner</surname></author>

						<author><forename>Allison</forename></author>

						<author><forename>R</forename>. <middlename>A</middlename>. <surname>Cosgrove</surname></author>

						<author>174 <surname>Matthew</surname> <forename>P</forename>. <surname>Fitzpatrick</surname></author>

						<author><surname>Crowe</surname></author>

						<author><surname>Sanderson</surname></author>

						<author><surname>Steiner</surname></author>

						<author><surname>Sanderson</surname></author>

						<author><surname>Ibid</surname>.</author>

						<author><surname>Steiner</surname></author>

						<author><surname>Crowe</surname></author>

						<author><surname>Sanderson</surname></author>

						<author><surname>Sanderson</surname></author>

						<author><forename>F</forename>. <surname>Thimme</surname></author>

						<author><surname>Crowe</surname></author>

						<author><surname>Sanderson</surname></author>

						<author><surname>Steiner</surname></author>

						<author><surname>Thimme</surname>, <forename>&apos;</forename><surname>Das Memorandum</surname> <forename>E</forename>. <middlename>A</middlename>.</author>

						<author><surname>Sanderson</surname></author>

						<author><surname>Matthew</surname> <forename>P</forename></author>

						<author><forename>Unlike</forename> <surname>Allison</surname>, however, for <forename>Christopher</forename> <surname>Clark</surname></author>

						<author><surname>Thimme</surname></author>

						<author><forename>J</forename>. <middlename>S</middlename>. <surname>Dunn</surname></author>

						<author><forename>F</forename>. <surname>Thimme</surname>, &apos;<surname>Das</surname></author>

						<author><surname>Thimme</surname></author>

						<author><forename>H</forename>. <surname>Lutz</surname></author>

						<author><forename>I</forename>. <surname>Geiss</surname></author>

						<author><surname>Kissinger</surname>, <forename>On</forename> <surname>China</surname></author>

						<author><surname>Crowe</surname></author>

						<author><forename>J</forename>. <surname>Rogers</surname> and <forename>A</forename>. <surname>Lanoszka</surname></author>

						<author><forename>Zhengyu</forename> <surname>Wu</surname></author>

						<author><surname>Ibid</surname>.</author>

						<author><surname>Ibid</surname>.</author>

						<author><surname>Ibid</surname>.</author>

						<author><forename>J</forename>. <surname>Hemmings</surname></author>

						<author><surname>As</surname> <forename>Reinhard</forename> <surname>Wolf</surname></author>

						<author><forename>J</forename>. <surname>Mecklin</surname></author>

						<author><surname>Ibid</surname>.</author>

						<author>180 <surname>Matthew</surname> <forename>P</forename></author>

					</analytic>
				</biblStruct>
			</sourceDesc>
		</fileDesc>
	</teiHeader>
</TEI>
