<tei>
    <teiHeader>
        <fileDesc xml:id="_origin6425435506307464945.pdf"/>
    </teiHeader>
    <text xml:lang="en">


        <figure>

            <head>65-</head>

            <label>77</label>

            <head>.<lb/> </head>
<lb/> 
            <figDesc>Downloaded from https://academic.oup.com/gh/article/43/2/161/8174931 by Max-Planck Society user on 17 September 2025<lb/> A Farewell to the Thucydides Trap 179<lb/> political scientists, positioned as an for an efficacious<lb/> theory of the present.<lb/> V. Escaping the International Relations Trap<lb/> complicated history shorn of any teleological foreclosure of the future.</figDesc>
        </figure>



    </text>
</tei>

