<tei>
    <teiHeader>
        <fileDesc xml:id="_origin12534372338286543117.pdf"/>
    </teiHeader>
    <text xml:lang="en">


        <figure>

            III.<lb/> 1.<lb/> 2.<lb/> a)<lb/> b)<lb/> 10.5771</content>

            <figDesc>/2699-1284-2024-3-149 -am 11.08.2025, 18:08:59. https://www.nomos-elibrary.de/de/agb -Open Access -<lb/>Article 2 InfoSoc Directive:<lb/> Member States shall provide for the exclusive right to authorise or prohibit direct or indirect, tempo<lb/> rary or permanent reproduction by any means and in any form, in whole or in part: (a) for authors, of<lb/> their works (...).<lb/> § 16(1) UrhG:<lb/> ʻRight of reproductionʼ means the right to produce copies of the work, whether on a temporary or on<lb/> a permanent basis and regardless of by which means of procedure or in which quantity they are made.<lb/> Creating DTFs under statutory exceptions<lb/> The reproductions necessary to derive a DTF can therefore only be lawfully made reform.<lb/> Exception for TDM for Scientifc research purposes ( § 60 d UrhG)<lb/> Although first introduced into German law in 2018, § 60d UrhG, containing the<lb/> exception for Text and Data Mining (TDM) for scientific research purposes, owes its<lb/> current wording to Article 3 of the 2019 DSM Directive. It can be summarised as fol<lb/> lows:<lb/> b)<lb/> the TDM exceptions (see above) provide a much more convenient and secure basis for this activity.</figDesc>
        </figure>


        <figure>

            <figDesc>..) may lead to the<lb/> b)<lb/> 164<lb/> Iacino et al. • Legal status of Derived Text Formats<lb/> WTO, Report of the Panel, WT/DS160/R, 15 June 2000, para 6.229.<lb/> Martin Senftleben, The International Three-Step Test: A Model Provision for EC Fair<lb/> Use Legislation, 1 (2010) Journal of Intellectual Property, Information Technology and<lb/> E-Commerce Law, Vol. 1, No.</figDesc>
        </figure>



    </text>
</tei>

