<?xml version="1.0" encoding="UTF-8"?>
<citations>
	<bibl><author>Iacino et al.</author> • <title level="m">Legal status of Derived Text Formats</title> <date>167 RuZ 5. Jg. 3/2024 10.5771/2699-1284-2024-3-149 -am 11.08.2025</date>, <idno>18:08:59</idno>. <author>Iacino et al.</author> • <title level="m">Legal status of Derived Text Formats</title> <idno>10.5771/2699-1284-2024-3-149 -am 11.08.2025, 18:08:59</idno>. -<title level="j">Open Access -J. Baudry</title> (<date>2023</date>). <title level="m">Iacino et al. • Legal status of Derived Text Formats -am</title> <idno>11.08.2025</idno>, <biblScope unit="volume">18</biblScope>:<biblScope unit="page">08</biblScope>:<biblScope unit="page">59</biblScope>.</bibl>
</citations>
