<tei>
    <teiHeader>
        <fileDesc xml:id="_origin12534372338286543117.pdf"/>
    </teiHeader>
    <text xml:lang="en">


		<figure type="table">

            <figDesc>2, pp. 67-82.<lb/> Gervais, Daniel J., Towards a New Core International Copyright Norm: The Reverse<lb/> Three-Step Test. Available at SSRN: https://ssrn.com/abstract=499924.<lb/> </figDesc>
<lb/> 
            <table>BeckOK UrhR/Grübler, 42. Ed. 1.5.2024, UrhG § 60c Rn<lb/> Dreier/Schulze/Dreier, 7. Aufl. 2022, UrhG § 60c Rn. 1<lb/> First formulated in A. Elster, Gewerblicher rechtsschutz, umfassend Urheber-und<lb/> Verlagsrecht, Patent-und Musterschutztrecht, Warenzeichenrecht und Wettbewerbs<lb/> recht, De Gruyter, 1921.<lb/> N. Carlini et al., &quot;Extracting Training Data from Large Language Models&quot; in: Pro<lb/> ceedings of the 30th USENIX Security Symposium (August 11-13, 2021), USENIX<lb/> Association, 2021, pp. 2633-2650.<lb/> Keli Du (2024), &quot;Rekonstruierbarkeit von abgeleiteten Textformaten&quot;, https://events.g<lb/> wdg.de/event/607/contributions/1408/.<lb/> M. Senftleben, &quot;Flexibility Grave -Partial Reproduction Focus and Closed System<lb/> Fetishism in CJEU, Pelham&quot;, IIC, 2020, 51, pp.751 -769.<lb/> Calvo Tello, José, Mathias Göbel, Ubbo Veentjer, Stefan E. Funk, Nanette Rißler-<lb/>Pipika, and Keli Du. 2025 (accepted). &apos;FAIR Derived Data in TEI and Its Publication<lb/> in the TextGrid Repository&apos;. jTEI.<lb/> </table>
<lb/> 
            <figDesc>Burnard, Lou. 2004. &apos;Metadata for Corpus Work&apos;. In Developing Linguistic Corpora:<lb/> A Guide to Good Practice, edited by Martin Wynne. Oxford: AHDS Literature, Lan<lb/> guages and Linguistics. https://ota.ox.ac.uk/documents/creating/dlc/chapter3.htm.<lb/> Wilkinson, Mark D., Michel Dumontier, IJsbrand Jan Aalbersberg, Gabrielle Apple<lb/> ton, Myles Axton, Arie Baak, Niklas Blomberg, et al. 2016. &apos;The FAIR Guiding<lb/> Principles for Scientific Data Management and Stewardship&apos;. Scientific Data 3 (March).<lb/> https://doi.org/10.1038/sdata.2016.18.<lb/> 171<lb/> Iacino et al. • Legal status of Derived Text Formats<lb/> </figDesc>
<lb/> 
            <note>171<lb/> RuZ 5. Jg. 3/2024</note>
		</figure>



    </text>
</tei>

