<?xml version="1.0" ?>
<TEI xml:space="preserve" xmlns="http://www.tei-c.org/ns/1.0" xmlns:xlink="http://www.w3.org/1999/xlink" 
 xmlns:mml="http://www.w3.org/1998/Math/MathML">
	<teiHeader>
		<fileDesc>
			<sourceDesc>
				<biblStruct>
					<analytic>


						<author>* <surname>Ass</surname>. <middlename>jur</middlename>. <surname>Gianna Iacino</surname>, <forename>LL</forename>.<middlename>M</middlename>.</author>

						<author><surname>Directive</surname></author>

						<author><forename>G</forename>. <surname>Iacino</surname>, <forename>P</forename>. <surname>Kamocki</surname>, <forename>P</forename>. <surname>Leinen</surname></author>

						<author><forename>See</forename> <middlename>e</middlename>.<middlename>g</middlename>., <forename>Y</forename>. <surname>Lin</surname>, <forename>J.-B</forename>. <surname>Michel</surname>, <forename>E</forename>. <surname>Aiden Lieberman</surname>, <forename>J</forename>. <surname>Orwant</surname>, <forename>W</forename>. <surname>Brockman</surname>, <forename>S</forename>. <surname>Petrov</surname></author>

						<author><forename>Transformative</forename> <surname>DTFs</surname></author>

						<author><forename>S</forename>. <surname>Bhattacharyya</surname>, <forename>P</forename>. <surname>Organisciak</surname>, <forename>J</forename>. <middlename>S</middlename>. <surname>Downie</surname></author>

						<author><forename>J</forename>. <surname>Jett</surname>, <forename>B</forename>. <surname>Capitanu</surname>, <forename>D</forename>. <surname>Kudeki</surname>, <forename>T</forename>. <surname>Cole</surname>, <forename>Y</forename>. <surname>Hu</surname>, <forename>P</forename>. <surname>Organis ciak</surname>, <forename>T</forename>. <surname>Underwood</surname>, <forename>E</forename>. <surname>Dickson Koehl</surname>, <forename>R</forename>. <surname>Dubnicek</surname>, <forename>J</forename>. <middlename>S</middlename>. <surname>Downie</surname></author>

						<author><forename>C</forename>. <surname>Schöch</surname>, <forename>F</forename>. <surname>Döhl</surname>, <forename>A</forename>. <surname>Rettinger</surname>, <forename>E</forename>.</author>

						<author><surname>Gius</surname>, <forename>P</forename>. <surname>Trilcke</surname>, <forename>P</forename>. <surname>Leinen</surname>, <forename>F</forename>. <surname>Jannidis</surname>, <forename>M</forename>. <surname>Hinzmann</surname>, <forename>J</forename>. <surname>Röpke</surname></author>

						<author><forename>P</forename>. <surname>Organisciak</surname>, <forename>J</forename>. <middlename>S</middlename>. <surname>Downie</surname></author>

						<author><forename>J</forename>. <surname>Baudry</surname></author>

						<author><forename>F</forename>. <surname>Barth</surname>, <forename>J</forename>. <middlename>Calvo</middlename> <surname>Tello</surname>, <forename>K</forename>. <surname>Du</surname>, <forename>P</forename>. <surname>Genêt</surname>, <forename>L</forename>. <surname>Keller</surname>, <forename>J</forename>. <surname>Knappen</surname></author>

						<author><forename>C</forename>. <surname>Schöch</surname>, <forename>F</forename>. <surname>Döhl</surname>, <forename>A</forename>. <surname>Rettinger</surname>, <forename>E</forename>. <surname>Gius</surname>, <forename>P</forename>. <surname>Trilcke</surname>, <forename>P</forename>. <surname>Leinen</surname>, <forename>F</forename>. <surname>Jannidis</surname>, <forename>M</forename>. <surname>Hinzmann</surname>, <forename>J</forename>. <surname>Röpke</surname></author>

						<author>154 <surname>Iacino</surname> et al.</author>

						<author><surname>WTO</surname></author>

						<author><forename>M</forename>. <surname>Senftleben</surname></author>

						<author>156 <surname>Iacino</surname> et al.</author>

						<author><forename>M</forename>. <surname>Senftleben</surname></author>

						<author>d <surname>UrhG</surname>, <forename>G</forename>. <surname>Iacino</surname>, <forename>P</forename>. <surname>Kamocki</surname>, <forename>P</forename>. <surname>Leinen</surname></author>

						<author>158 <surname>Iacino</surname> et al.</author>

						<author><surname>But</surname></author>

						<author><forename>BeckOK</forename> <surname>UrhR</surname><forename>/</forename><surname>Grübler</surname></author>

						<author><surname>LG Hamburg</surname></author>

						<author><surname>Open</surname> <forename>AI</forename><middlename>)</middlename></author>

						<author><surname>CJEU</surname>, <forename>Infopaq</forename></author>

						<author><surname>CJEU</surname>, order <surname>of</surname></author>

						<author><surname>CJEU</surname>, <forename>Infopaq</forename> <surname>II</surname></author>

						<author>160 <surname>Iacino</surname> et al.</author>

						<author><surname>IV</surname></author>

						<author><surname>CJEU</surname>, <forename>Infopaq</forename></author>

						<author><surname>CJEU</surname>, <forename>Infopaq</forename></author>

						<author><surname>CJEU</surname>, <forename>Pelham</forename></author>

						<author><surname>Iacino</surname> et al.</author>

						<author><surname>CJEU</surname>, <forename>Infopaq</forename></author>

						<author><surname>CJEU</surname>, <forename>Infopaq</forename></author>

						<author><surname>OLG Düsseldorf</surname></author>

						<author><surname>OLG Frankfurt</surname></author>

						<author><surname>LG Mannheim</surname></author>

						<author><surname>OLG Köln</surname></author>

						<author><surname>OLG Köln</surname></author>

						<author>LG Frankenthal</author>

						<author><surname>OLG Köln</surname></author>

						<author><surname>CJEU</surname>, <forename>Infopaq</forename></author>

						<author><forename>K</forename>. <surname>Du</surname></author>

						<author><forename>K</forename>. <surname>Kugler</surname>, <forename>S</forename>. <surname>Münker</surname>, <forename>J</forename>. <surname>Höhmann</surname>, <forename>A</forename>. <surname>Rettinger</surname></author>

						<author><forename>B</forename>. <surname>Raue</surname>, <forename>C</forename>. <surname>Schöch</surname></author>

						<author><surname>CJEU</surname>, <forename>C</forename>-</author>

						<author><forename>M</forename>. <surname>Senftleben</surname></author>

						<author><surname>Iacino</surname> et al.</author>

						<author><forename>K</forename>. <surname>Chang</surname>, <forename>M</forename>. <surname>Cramer</surname>, <forename>S</forename>. <surname>Soni</surname>, <forename>D</forename>. <surname>Bamman</surname></author>

						<author><forename>V</forename>. 168 <surname>Iacino</surname> et al.</author>

						<author><forename>Kent</forename> <surname>Chang</surname>, <forename>Mackenzie</forename> <surname>Cramer</surname>, <forename>Sandeep</forename> <surname>Soni</surname>, and <forename>David</forename> <surname>Bamman</surname></author>

						<author><forename>Karina</forename> <surname>Grisse</surname></author>

						<author><forename>Kai</forename> <surname>Kugler</surname>, <forename>Simon</forename> <surname>Münker</surname>, <forename>Johannes</forename> <surname>Höhmann</surname>, &amp; <forename>Achim</forename> <surname>Rettinger</surname></author>

						<author><forename>Y</forename>. <surname>Lin</surname>, <forename>J.-B</forename>. <surname>Michel</surname>, <forename>E</forename>. <surname>Aiden Lieberman</surname>, <forename>J</forename>. <surname>Orwant</surname>, <forename>W</forename>. <surname>Brockman</surname>, <forename>S</forename>. <surname>Petrov</surname></author>

						<author><forename>S</forename>. <surname>Bhattacharyya</surname>, <forename>P</forename>. <surname>Organisciak</surname>, <forename>J</forename>. <middlename>S</middlename>. <surname>Downie</surname></author>

						<author><forename>J</forename>. <surname>Jett</surname>, <forename>B</forename>. <surname>Capitanu</surname>, <forename>D</forename>. <surname>Kudeki</surname>, <forename>T</forename>. <surname>Cole</surname>, <forename>Y</forename>. <surname>Hu</surname>, <forename>P</forename>. <surname>Organisciak</surname>, <forename>T</forename>. <surname>Underwood</surname>, <forename>E</forename>. <surname>Dickson Koehl</surname>, <forename>R</forename>. <surname>Dubnicek</surname>, <forename>J</forename>. <middlename>S</middlename>. <surname>Downie</surname></author>

						<author><forename>C</forename>. <surname>Schöch</surname>, <forename>F</forename>. <surname>Döhl</surname>, <forename>A</forename>. <surname>Rettinger</surname>, <forename>E</forename>. <surname>Gius</surname>, <forename>P</forename>. <surname>Trilcke</surname>, <forename>P</forename>. <surname>Leinen</surname>, <forename>F</forename>. <surname>Jannidis</surname>, <forename>M</forename>. <surname>Hinz mann</surname>, <forename>J</forename>. <surname>Röpke</surname></author>

						<author><forename>P</forename>. <surname>Organisciak</surname>, <forename>J</forename>. <middlename>S</middlename>. <surname>Downie</surname></author>

						<author><forename>P</forename>. <surname>Organisciak</surname>, <forename>B</forename>. <surname>Capitanu</surname>, <forename>T</forename>. <surname>Underwood</surname>, <forename>J</forename>. <middlename>S</middlename>. <surname>Downie</surname></author>

						<author><forename>N</forename>. <middlename>N</middlename>. <surname>Parulian</surname>, <forename>R</forename>. <surname>Dubnicek</surname>, <forename>G</forename>. <surname>Worthey</surname>, <forename>D</forename>. <middlename>J</middlename>. <surname>Evans</surname>, <forename>J</forename>. <middlename>A</middlename>. <surname>Walsh</surname>, <forename>J</forename>. <middlename>S</middlename>. <surname>Downie</surname></author>

						<author><surname>Michel</surname>, <forename>J</forename>. <middlename>B</middlename>., <surname>Shen</surname>, <forename>Y</forename>. <middlename>K</middlename>., <surname>Aiden</surname>, <forename>A</forename>. <middlename>P</middlename>., <surname>Veres</surname>, <forename>A</forename>., <surname>Gray</surname>, <forename>M</forename>. <middlename>K</middlename>.</author>

						<author>&amp; <surname>Aiden</surname>, <forename>E</forename>. <middlename>L</middlename>.</author>

						<author><surname>Richey</surname>, <forename>S</forename>., &amp; <surname>Taylor</surname>, <forename>J</forename>. <middlename>B</middlename>.</author>

						<author><surname>El-Ebshihy</surname>, <forename>A</forename>., <surname>El-Makky</surname>, <forename>N</forename>. <middlename>M</middlename>., &amp; <surname>Nagi</surname>, <forename>K</forename>.</author>

						<author><surname>Hessel</surname>, <forename>J</forename>., &amp; <surname>Schofield</surname>, <forename>A</forename>.</author>

					</analytic>
				</biblStruct>
			</sourceDesc>
		</fileDesc>
	</teiHeader>
</TEI>
