<?xml version="1.0" encoding="UTF-8"?>
<tei xml:space="preserve" xmlns="http://www.tei-c.org/ns/1.0" xmlns:xlink="http://www.w3.org/1999/xlink" xmlns:mml="http://www.w3.org/1998/Math/MathML">
	<teiHeader>
		<fileDesc>
			<sourceDesc>
				<biblStruct>
					<analytic>

						<author>
							<persName>
								<forename>G</forename>.
								 <surname>Iacino</surname>,
							</persName>
							<persName>
								 <forename>P</forename>.
								 <surname>Kamocki</surname>,
							</persName>
							<persName>
								 <forename>P</forename>.
								 <surname>Leinen</surname>,
							</persName>
							<persName>
								 <forename>F</forename>.
								 <surname>Barth</surname>,
							</persName>
							<persName>
								 <forename>J</forename>.
								 <middlename>Calvo</middlename>
								 <surname>Tello</surname>,
							</persName>
							<persName>
								 <forename>K</forename>.
								 <surname>Du</surname>,
							</persName>
							<persName>
								 <forename>P</forename>.
								 <surname>Genêt</surname>,
							</persName>
							<persName>
								 <forename>L</forename>.
								 <surname>Keller</surname>,
							</persName>
							<persName>
								 <forename>J</forename>.
								 <surname>Knappen</surname>,
							</persName>
							<persName>
								 <forename>Liste</forename>
								 <surname>der Abgeleiteten</surname>
							</persName>
							<persName>
								 <forename>©</forename>
								 <surname>Iacino</surname>,
							</persName>
							<persName>
								 <forename>Paweł</forename>
								 <surname>Kamocki</surname>,
							</persName>
							<persName>
								 <forename>Keli</forename>
								 <surname>Du</surname>,
							</persName>
							<persName>
								 <forename>Christof</forename>
								 <surname>Schöch</surname>,
							</persName>
							<persName>
								 <forename>Andreas</forename>
								 <surname>Witt</surname>,
							</persName>
							<persName>
								 <forename>Philippe</forename>
								 <surname>Genêt</surname> and
							</persName>
							<persName>
								 <forename>José</forename>
								 <middlename>Calvo</middlename>
								 <surname>Tello</surname>
							</persName>
						</author>

					</analytic>
				</biblStruct>
			</sourceDesc>
		</fileDesc>
	</teiHeader>
</tei>
