<?xml version="1.0" ?>
<TEI xml:space="preserve" xmlns="http://www.tei-c.org/ns/1.0" xmlns:xlink="http://www.w3.org/1999/xlink" 
 xmlns:mml="http://www.w3.org/1998/Math/MathML">
	<teiHeader>
		<fileDesc>
			<sourceDesc>
				<biblStruct>
					<analytic>


						<author><forename>Sergio</forename> <surname>Maria Carbone</surname>, <forename>Professore</forename> <surname>Emerito</surname>, <forename>Università</forename> <surname>di Genova</surname> <forename>Roberta</forename> <surname>Clerici</surname>, <forename>Ordinario</forename> <middlename>f</middlename>.<middlename>r</middlename>. <surname>di Diritto Internazionale privato</surname></author>

						<author><forename>Maria</forename> <surname>Caterina</surname> <forename>Baruffi</forename></author>

						<author><forename>Bruno</forename> <surname>Barel</surname>, <forename>Associato</forename> <middlename>f</middlename>.<middlename>r</middlename>. <surname>di Diritto dell&apos;Unione europea</surname>, <forename>Università</forename> <surname>di Padova</surname> <forename>Marco</forename> <surname>Benvenuti</surname>, <forename>Ordinario</forename> <surname>di Istituzioni di Diritto pubblico</surname>, <forename>Università</forename> <surname>di</surname> <forename>Roma</forename></author>

						<author><forename>Ana</forename> <middlename>C</middlename>. <surname>Gallego Hernández</surname></author>

						<author><forename>Francesca</forename> <surname>Graziani</surname>, <forename>Associato</forename> <surname>di Diritto Internazionale</surname>, <forename>Università</forename> <surname>della Campania</surname> <forename>&quot;Luigi</forename> <surname>Vanvitelli</surname>&quot; <forename>Giancarlo</forename> <surname>Guarino</surname>, <forename>Ordinario</forename> <middlename>f</middlename>.<middlename>r</middlename>. <surname>di Diritto Internazionale</surname>, <forename>Università</forename> <surname>di Napoli</surname> <forename>&quot;</forename><surname>Federico</surname> <forename>II</forename></author>

						<author><forename>Alessandra</forename> <middlename>A</middlename>. <surname>Souza Silveira</surname></author>

						<author><forename>A</forename>. <middlename>L</middlename>. <surname>CALVO CARAVACA</surname>, <forename>J</forename>. CARRASCOSA <surname>GONZÁLEZ</surname></author>

						<author><forename>B</forename>. <middlename>J</middlename>. <surname>RODGER</surname>, <forename>M</forename>. SOUSA <surname>FERRO</surname> ; <forename>P</forename>. <surname>CARO</surname> DE <surname>SOUSA</surname></author>

						<author><forename>P</forename>.<middlename>L</middlename>. <surname>PARCU</surname>, <forename>G</forename>.</author>

						<author><forename>M</forename>. <surname>STRAND</surname>, <forename>V</forename>.</author>

						<author><forename>P</forename>. <surname>IANNUCCELLI</surname></author>

						<author><forename>G</forename>. <surname>BRUZZONE</surname>, <forename>A</forename>. <surname>SAIJA</surname></author>

						<author><forename>O</forename>. <surname>PALLOTTA</surname></author>

						<author><forename>W</forename>.<middlename>P</middlename>.<middlename>J</middlename>. <surname>WILS</surname></author>

						<author><forename>C</forename>. <surname>HONORATI</surname></author>

						<author><forename>A</forename>. <middlename>A</middlename>. <surname>EHRENZWEIG</surname> ; <forename>G</forename>. <surname>VAN HECKE ; K</surname>. <surname>LIPSTEIN</surname></author>

						<author><forename>J</forename>. <surname>NOWAG</surname>, <forename>L</forename>. <surname>TARKKILA</surname></author>

						<author><forename>L</forename>. <surname>IDOT</surname> ; <forename>P</forename>. <surname>GOFFINET</surname>, <forename>R</forename>. <surname>SPANGENBERG</surname></author>

						<author><forename>N</forename>. <surname>SAUVAGE</surname></author>

						<author><surname>Court of Justice</surname>, <forename>Grand</forename> <surname>Chamber</surname></author>

						<author><surname>Court of Justice</surname>, <forename>First</forename> <surname>Chamber</surname> <forename>; P; Court of</forename> <surname>Justice</surname>, <forename>Second</forename> <surname>Chamber</surname></author>

						<author><surname>Therefore</surname></author>

						<author><forename>S</forename>. <surname>SMITH</surname></author>

						<author><surname>Court of Justice</surname>, <forename>Third</forename> <surname>Chamber</surname></author>

						<author><forename>G</forename>. <surname>VAN CALSTER</surname></author>

						<author><forename>E</forename>.<middlename>B</middlename>. <surname>CRAWFORD</surname>, <forename>J</forename>. <middlename>M</middlename>. <surname>CARRUTHERS</surname></author>

						<author><surname>Court</surname> of <forename>Justice</forename></author>

						<author><forename>D</forename>. <surname>MARTINY</surname></author>

						<author><forename>W</forename>. <surname>WURMNEST</surname></author>

						<author><surname>Or</surname> <forename>;</forename> <middlename>M</middlename>. <surname>FALLON</surname>, <forename>S</forename>. <surname>FRANCQ</surname></author>

						<author><forename>P</forename>. <surname>MANKOWSKI</surname>, <forename>Art</forename></author>

						<author><forename>P</forename>. <surname>MANKOWSKI ; I</surname>, <forename>Köln</forename></author>

						<author><forename>E</forename>. <surname>LEIN</surname></author>

						<author><forename>M</forename>. <surname>BECKER</surname>, <forename>Kartelldeliktsrecht</forename></author>

						<author><forename>E</forename>. <surname>LEIN</surname></author>

						<author><forename>P</forename>. <surname>MANKOWSKI</surname></author>

						<author><forename>L</forename>. <surname>IDOT</surname>, <surname>Précisions</surname>, cit.</author>

						<author><forename>L</forename>. <surname>IDOT</surname></author>

						<author><surname>Court of Justice</surname>, <surname>Courage</surname>, cit.</author>

						<author><surname>Court of Justice</surname>, <forename>First</forename> <surname>Chamber</surname></author>

						<author><forename>M</forename>. REQUEJO <surname>ISIDRO</surname>, <forename>E</forename>. <surname>WAGNER</surname>, <forename>M</forename>. <surname>GARGANTINI</surname></author>

						<author><forename>P</forename>. <surname>MANKOWSKI</surname></author>

						<author><surname>Court of Justice</surname>, <forename>Fifth</forename> <surname>Chamber</surname></author>

						<author><forename>H</forename>. <surname>RÖSLER</surname></author>

						<author><forename>V</forename>. <surname>VAN</surname> DEN <surname>EECKHOUT</surname></author>

						<author><forename>L</forename>. <surname>MARI</surname> ; <forename>M</forename>. <surname>CARBONE</surname>, <forename>C</forename>. <surname>TUO</surname> ; <forename>M</forename>. REQUEJO <surname>ISIDRO</surname>, <forename>E</forename>. <surname>WAGNER</surname>, <forename>M</forename>. <surname>GARGANTINI</surname></author>

						<author><forename>P</forename>. <surname>MANKOWSKI</surname></author>

						<author><forename>P</forename>. <surname>MANKOWSKI</surname></author>

						<author><forename>P</forename>. <surname>PICONE</surname></author>

						<author><forename>J</forename>. <surname>BASEDOW</surname> ; <forename>M</forename>. <surname>BECKER</surname>, <forename>Kartelldeliktsrecht</forename></author>

						<author><forename>B</forename>. <surname>SCRABACK</surname>, <forename>Marktortanknüpfung</forename> <surname>bei Kartellen</surname><forename>?</forename></author>

						<author><surname>Therefore</surname> <forename>;</forename> <middlename>T</middlename>. <surname>HARTLEY</surname></author>

						<author><surname>Court</surname> of <forename>Justice</forename></author>

						<author><surname>Therefore</surname></author>

						<author><forename>R</forename>. <surname>FENTIMAN</surname></author>

						<author><surname>Court of Justice</surname>, <forename>First</forename> <surname>Chamber</surname></author>

						<author><surname>BPatG</surname></author>

						<author><forename>O</forename>. <surname>GEISS</surname>, <forename>D</forename>. <surname>HOSRT</surname></author>

						<author><forename>W</forename>. <surname>WURMNEST</surname></author>

						<author><forename>A</forename>. <surname>PATO</surname></author>

						<author><forename>L</forename>. <surname>IDOT</surname></author>

						<author><forename>L</forename>. <surname>RADEMACHER</surname></author>

						<author><forename>M</forename>. REQUEJO <surname>ISIDRO</surname>, <forename>E</forename>. <surname>WAGNER</surname>, <forename>M</forename>. <surname>GARGANTINI</surname></author>

						<author><forename>M</forename>. <surname>WELLER</surname>, <forename>J</forename>. <surname>WÄSCHLE</surname>, <surname>Kommentar</surname></author>

						<author><forename>D.-U</forename>. <surname>GALETTA</surname></author>

						<author><surname>Rome</surname> <forename>I</forename>), of 17 ; <forename>E</forename>. <middlename>RODRIGUEZ</middlename> <surname>PINEAU</surname></author>

						<author><surname>Wikingerhof</surname></author>

						<author><forename>C</forename>. <surname>HONORATI</surname> ; <forename>E</forename>. <middlename>RODRIGUEZ</middlename> <surname>PINEAU</surname></author>

						<author><forename>C</forename>. <surname>HONORATI</surname></author>

						<author><forename>T</forename>. <surname>ROSENKRANZ</surname>, <forename>E</forename>. <surname>ROHDE</surname></author>

						<author><forename>J</forename>. <surname>FITCHEN</surname> ; <forename>E</forename>. RODRIGUEZ <surname>PINEAU</surname> ; <forename>G</forename>. <surname>VAN CALSTER</surname></author>

						<author><surname>Court</surname> of <forename>Justice</forename></author>

						<author><forename>P</forename>. <surname>FRANZINA ; CE</surname>, cit. ; <forename>F</forename>. MARONGIU <surname>BUONAIUTI</surname></author>

						<author><surname>Therefore</surname></author>

						<author><forename>M</forename>. <surname>HELLNER</surname> ; <forename>T</forename>. <surname>ROSENKRANZ</surname>, <forename>E</forename>. <surname>ROHDE ; FRANCQ</surname>, <forename>W</forename>. <surname>WURMNEST</surname></author>

						<author><forename>W</forename>. <surname>WURMNEST</surname></author>

						<author><forename>J</forename>. <surname>FITCHEN</surname></author>

						<author><forename>E</forename>. <middlename>RODRIGUEZ</middlename> <surname>PINEAU</surname></author>

						<author><forename>E</forename>. RODRIGUEZ <surname>PINEAU</surname> ; <forename>P</forename>. <surname>MANKOWSKI</surname></author>

						<author><forename>S</forename>. <surname>FRANCQ</surname>, <forename>W</forename>. <surname>WURMNEST</surname></author>

						<author><forename>S</forename>. <surname>LAMONT-BLACK</surname>, <forename>E</forename>. <surname>GUINCHARD</surname></author>

						<author><forename>C</forename>. <surname>HONORATI</surname></author>

					</analytic>
				</biblStruct>
			</sourceDesc>
		</fileDesc>
	</teiHeader>
</TEI>
