<?xml version="1.0" ?>
<TEI xml:space="preserve" xmlns="http://www.tei-c.org/ns/1.0" xmlns:xlink="http://www.w3.org/1999/xlink" 
 xmlns:mml="http://www.w3.org/1998/Math/MathML">
	<teiHeader/>
	<text>
		<front/>
		<body/>
		<back>
<listBibl>
	<bibl><title level="a">Dr Jane Secker is Senior Lecturer in Educational Development at City</title>, <orgName>University of London</orgName>.</bibl>
	<bibl><title level="a">Chris Morrison is Copyright and Licensing Specialist at the Bodleian Libraries</title>, <orgName>University of Oxford</orgName>.</bibl>
	<bibl><title level="a">Frances Ridout is the Director of the Queen Mary Legal Advice Centre</title>, <orgName>Queen Mary University of London</orgName>. <title level="j">She is a Barrister and Senior Lecturer</title>.</bibl>
	<bibl>4 <publisher>CILIP Definition of Information Literacy</publisher> (<date>2018</date>) Available at: <ptr type="web">www.cilip.org.uk/news/421972/What-is-information-literacy</ptr>.<note>htm &lt;accessed 13.06.2022&gt;</note></bibl>
	<bibl>&quot;<title level="a">Creative Commons licenses give everyone from individual creators to large institutions a standardised way to grant the public permission to use their creative work under copyright law</title>.&quot; <ptr type="web">www.creativecommons.org/about/cclicences/ &lt;accessed 13.06</ptr>.<date>2022</date>&gt;.</bibl>
	<bibl><author>Cronin, C.</author>, <date>2017</date>. <title level="a">Openness and praxis: Exploring the use of open educational practices in higher education</title>. <title level="j">International Review of Research in Open and Distributed Learning: IRRODL</title>, <biblScope unit="volume">18</biblScope>(<biblScope unit="issue">5</biblScope>), pp.<biblScope unit="page">15-34</biblScope>.</bibl>
	<bibl>See <ptr type="web">https://en.wikipedia.org/wiki/Budapest_Open_Access_Initiative 85</ptr></bibl>
	<bibl>See UNESCO page on Open Educational Resources <ptr type="web">https://www.unesco.org/en/communication-information/open-solutions/open-educational-resources &lt;accessed 13.06</ptr>.<date>2022</date>&gt;.</bibl>
	<bibl><author>Per Lord Bingham</author> &quot;<title level="a">the law must be accessible and so far as possible intelligible, clear and predictable</title>.&quot; <author>Bingham, L.</author> (<date>2007</date>) &quot;<title level="a">THE RULE OF LAW</title>,&quot; <title level="j">The Cambridge Law Journal</title>. <publisher>Cambridge University Press</publisher>, <biblScope unit="volume">66</biblScope>(<biblScope unit="issue">1</biblScope>), pp. <biblScope unit="page">67-85</biblScope>.</bibl>
	<bibl><author>Arthurs, S., Cooperman, M., Gallagher, J., Grealy, F., Lunney, J., Marrs, R. and Roe, R.L.</author>, <date>2017</date>. <title level="a">From zero to 60: Building belief, capacity and community in Street Law instructors in one weekend</title>. <title level="j">Int&apos;l J. Clinical Legal Educ.</title>, <biblScope unit="volume">24</biblScope>, <biblScope unit="page">p.118</biblScope>.</bibl>
	<bibl><title level="m">Examples include, but are not limited to, those freely available from Street Law Inc</title>. <ptr type="web">https://store.streetlaw.org &lt;accessed 13.06</ptr>.<date>2022</date><author>&gt;, McQuoid-Mason, D.J.</author>, <date>1994</date>. <title level="a">Democracy for all: education towards a democratic culture</title>. <publisher>Juta and Company Ltd</publisher>. <ptr type="web">www.google.co.uk/books/edition/Democracy_for_All/Vgnu448i15IC?hl=en&amp;gbpv=1&amp;pg=PP1&amp;printsec=front</ptr></bibl>
	<bibl><author>Elaine Campbell</author> (<date>2015</date>) <title level="a">A dangerous method? Defending the rise of business law clinics in the UK</title>, <title level="j">The Law Teacher</title>, <biblScope unit="volume">49</biblScope>:<biblScope unit="issue">2</biblScope>, <biblScope unit="page">165-175</biblScope>.</bibl>
	<bibl><author>Hargreaves, I.</author> (<date>2011</date>). &apos;<title level="a">Digital Opportunity: A Review of Intellectual Property and Growth</title>&apos;.</bibl>
	<bibl><author>Secker J and Morrison C.</author> (<date>2016</date>) <title level="a">Copyright and E-learning: a guide for practitioners</title>. <title level="j">Facet Publishing: London. Chapter</title> <biblScope unit="volume">6</biblScope>: Copyright education and training: <ptr type="web">https://ukcopyrightliteracy.files.wordpress.com/2016/07/chapter</ptr>-<date>6_secker-m_copyright-e-learning-2nd-edn.pdf &lt;accessed 13.06.2022</date>&gt;. 15 <ptr type="web">https://copyrightliteracy.org/resources/copyright-the-card-game/ &lt;accessed 13.06.2022&gt;. 89</ptr></bibl>
	<bibl><author>Wakaruk, A., Gareau-Brennan, C., Pietrosanu, P.</author> (<date>2021</date>). <title level="a">Introducing the Copyright Anxiety Scale</title>. <title level="j">Journal of Copyright in Education and Librarianship</title>, <biblScope unit="volume">5</biblScope>(<biblScope unit="issue">1</biblScope>), <biblScope unit="page">1-38</biblScope> <ptr type="web">www.jcel-pub.org/article/view/15212 &lt;accessed 13.06</ptr>.<date>2022</date>&gt;. 17 <ptr type="web">https://www.gov.uk/government/publications/online-media-literacy-strategy &lt;accessed 13.06.2022&gt;. 91</ptr></bibl>
	<bibl><author>Gibbs G</author> (<date>1988</date>). <title level="a">Learning by Doing: A guide to teaching and learning methods. Further Education Unit</title>. <pubPlace>Oxford Polytechnic</pubPlace>: <pubPlace>Oxford</pubPlace>.</bibl>
	<bibl><title level="a">20 The National Co-ordinating Centre for Public Engagement describe the importance of &quot;an open, two-way conversation</title>&quot; <note>with communities</note> (<ptr type="web">https://www.publicengagement.ac.uk/about-engagement/what-public-engagement</ptr>) <note>&lt;accessed 13.06.2022&gt;</note></bibl>
	<bibl><title level="a">21 There are some excellent resources available such as &apos;Should it be a Crime?&apos; and &apos;Who gets a Heart</title>&apos; in: <author>Arthurs, S., Cooperman, M., Gallagher, J., Grealy, F., Lunney, J., Marrs, R. and Roe, R.L.</author>, <date>2017</date>. <title level="a">From zero to 60: Building belief, capacity and community in Street Law instructors in one weekend</title>. <title level="j">Int&apos;l J. Clinical Legal Educ.</title>, <biblScope unit="volume">24</biblScope>, <biblScope unit="page">p.118. 98</biblScope></bibl>
	<bibl><author>Wallace, A., &amp; Perdue, B.</author> (<date>2020</date>). <title level="a">Preparing Lawyers for Practice: Developing Cultural Competency, Communication Skills, and Content Knowledge through Street Law Programs</title>. <title level="j">Journal of Legal Education</title> (<note>forthcoming</note>).</bibl>
	<bibl><author>Thomas. L.</author>, <date>2018</date>, &apos;<title level="a">It puts the law they&apos;ve learnt in theory into practice</title>&apos;, <title level="j">Reimagining Clinical Legal Education. Bloomsbury Publishing</title>, <biblScope unit="page">127-154</biblScope>.</bibl>
	<bibl><author>Grimes. R, McQuoid-Mason. D, O&apos;Brien. E, Zimmer.J.</author>, (<date>2011</date>) <title level="a">StreetLaw and Social Justice Education The Global Clinical Movement</title>, <date>2011</date>, Edited by <editor>Bloch. F.</editor>, <publisher>Oxford University Press</publisher>. <note>100 25 &lt;accessed 13.06.2022&gt;</note>.</bibl>
	<bibl><title level="m">The full version of the documentary is available here</title>: <ptr type="web">https://www.youtube.com/watch?v=HM_nWsdbNvQ &lt;accessed 13.06</ptr>.<date>2022</date>&gt;.</bibl>
	<bibl>27 <ptr type="web">https://open.ed.ac.uk/how-to-guides-old/where-to-find-oers/ &lt;accessed 13.06</ptr>.<date>2022</date>&gt;. 28 <ptr type="web">https://www.streetlaw.org/ &lt;accessed 13.06</ptr>.<date>2022</date>&gt;.</bibl>
	<bibl><author>McQuoid-Mason, D. J.</author> (<date>1994</date>). <title level="a">Democracy for all: education towards a democratic culture</title>. <publisher>Juta and Company Ltd</publisher>.</bibl>
	<bibl><title level="m">30 See</title> <ptr type="web">https://copyrightliteracy.org/resources/copyright-the-card-game/ &lt;accessed 13.06</ptr>.<date>2022</date>&gt;. <biblScope unit="volume">104</biblScope> <note>Image of SFSs participating</note></bibl>

		</listBibl>
	</back>
	</text>
</TEI>
