<tei xml:space="preserve">
    <teiHeader>
        <fileDesc xml:id="_-1"/>
    </teiHeader>
    <text xml:lang="en">
        <listBibl>
        <bibl><label>1</label> Dr Jane Secker is Senior Lecturer in Educational Development at City, University of London.<lb/> </bibl>
        <bibl><label>2</label> Chris Morrison is Copyright and Licensing Specialist at the Bodleian Libraries, University of Oxford.<lb/> </bibl>
        <bibl><label>3</label> Frances Ridout is the Director of the Queen Mary Legal Advice Centre, Queen Mary University of<lb/> London. She is a Barrister and Senior Lecturer.<lb/> </bibl>
        <bibl><label>84</label><lb/> 4 CILIP Definition of Information Literacy (2018) Available at: www.cilip.org.uk/news/421972/What-is-<lb/>information-literacy.htm &lt;accessed 13.06.2022&gt;<lb/> </bibl>
        <bibl><label>5</label> &quot;Creative Commons licenses give everyone from individual creators to large institutions a standardised way to<lb/> grant the public permission to use their creative work under copyright law.&quot;<lb/> www.creativecommons.org/about/cclicences/ &lt;accessed 13.06.2022&gt;.<lb/> </bibl>
        <bibl><label>6</label> Cronin, C., 2017. Openness and praxis: Exploring the use of open educational practices in higher<lb/> education. International Review of Research in Open and Distributed Learning: IRRODL, 18(5), pp.15-34.<lb/> </bibl>
        <bibl><label>7</label> See https://en.wikipedia.org/wiki/Budapest_Open_Access_Initiative<lb/> 85<lb/> </bibl>
        <bibl><label>8</label> See UNESCO page on Open Educational Resources https://www.unesco.org/en/communication-<lb/>information/open-solutions/open-educational-resources &lt;accessed 13.06.2022&gt;.<lb/> </bibl>
        <bibl><label>9</label> Per Lord Bingham &quot;the law must be accessible and so far as possible intelligible, clear and predictable.&quot;<lb/> Bingham, L. (2007) &quot;THE RULE OF LAW,&quot; The Cambridge Law Journal. Cambridge University Press, 66(1),<lb/> pp. 67-85.<lb/> </bibl>
        <bibl><label>10</label> Arthurs, S., Cooperman, M., Gallagher, J., Grealy, F., Lunney, J., Marrs, R. and Roe, R.L., 2017. From zero<lb/> to 60: Building belief, capacity and community in Street Law instructors in one weekend. Int&apos;l J. Clinical Legal<lb/> Educ., 24, p.118.<lb/> </bibl>
        <bibl><label>11</label> Examples include, but are not limited to, those freely available from Street Law Inc. https://store.streetlaw.org<lb/> &lt;accessed 13.06.2022&gt;, McQuoid-Mason, D.J., 1994. Democracy for all: education towards a democratic<lb/> culture. Juta and Company Ltd.<lb/> www.google.co.uk/books/edition/Democracy_for_All/Vgnu448i15IC?hl=en&amp;gbpv=1&amp;pg=PP1&amp;printsec=front<lb/> </bibl>

        86<lb/> Social justice<lb/> equity and<lb/> access to<lb/> information<lb/> • Pro-bono / free<lb/> • Empowering<lb/> communities<lb/> • Collaboration<lb/> • Democratising<lb/> • Demystifying<lb/> • Decoding the law<lb/> • Confidence accessing law<lb/> • Learner-centred knowledge<lb/> discovery<lb/> • Open Licensing<lb/> • Open access publishing<lb/> • All rights reserved vs Creative Commons<lb/> 88<lb/> 
        <bibl><label>12</label> Elaine Campbell (2015) A dangerous method? Defending the rise of business law clinics in the UK, The Law<lb/> Teacher, 49:2, 165-175.<lb/> </bibl>
        <bibl><label>13</label> Hargreaves, I. (2011). &apos;Digital Opportunity: A Review of Intellectual Property and Growth&apos;.<lb/> </bibl>
        <bibl><label>14</label> Secker J and Morrison C. (2016) Copyright and E-learning: a guide for practitioners. Facet Publishing:<lb/> London. Chapter 6: Copyright education and training:<lb/> https://ukcopyrightliteracy.files.wordpress.com/2016/07/chapter-6_secker-m_copyright-e-learning-2nd-edn.pdf<lb/> &lt;accessed 13.06.2022&gt;.<lb/> 15 https://copyrightliteracy.org/resources/copyright-the-card-game/ &lt;accessed 13.06.2022&gt;.<lb/> 89<lb/> </bibl>
        <bibl><label>16</label> Wakaruk, A., Gareau-Brennan, C., Pietrosanu, P. (2021). Introducing the Copyright Anxiety Scale. Journal of<lb/> Copyright in Education and Librarianship, 5(1), 1-38 www.jcel-pub.org/article/view/15212 &lt;accessed<lb/> 13.06.2022&gt;.<lb/> 17 https://www.gov.uk/government/publications/online-media-literacy-strategy &lt;accessed 13.06.2022&gt;.<lb/> 91<lb/> </bibl>
        <bibl><label>19</label> Gibbs G (1988). Learning by Doing: A guide to teaching and learning methods. Further Education Unit.<lb/> Oxford Polytechnic: Oxford.<lb/> </bibl>
        <bibl><label>95</label><lb/> 20 The National Co-ordinating Centre for Public Engagement describe the importance of &quot;an open, two-way<lb/> conversation&quot; with communities (https://www.publicengagement.ac.uk/about-engagement/what-public-<lb/>engagement) &lt;accessed 13.06.2022&gt;<lb/> </bibl>
        <bibl><label>96</label><lb/> 21 There are some excellent resources available such as &apos;Should it be a Crime?&apos; and &apos;Who gets a Heart&apos; in:<lb/> Arthurs, S., Cooperman, M., Gallagher, J., Grealy, F., Lunney, J., Marrs, R. and Roe, R.L., 2017. From zero to<lb/> 60: Building belief, capacity and community in Street Law instructors in one weekend. Int&apos;l J. Clinical Legal<lb/> Educ., 24, p.118.<lb/> 98<lb/> </bibl>
        <bibl><label>22</label> Wallace, A., &amp; Perdue, B. (2020). Preparing Lawyers for Practice: Developing Cultural Competency,<lb/> Communication Skills, and Content Knowledge through Street Law Programs. Journal of Legal Education<lb/> (forthcoming).<lb/> </bibl>
        <bibl><label>23</label> Thomas. L., 2018, &apos;It puts the law they&apos;ve learnt in theory into practice&apos;, Reimagining Clinical Legal<lb/> Education. Bloomsbury Publishing, 127-154.<lb/> </bibl>
        <bibl><label>24</label> Grimes. R, McQuoid-Mason. D, O&apos;Brien. E, Zimmer.J., (2011) StreetLaw and Social Justice Education The<lb/> Global Clinical Movement, 2011, Edited by Bloch. F., Oxford University Press.<lb/> 100<lb/> 25 &lt;accessed 13.06.2022&gt;.<lb/> </bibl>
        <bibl><label>26</label> The full version of the documentary is available here: https://www.youtube.com/watch?v=HM_nWsdbNvQ<lb/> &lt;accessed 13.06.2022&gt;.<lb/> </bibl>
        <bibl><label>102</label><lb/> 27 https://open.ed.ac.uk/how-to-guides-old/where-to-find-oers/ &lt;accessed 13.06.2022&gt;.<lb/> 28 https://www.streetlaw.org/ &lt;accessed 13.06.2022&gt;.<lb/> </bibl>
        <bibl><label>29</label> McQuoid-Mason, D. J. (1994). Democracy for all: education towards a democratic culture. Juta and<lb/> Company Ltd.<lb/> </bibl>
        <bibl><label>103</label><lb/> 30 See https://copyrightliteracy.org/resources/copyright-the-card-game/ &lt;accessed 13.06.2022&gt;.<lb/> 104<lb/> Image of SFSs participating</bibl>
        </listBibl>
    </text>
</tei>

